/* Auto-generated by extract_samples.py from cbnote.html */
#pragma once

typedef struct {
    const char          *name;
    const unsigned char *data;
    unsigned int         size;
} SampleEntry;

static const unsigned char s_harp[] = {
    0x4f,0x67,0x67,0x53,0x00,0x02,0x00,0x00,0x00,0x00,0x00,0x00,0x00,0x00,0x99,0x2a,
    0x8e,0xaa,0x00,0x00,0x00,0x00,0x4d,0x1b,0xcc,0x7e,0x01,0x1e,0x01,0x76,0x6f,0x72,
    0x62,0x69,0x73,0x00,0x00,0x00,0x00,0x01,0x09,0x56,0x00,0x00,0xff,0xff,0xff,0xff,
    0x00,0x7d,0x00,0x00,0xff,0xff,0xff,0xff,0xa9,0x01,0x4f,0x67,0x67,0x53,0x00,0x00,
    0x00,0x00,0x00,0x00,0x00,0x00,0x00,0x00,0x99,0x2a,0x8e,0xaa,0x01,0x00,0x00,0x00,
    0xb8,0x0b,0x56,0xc4,0x0e,0x32,0xff,0xff,0xff,0xff,0xff,0xff,0xff,0xff,0xff,0xff,
    0xff,0xff,0xc5,0x03,0x76,0x6f,0x72,0x62,0x69,0x73,0x0b,0x00,0x00,0x00,0x4c,0x61,
    0x76,0x66,0x35,0x33,0x2e,0x32,0x34,0x2e,0x32,0x01,0x00,0x00,0x00,0x13,0x00,0x00,
    0x00,0x65,0x6e,0x63,0x6f,0x64,0x65,0x72,0x3d,0x4c,0x61,0x76,0x66,0x35,0x33,0x2e,
    0x32,0x34,0x2e,0x32,0x01,0x05,0x76,0x6f,0x72,0x62,0x69,0x73,0x22,0x42,0x43,0x56,
    0x01,0x00,0x40,0x00,0x00,0x18,0x42,0x10,0x2a,0x05,0xad,0x63,0x8e,0x3a,0xc8,0x15,
    0x21,0x8c,0x19,0xa2,0xa0,0x42,0xca,0x29,0xc7,0x1d,0x42,0xd0,0x21,0xa3,0x24,0x43,
    0x88,0x3a,0xc6,0x35,0xc7,0x18,0x63,0x47,0xb9,0x64,0x8a,0x42,0xc9,0x81,0xd0,0x90,
    0x55,0x00,0x00,0x40,0x00,0x00,0xa4,0x1c,0x57,0x50,0x72,0x49,0x2d,0xe7,0x9c,0x73,
    0xa3,0x18,0x57,0xcc,0x71,0xe8,0x20,0xe7,0x9c,0x73,0xe5,0x20,0x67,0xcc,0x71,0x09,
    0x25,0xe7,0x9c,0x73,0x8e,0x39,0xe7,0x92,0x72,0x8e,0x31,0xe7,0x9c,0x73,0xa3,0x18,
    0x57,0x0e,0x72,0x29,0x2d,0xe7,0x9c,0x73,0x81,0x14,0x47,0x8a,0x71,0xa7,0x18,0xe7,
    0x9c,0x73,0xa4,0x1c,0x47,0x8a,0x71,0xa8,0x18,0xe7,0x9c,0x73,0x6d,0x31,0xb7,0x92,
    0x72,0xce,0x39,0xe7,0x9c,0x73,0xe6,0x20,0x87,0x52,0x72,0xae,0x35,0xe7,0x9c,0x73,
    0xa4,0x18,0x67,0x0e,0x72,0x0b,0x25,0xe7,0x9c,0x73,0xc6,0x20,0x67,0xcc,0x71,0xeb,
    0x20,0xe7,0x9c,0x73,0x8c,0x35,0xb7,0xd4,0x72,0xce,0x39,0xe7,0x9c,0x73,0xce,0x39,
    0xe7,0x9c,0x73,0xce,0x39,0xe7,0x9c,0x73,0x8c,0x31,0xe7,0x9c,0x73,0xce,0x39,0xe7,
    0x9c,0x73,0x6e,0x31,0xe7,0x16,0x73,0xae,0x39,0xe7,0x9c,0x73,0xce,0x39,0xe7,0x1c,
    0x73,0xce,0x39,0xe7,0x9c,0x73,0x20,0x34,0x64,0x15,0x00,0x90,0x00,0x00,0xa0,0xa1,
    0x28,0x8a,0xe2,0x28,0x0e,0x10,0x1a,0xb2,0x0a,0x00,0xc8,0x00,0x00,0x10,0x40,0x71,
    0x14,0x47,0x91,0x14,0x4b,0xb1,0x1c,0xcb,0xd1,0x24,0x0d,0x08,0x0d,0x59,0x05,0x00,
    0x00,0x01,0x00,0x08,0x00,0x00,0xa0,0x48,0x86,0xa4,0x48,0x8a,0xa5,0x58,0x8e,0x66,
    0x69,0x9e,0x26,0x7a,0xa2,0x28,0x9a,0xa2,0x2a,0xab,0xb2,0x69,0xca,0xb2,0x2c,0xcb,
    0xb2,0xeb,0xba,0x2e,0x10,0x1a,0xb2,0x0a,0x00,0x48,0x00,0x00,0x50,0x51,0x14,0xc5,
    0x70,0x14,0x07,0x08,0x0d,0x59,0x05,0x00,0x64,0x00,0x00,0x08,0x60,0x28,0x8a,0xa3,
    0x38,0x8e,0xe4,0x58,0x92,0xa5,0x59,0x9e,0x07,0x84,0x86,0xac,0x02,0x00,0x80,0x00,
    0x00,0x04,0x00,0x00,0x50,0x0c,0x47,0xb1,0x14,0x4d,0xf1,0x24,0xcf,0xf2,0x3c,0xcf,
    0xf3,0x3c,0xcf,0xf3,0x3c,0xcf,0xf3,0x3c,0xcf,0xf3,0x3c,0xcf,0xf3,0x3c,0xcf,0xf3,
    0x3c,0x0d,0x08,0x0d,0x59,0x05,0x00,0x20,0x00,0x00,0x00,0x82,0x28,0x64,0x18,0x03,
    0x42,0x43,0x56,0x01,0x00,0x40,0x00,0x00,0x08,0x21,0x1a,0x19,0x43,0x9d,0x52,0x12,
    0x5c,0x0a,0x16,0x42,0x1c,0x11,0x43,0x1d,0x42,0xce,0x43,0xa9,0xa5,0x83,0xe0,0x29,
    0x85,0x25,0x63,0xd2,0x53,0xac,0x41,0x08,0x21,0x7c,0xef,0x3d,0xf7,0xde,0x7b,0xef,
    0x81,0xd0,0x90,0x55,0x00,0x00,0x10,0x00,0x00,0x61,0x14,0x38,0x88,0x81,0xc7,0x24,
    0x08,0x21,0x84,0x62,0x14,0x27,0x44,0x71,0xa6,0x20,0x08,0x21,0x84,0xe5,0x24,0x58,
    0xca,0x79,0xe8,0x24,0x08,0xdd,0x83,0x10,0x42,0xb8,0x9c,0x7b,0xcb,0xb9,0xf7,0xde,
    0x7b,0x20,0x34,0x64,0x15,0x00,0x00,0x08,0x00,0xc0,0x20,0x84,0x10,0x42,0x08,0x21,
    0x84,0x10,0x42,0x08,0x29,0xa4,0x94,0x52,0x48,0x29,0xa6,0x98,0x62,0x8a,0x29,0xc7,
    0x1c,0x73,0xcc,0x31,0xc7,0x20,0x83,0x0c,0x32,0xe8,0xa0,0x93,0x4e,0x3a,0xc9,0xa4,
    0x92,0x4e,0x3a,0xca,0x24,0xa3,0x8e,0x52,0x6b,0x29,0xb5,0x14,0x53,0x4c,0xb1,0xe5,
    0x16,0x63,0xad,0xb5,0xd6,0x9c,0x73,0xaf,0x41,0x29,0x63,0x8c,0x31,0xc6,0x18,0x63,
    0x8c,0x31,0xc6,0x18,0x63,0x8c,0x31,0xc6,0x18,0x23,0x08,0x0d,0x59,0x05,0x00,0x80,
    0x00,0x00,0x10,0x06,0x19,0x64,0x90,0x41,0x08,0x21,0x84,0x14,0x52,0x48,0x29,0xa6,
    0x98,0x72,0xcc,0x31,0xc7,0x1c,0x03,0x42,0x43,0x56,0x01,0x00,0x80,0x00,0x00,0x02,
    0x00,0x00,0x00,0x1c,0x45,0x52,0x24,0x47,0x72,0x24,0x47,0x92,0x24,0xc9,0x92,0x2c,
    0x49,0x93,0x3c,0xcb,0xb3,0x3c,0xcb,0xb3,0x3c,0x4d,0xd4,0x44,0x4d,0x15,0x55,0xd5,
    0x55,0x6d,0xd7,0xf6,0x6d,0x5f,0xf6,0x6d,0xdf,0xd5,0x65,0xdf,0xf6,0x65,0xdb,0xd5,
    0x65,0x5d,0x96,0x65,0xdd,0xb5,0x6d,0x5d,0xd6,0x5d,0x5d,0xd7,0x75,0x5d,0xd7,0x75,
    0x5d,0xd7,0x75,0x5d,0xd7,0x75,0x5d,0xd7,0x75,0x5d,0xd7,0x81,0xd0,0x90,0x55,0x00,
    0x80,0x04,0x00,0x80,0x8e,0xe4,0x38,0x8e,0xe4,0x38,0x8e,0xe4,0x48,0x8e,0xa4,0x48,
    0x0a,0x10,0x1a,0xb2,0x0a,0x00,0x90,0x01,0x00,0x10,0x00,0x80,0xa3,0x38,0x8a,0xe3,
    0x48,0x8e,0xe4,0x58,0x8e,0x25,0x59,0x92,0x26,0x69,0x96,0x67,0x79,0x96,0xa7,0x79,
    0x9a,0xa8,0x89,0x1e,0x10,0x1a,0xb2,0x0a,0x00,0x00,0x04,0x00,0x10,0x00,0x00,0x00,
    0x00,0x00,0x80,0xa2,0x28,0x8a,0xa3,0x38,0x8e,0x24,0x59,0x96,0xa6,0x69,0x9e,0xa7,
    0x7a,0xa2,0x28,0x9a,0xaa,0xaa,0x8a,0xa6,0xa9,0xaa,0xaa,0x6a,0x9a,0xa6,0x69,0x9a,
    0xa6,0x69,0x9a,0xa6,0x69,0x9a,0xa6,0x69,0x9a,0xa6,0x69,0x9a,0xa6,0x69,0x9a,0xa6,
    0x69,0x9a,0xa6,0x69,0x9a,0xa6,0x69,0x9a,0xa6,0x69,0x9a,0xa6,0x69,0x02,0xa1,0x21,
    0xab,0x00,0x00,0x09,0x00,0x00,0x1d,0xc7,0x71,0x1c,0x47,0x71,0x1c,0xc7,0x71,0x24,
    0x47,0x92,0x24,0x20,0x34,0x64,0x15,0x00,0x20,0x03,0x00,0x20,0x00,0x00,0x43,0x51,
    0x1c,0x45,0x72,0x2c,0xc7,0x92,0x34,0x4b,0xb3,0x3c,0xcb,0xd3,0x44,0xcf,0xf4,0x5c,
    0x51,0x36,0x75,0x53,0x57,0x6d,0x20,0x34,0x64,0x15,0x00,0x00,0x08,0x00,0x20,0x00,
    0x00,0x00,0x00,0x00,0x00,0xc7,0x73,0x3c,0xc7,0x73,0x3c,0xc9,0x93,0x3c,0xcb,0x73,
    0x3c,0xc7,0x93,0x3c,0x49,0xd3,0x34,0x4d,0xd3,0x34,0x4d,0xd3,0x34,0x4d,0xd3,0x34,
    0x4d,0xd3,0x34,0x4d,0xd3,0x34,0x4d,0xd3,0x34,0x4d,0xd3,0x34,0x4d,0xd3,0x34,0x4d,
    0xd3,0x34,0x4d,0xd3,0x34,0x4d,0xd3,0x34,0x4d,0xd3,0x34,0x4d,0xd3,0x34,0x4d,0x03,
    0x42,0x43,0x56,0x02,0x00,0x64,0x00,0x00,0x10,0x93,0x90,0x4a,0x4e,0xb1,0x57,0x46,
    0x29,0xc6,0x24,0xb4,0x5e,0x2a,0xa4,0x14,0x93,0xd4,0x7b,0xa8,0x98,0x62,0x4c,0x3a,
    0xed,0xa9,0x42,0x06,0x29,0x07,0xb9,0x87,0x4a,0x21,0xa5,0xa0,0xd3,0xde,0x32,0xa5,
    0x90,0x52,0x0c,0x7b,0xa7,0x98,0x42,0xc8,0x18,0xea,0xa1,0x83,0x90,0x31,0x85,0xb0,
    0xd7,0xda,0x73,0xcf,0xbd,0xf7,0x1e,0x08,0x0d,0x59,0x11,0x00,0x44,0x01,0x00,0x00,
    0xc6,0x20,0xc6,0x10,0x63,0xc8,0x31,0x26,0x25,0x83,0x12,0x31,0xc7,0x24,0x64,0x52,
    0x22,0xe7,0x9c,0x94,0x4e,0x4a,0x26,0xa5,0xa4,0x56,0x5a,0xcc,0xa4,0x84,0x98,0x4a,
    0x8b,0x91,0x73,0x4e,0x4a,0x27,0x25,0x93,0x52,0x5a,0x0b,0xa9,0x65,0x92,0x4a,0x6b,
    0x25,0xa6,0x02,0x00,0x00,0x02,0x1c,0x00,0x00,0x02,0x2c,0x84,0x42,0x43,0x56,0x04,
    0x00,0x51,0x00,0x00,0x88,0x31,0x48,0x29,0xa4,0x14,0x52,0x4a,0x31,0xa7,0x98,0x43,
    0x4a,0x29,0xc7,0x94,0x63,0x48,0x29,0xe5,0x9c,0x72,0x4e,0x39,0xc7,0x98,0x74,0x10,
    0x2a,0xe7,0x18,0x74,0x0e,0x4a,0xa4,0x94,0x72,0x8e,0x39,0xa7,0x9c,0x73,0x12,0x32,
    0x07,0x95,0x73,0x0e,0x42,0x26,0x9d,0x00,0x00,0x80,0x00,0x07,0x00,0x80,0x00,0x0b,
    0xa1,0xd0,0x90,0x15,0x01,0x40,0x9c,0x00,0x00,0x80,0x90,0x73,0x8a,0x31,0x08,0x11,
    0x63,0x10,0x42,0x09,0x29,0x85,0x50,0x52,0xaa,0x9c,0x93,0xd2,0x41,0x49,0xa9,0x83,
    0x92,0x52,0x49,0xa9,0xc5,0x92,0x52,0x8c,0x95,0x73,0x52,0x3a,0x09,0x29,0x75,0x12,
    0x52,0x2a,0x29,0xc5,0x58,0x52,0x8a,0x2d,0xa4,0x54,0x63,0x69,0x2d,0xd7,0xd2,0x52,
    0x8d,0x2d,0xc6,0x9c,0x5b,0x8c,0xbd,0x86,0x94,0x62,0x2d,0xa9,0xd5,0x5a,0x5a,0xab,
    0xb9,0xc5,0x58,0x73,0x8b,0x35,0xf7,0xc8,0x39,0x4a,0x9d,0x94,0xd6,0x3a,0x29,0xad,
    0xa5,0xd6,0x6a,0x4d,0xad,0xd5,0xda,0x49,0x69,0x2d,0xa4,0xd6,0x62,0x69,0x2d,0xc6,
    0xd6,0x62,0xcd,0x29,0xc6,0x9c,0x33,0x29,0xad,0x85,0x96,0x62,0x2b,0xa9,0xc5,0xd8,
    0x62,0xcb,0x35,0xb5,0x98,0x73,0x69,0x2d,0xd7,0x14,0x63,0xcf,0x29,0xc6,0x9e,0x6b,
    0xac,0xb9,0xc7,0x9c,0x83,0x30,0xad,0xd5,0x9c,0x5a,0xcb,0x39,0xc5,0x98,0x7b,0xcc,
    0xb1,0xe7,0x98,0x73,0x0f,0x92,0x73,0x94,0x3a,0x29,0xad,0x75,0x52,0x5a,0x4b,0xad,
    0xd5,0x9a,0x5a,0xab,0x35,0x93,0xd2,0x5a,0x69,0xad,0xc6,0x90,0x5a,0x8b,0x2d,0xc6,
    0x9c,0x5b,0x8b,0x31,0x67,0x52,0x5a,0x2c,0xa9,0xc5,0x58,0x5a,0x8a,0x31,0xc5,0x98,
    0x73,0x8b,0x2d,0xd7,0xd0,0x5a,0xae,0x29,0xc6,0x9c,0x53,0x8b,0x39,0xc7,0x5a,0x83,
    0x92,0xb1,0xf6,0x5e,0x5a,0xab,0x39,0xc5,0x98,0x7b,0x8a,0xad,0xe7,0x98,0x73,0x30,
    0x36,0xc7,0x9e,0x3b,0x4a,0xb9,0x96,0xd6,0x7a,0x2e,0xad,0xf5,0x5e,0x73,0x2e,0x42,
    0xd6,0xdc,0x8b,0x68,0x2d,0xe7,0xd4,0x6a,0x0f,0x2a,0xc6,0x9e,0x73,0xce,0xc1,0xd8,
    0xdc,0x83,0x10,0xad,0xe5,0x9c,0x6a,0xec,0x3d,0xc5,0xd8,0x7b,0xee,0x39,0x18,0xdb,
    0x73,0xf0,0xad,0xd6,0xe0,0x5b,0xcd,0x45,0xc8,0x9c,0x83,0xd0,0xb9,0xf8,0xa6,0x7b,
    0x30,0x46,0xd5,0xda,0x83,0xcc,0xb5,0x08,0x99,0x73,0x10,0x3a,0xe8,0x22,0x74,0xf0,
    0xc9,0x78,0x94,0x6a,0x2e,0xad,0xe5,0x5c,0x5a,0xeb,0x3d,0xd6,0x1a,0x7c,0xcd,0x39,
    0x08,0xd1,0x5a,0xee,0x29,0xc6,0xde,0x53,0x8b,0xbd,0xd7,0x9e,0x9b,0xb0,0xbd,0x07,
    0x21,0x5a,0xcb,0x3d,0xc5,0xd8,0x83,0x8a,0x31,0xf8,0x9a,0x73,0x30,0x3a,0xe7,0x62,
    0x54,0xad,0xc1,0xc7,0x9c,0x83,0x90,0xb5,0x16,0xa1,0x7b,0x2f,0x4a,0xe7,0x20,0x94,
    0xaa,0xb5,0x07,0x99,0x6b,0x50,0x32,0xd7,0x22,0x74,0xf0,0xc5,0xe8,0xa0,0x8b,0x2f,
    0x00,0x00,0x60,0xc0,0x01,0x00,0x20,0xc0,0x84,0x32,0x50,0x68,0xc8,0x8a,0x00,0x20,
    0x4e,0x00,0x80,0x41,0xc8,0x39,0xa5,0x18,0x84,0x4a,0x29,0x08,0xa1,0x84,0x94,0x42,
    0x28,0x29,0x55,0x8c,0x49,0xc8,0x98,0x83,0x92,0x31,0x27,0xa5,0x94,0x52,0x5a,0x08,
    0x25,0xb5,0x8a,0x31,0x08,0x99,0x63,0x52,0x32,0xc7,0xa4,0x84,0x12,0x5a,0x2a,0x25,
    0xb4,0x12,0x4a,0x69,0xa9,0x94,0xd2,0x5a,0x28,0xa5,0xb5,0x96,0x5a,0x8c,0x29,0xb5,
    0x16,0x43,0x29,0xa9,0x85,0x52,0x5a,0x2b,0xa5,0xb4,0x96,0x5a,0xaa,0x31,0xb5,0x56,
    0x63,0xc4,0x98,0x94,0xcc,0x39,0x29,0x99,0x63,0x52,0x4a,0x29,0xad,0x95,0x52,0x5a,
    0xab,0x1c,0x93,0x92,0x31,0x28,0xa9,0x83,0x90,0x4a,0x29,0x29,0xc5,0x52,0x52,0x8b,
    0x95,0x73,0x52,0x32,0xe8,0xa8,0x74,0x10,0x4a,0x2a,0xa9,0xc4,0x54,0x52,0x69,0xad,
    0xa4,0xd2,0x52,0x29,0xa5,0xc5,0x92,0x52,0x6c,0x29,0xc5,0x54,0x5b,0x8b,0xb5,0x86,
    0x52,0x5a,0x2c,0xa9,0xc4,0x56,0x52,0x6a,0x31,0xb5,0x54,0x5b,0x8b,0x31,0xd7,0x88,
    0x31,0x29,0x19,0x73,0x52,0x32,0xe7,0xa4,0x94,0x52,0x52,0x2b,0xa5,0xb4,0x96,0x39,
    0x27,0xa5,0x83,0x8e,0x4a,0xe6,0xa0,0xa4,0x92,0x52,0x6b,0xa5,0xa4,0x14,0x33,0xe6,
    0xa4,0x74,0x0e,0x4a,0xca,0x20,0xa3,0x52,0x52,0x8a,0x2d,0xa5,0x12,0x53,0x28,0xa5,
    0xb5,0x92,0x52,0x6c,0xa5,0xa4,0xd6,0x5a,0x8c,0xb5,0xa6,0xd4,0x5a,0x2d,0x25,0xb5,
    0x56,0x52,0x6a,0xb1,0x94,0x12,0x5b,0x8b,0x31,0xd7,0x16,0x4b,0x4d,0x9d,0x94,0xd6,
    0x4a,0x2a,0x31,0x86,0x52,0x5a,0x6b,0x31,0xe6,0x9a,0x5a,0x8b,0x31,0x94,0x12,0x5b,
    0x29,0x29,0xc6,0x92,0x4a,0x6c,0xad,0xc5,0x9a,0x5b,0x6c,0x39,0x86,0x52,0x5a,0x2c,
    0xa9,0xc4,0x56,0x4a,0x6a,0xb1,0xd5,0x96,0x63,0x6b,0xb1,0xe6,0xd4,0x52,0x8d,0x29,
    0xb5,0x9a,0x5b,0x6c,0xb9,0xc6,0x94,0x53,0x8f,0xb5,0xf6,0x9c,0x5a,0xab,0x35,0xb5,
    0x54,0x63,0x6b,0xb1,0xe6,0x58,0x5b,0x6f,0xb5,0xd6,0x9c,0x3b,0x29,0xad,0x85,0x52,
    0x5a,0x2b,0x25,0xc5,0x98,0x5a,0x8b,0xb1,0xc5,0x58,0x73,0x28,0x25,0xb6,0x92,0x52,
    0x6c,0xa5,0xa4,0x18,0x5b,0x6c,0xb9,0xb6,0x16,0x63,0x0f,0xa1,0xb4,0x58,0x4a,0x6a,
    0xb1,0xa4,0x12,0x63,0x6b,0x31,0xe6,0x18,0x5b,0x8e,0xa9,0xb5,0x5a,0x5b,0x6c,0xb9,
    0xa6,0xd4,0x62,0xad,0xb5,0xf6,0x1c,0x5b,0x6e,0x3d,0xa5,0x16,0x6b,0x8b,0xb1,0xe6,
    0xd2,0x52,0x8d,0x35,0xd7,0xde,0x63,0x4d,0x39,0x15,0x00,0x00,0x30,0xe0,0x00,0x00,
    0x10,0x60,0x42,0x19,0x28,0x34,0x64,0x25,0x00,0x10,0x05,0x00,0x00,0x18,0xc3,0x18,
    0x63,0x10,0x1a,0xa5,0x9c,0x73,0x4e,0x4a,0x83,0x94,0x73,0xce,0x49,0xc9,0x9c,0x83,
    0x10,0x42,0x4a,0x99,0x73,0x10,0x42,0x48,0x29,0x73,0x4e,0x42,0x4a,0x2d,0x65,0xce,
    0x41,0x48,0xa9,0xb5,0x50,0x4a,0x4a,0xad,0xc5,0x16,0x4a,0x49,0xa9,0xb5,0x16,0x0b,
    0x00,0x00,0x28,0x70,0x00,0x00,0x08,0xb0,0x41,0x53,0x62,0x71,0x80,0x42,0x43,0x56,
    0x02,0x00,0x51,0x00,0x00,0x88,0x31,0x4a,0x31,0x06,0xa1,0x31,0x46,0x29,0xe7,0x20,
    0x34,0xc6,0x28,0xc5,0x18,0x84,0x4a,0x29,0xc6,0x9c,0x93,0x50,0x29,0xc5,0x98,0x73,
    0x50,0x32,0xc7,0x9c,0x83,0x50,0x4a,0xe6,0x9c,0x73,0x10,0x4a,0x09,0x21,0x94,0x52,
    0x4a,0x4a,0x21,0x84,0x52,0x4a,0x49,0xa9,0x00,0x00,0x80,0x02,0x07,0x00,0x80,0x00,
    0x1b,0x34,0x25,0x16,0x07,0x28,0x34,0x64,0x45,0x00,0x10,0x05,0x00,0x00,0x18,0x63,
    0x9c,0x33,0xce,0x21,0x0a,0x9d,0xa5,0xce,0x52,0x24,0xa9,0xa3,0xd6,0x51,0x6b,0x28,
    0xa5,0x1a,0x4b,0x8c,0x9d,0xc6,0x56,0x7b,0xeb,0xb9,0xd3,0x1a,0x7b,0x6d,0xb9,0x37,
    0x94,0x4a,0x8d,0xa9,0xd6,0x8e,0x6b,0xcb,0xb9,0xd5,0xde,0x69,0x4d,0x3d,0xb7,0x1c,
    0x0b,0x00,0x00,0x3b,0x70,0x00,0x00,0x3b,0xb0,0x10,0x0a,0x0d,0x59,0x09,0x00,0xe4,
    0x01,0x00,0x10,0xc6,0x28,0xc5,0x98,0x73,0xce,0x19,0x85,0x18,0x73,0xce,0x39,0xe7,
    0x0c,0x52,0x8c,0x39,0xe7,0x9c,0x73,0x8a,0x31,0xe7,0x9c,0x83,0x10,0x42,0xc5,0x98,
    0x73,0xce,0x41,0x08,0x21,0x73,0xce,0x39,0x08,0xa1,0x84,0x92,0x39,0xe7,0x1c,0x84,
    0x10,0x4a,0xe8,0x9c,0x83,0x50,0x4a,0x29,0xa5,0x74,0xce,0x41,0x08,0xa1,0x94,0x52,
    0x3a,0xe7,0x20,0x84,0x52,0x4a,0x29,0x9d,0x73,0x10,0x4a,0x29,0xa5,0x94,0x02,0x00,
    0x80,0x0a,0x1c,0x00,0x00,0x02,0x6c,0x14,0xd9,0x9c,0x60,0x24,0xa8,0xd0,0x90,0x95,
    0x00,0x40,0x1e,0x00,0x00,0x60,0x0c,0x42,0xce,0x49,0x69,0xad,0x61,0xcc,0x39,0x08,
    0x2d,0xd5,0xd8,0x30,0xc6,0x1c,0x94,0x94,0x62,0x8b,0x9c,0x83,0x90,0x52,0x8b,0xb9,
    0x46,0xcc,0x41,0x48,0x29,0xc6,0xa0,0x3b,0x28,0x29,0xb5,0x18,0x6c,0xf0,0x9d,0x84,
    0x94,0x5a,0x8b,0x39,0x07,0x93,0x52,0x8b,0x35,0xe7,0xde,0x83,0x48,0xa9,0xb5,0x9a,
    0x83,0xce,0x3d,0xd5,0x56,0x73,0xcf,0xbd,0xf7,0x9c,0x62,0xac,0x35,0xe7,0xde,0x73,
    0x2f,0x00,0x00,0x77,0xc1,0x01,0x00,0xec,0xc0,0x46,0x91,0xcd,0x09,0x46,0x82,0x0a,
    0x0d,0x59,0x09,0x00,0xe4,0x01,0x00,0x10,0x08,0x29,0xc5,0x98,0x73,0xce,0x19,0xa5,
    0x18,0x73,0xcc,0x39,0xe7,0x8c,0x52,0x8c,0x31,0xe6,0x9c,0x73,0x8a,0x31,0xc6,0x9c,
    0x73,0xce,0x41,0xc5,0x18,0x63,0xce,0x39,0x07,0x21,0x63,0xcc,0x39,0xe7,0x20,0x84,
    0x90,0x31,0xe6,0x9c,0x73,0x10,0x42,0xe8,0x9c,0x73,0x0e,0x42,0x08,0x21,0x74,0xce,
    0x39,0x07,0x21,0x84,0x10,0x3a,0xe7,0xa0,0x83,0x10,0x42,0x08,0x9d,0x73,0x10,0x42,
    0x08,0x21,0x84,0x02,0x00,0x80,0x0a,0x1c,0x00,0x00,0x02,0x6c,0x14,0xd9,0x9c,0x60,
    0x24,0xa8,0xd0,0x90,0x95,0x00,0x40,0x38,0x00,0x00,0x00,0x21,0x84,0x10,0x42,0x08,
    0x21,0x84,0x10,0x42,0x08,0x21,0x84,0x10,0x42,0x08,0x21,0x84,0x10,0x42,0x08,0x21,
    0x84,0x10,0x42,0x08,0x21,0x84,0x10,0x42,0x08,0x21,0x84,0x10,0x42,0x08,0x21,0x84,
    0x10,0x42,0x08,0x21,0x84,0x10,0x42,0x08,0x21,0x84,0x10,0x42,0x08,0x21,0x84,0x10,
    0x42,0x08,0x21,0x84,0x10,0x42,0x08,0x21,0x84,0x10,0x42,0x08,0x21,0x84,0x10,0x42,
    0x08,0x21,0x84,0x10,0x42,0x08,0x21,0x84,0x10,0x42,0x08,0x21,0x84,0x10,0x42,0x08,
    0x21,0x84,0x10,0x42,0x08,0x21,0x84,0x10,0x42,0x08,0x21,0x84,0x10,0x42,0x08,0x21,
    0x84,0x10,0x42,0x08,0x21,0x84,0x10,0x42,0x08,0x21,0x84,0x10,0x42,0x08,0x21,0x84,
    0x10,0x42,0xe8,0x9c,0x73,0xce,0x39,0xe7,0x9c,0x73,0xce,0x39,0xe7,0x9c,0x73,0xce,
    0x39,0xe7,0x9c,0x73,0xce,0x39,0x27,0x00,0xc8,0xb7,0xc2,0x01,0xc0,0xff,0xc1,0xc6,
    0x19,0x56,0x92,0xce,0x0a,0x47,0x83,0x0b,0x0d,0x59,0x09,0x00,0x84,0x03,0x00,0x00,
    0x0a,0x41,0x28,0xa5,0x62,0x10,0x4a,0x29,0x25,0x92,0x4e,0x3a,0x29,0x9d,0x93,0x50,
    0x4a,0x29,0x91,0x83,0x52,0x4a,0xe9,0xa4,0x94,0x52,0x4a,0x09,0xa5,0x94,0x52,0x4a,
    0x08,0xa5,0x94,0x52,0x4a,0x08,0x1d,0x94,0x52,0x42,0x29,0xa5,0x94,0x52,0x4a,0x29,
    0xa5,0x94,0x52,0x4a,0x29,0xa5,0x94,0x52,0x3a,0x29,0xa5,0x94,0x52,0x4a,0x29,0xa5,
    0x94,0xca,0x39,0x29,0xa5,0x93,0x52,0x4a,0x29,0xa5,0x44,0xce,0x49,0x29,0x21,0x94,
    0x52,0x4a,0x29,0xa5,0x84,0x52,0x4a,0x29,0xa5,0x94,0x52,0x4a,0x29,0xa5,0x94,0x52,
    0x4a,0x29,0xa5,0x94,0x52,0x4a,0x29,0xa5,0x84,0x10,0x42,0x08,0x21,0x84,0x10,0x42,
    0x08,0x21,0x84,0x10,0x42,0x08,0x21,0x84,0x10,0x42,0x08,0x21,0x84,0x10,0x42,0x08,
    0x21,0x84,0x10,0x42,0x08,0x21,0x84,0x10,0x42,0x08,0x21,0x84,0x02,0x00,0xb8,0x1b,
    0x1c,0x00,0x20,0x12,0x6c,0x9c,0x61,0x25,0xe9,0xac,0x70,0x34,0xb8,0xd0,0x90,0x95,
    0x00,0x40,0x48,0x00,0x00,0xa0,0x14,0x73,0x8e,0x4a,0x08,0x29,0x94,0x90,0x52,0xa8,
    0x98,0xa2,0x8e,0x42,0x29,0x29,0xa4,0x52,0x4a,0x0a,0x11,0x63,0xce,0x49,0xea,0x1c,
    0x85,0x50,0x52,0x28,0xa9,0x83,0xca,0x39,0x08,0xa5,0xa4,0x94,0x42,0x2a,0x21,0x75,
    0xce,0x41,0x07,0x25,0x85,0x90,0x52,0x09,0x21,0x95,0x8e,0x3a,0xe8,0x28,0x94,0x50,
    0x52,0x2a,0x25,0x94,0xd2,0x39,0x28,0xa5,0x84,0x14,0x4a,0x4a,0x29,0x95,0x90,0x42,
    0x48,0xa9,0x74,0x94,0x52,0x28,0x25,0x95,0x94,0x42,0x2a,0x21,0x95,0x52,0x4a,0x48,
    0x25,0x95,0x10,0x4a,0x0a,0x9d,0xa4,0x54,0x4a,0x0a,0xa9,0xa4,0x54,0x52,0x08,0x9d,
    0x74,0x90,0x42,0x27,0x25,0xa4,0x92,0x4a,0x0a,0xa9,0x93,0x94,0x52,0x2a,0x25,0xa5,
    0x94,0x4a,0x4a,0x25,0x74,0x52,0x42,0x2a,0x29,0xa5,0x10,0x42,0x4a,0xa9,0x94,0x10,
    0x4a,0x48,0x29,0xa5,0x4e,0x52,0x49,0xa9,0xa4,0x14,0x42,0x28,0x21,0x85,0x94,0x52,
    0x4a,0x25,0xa5,0x92,0x4a,0x4a,0x21,0x95,0x54,0x42,0x09,0xa5,0xa4,0x94,0x52,0x28,
    0xa1,0xa4,0x54,0x52,0x4a,0x29,0xa5,0x92,0x52,0x29,0x00,0x00,0xe0,0xc0,0x01,0x00,
    0x20,0xc0,0x08,0x3a,0xc9,0xa8,0xb2,0x08,0x1b,0x4d,0xb8,0xf0,0x00,0x14,0x1a,0xb2,
    0x12,0x00,0x20,0x03,0x00,0x40,0x94,0x74,0xd6,0x69,0xa7,0x49,0x22,0x08,0x31,0x45,
    0x99,0x27,0x0d,0x29,0xc6,0x20,0xb5,0xa4,0x2c,0xc3,0x10,0x53,0x92,0x89,0xf1,0x14,
    0x63,0x8c,0x39,0x28,0x46,0x43,0x0e,0x31,0xe4,0x94,0x18,0x17,0x4a,0x08,0xa1,0x83,
    0x62,0x3c,0x26,0x95,0x43,0xca,0x50,0x51,0xb9,0xb7,0xd4,0x39,0x05,0xc5,0x16,0x63,
    0x7c,0xef,0xb1,0x17,0x01,0x00,0x00,0x08,0x02,0x00,0x04,0x84,0x04,0x00,0x18,0x20,
    0x28,0x98,0x01,0x00,0x06,0x07,0x08,0x23,0x07,0x02,0x1d,0x01,0x04,0x0e,0x6d,0x00,
    0x80,0x81,0x08,0x99,0x09,0x0c,0x0a,0xa1,0xc1,0x41,0x26,0x00,0x3c,0x40,0x44,0x48,
    0x05,0x00,0x89,0x09,0x8a,0xd2,0x85,0x2e,0x08,0x21,0x82,0x74,0x11,0x64,0xf1,0xc0,
    0x85,0x13,0x37,0x9e,0xb8,0xe1,0x84,0x0e,0x6d,0x10,0x00,0x00,0x00,0x00,0x00,0x10,
    0x00,0xf0,0x01,0x00,0x90,0x50,0x00,0x11,0x11,0xd1,0xcc,0x55,0x58,0x5c,0x60,0x64,
    0x68,0x6c,0x70,0x74,0x78,0x7c,0x80,0x84,0x04,0x00,0x00,0x00,0x00,0x00,0x08,0x00,
    0x7c,0x00,0x00,0x24,0x22,0x40,0x44,0x44,0x34,0x73,0x15,0x16,0x17,0x18,0x19,0x1a,
    0x1b,0x1c,0x1d,0x1e,0x1f,0x20,0x21,0x01,0x00,0x00,0x00,0x00,0x00,0x00,0x00,0x00,
    0x40,0x40,0x40,0x00,0x00,0x00,0x00,0x00,0x20,0x00,0x00,0x00,0x40,0x40,0x4f,0x67,
    0x67,0x53,0x00,0x04,0xc0,0x1f,0x00,0x00,0x00,0x00,0x00,0x00,0x99,0x2a,0x8e,0xaa,
    0x02,0x00,0x00,0x00,0x44,0xf9,0x0a,0x18,0x12,0x47,0x38,0x49,0x3d,0x40,0x3f,0x3d,
    0x37,0x38,0x37,0x33,0x2f,0x34,0x32,0x39,0x3b,0x3a,0x0d,0x44,0x1b,0x5d,0x61,0xd7,
    0xfe,0xee,0x04,0x2e,0x61,0x60,0x4e,0x69,0xde,0xac,0x41,0x29,0x0c,0xc6,0xe6,0xd5,
    0xdb,0xd5,0x00,0xf9,0x11,0x23,0x31,0x1e,0x0d,0xd0,0x0d,0xbb,0xca,0xff,0x0d,0xaf,
    0x13,0x7f,0xa7,0xfd,0xb5,0x62,0xea,0x6a,0x05,0xe5,0x5b,0x3a,0x92,0x8e,0x23,0xfd,
    0x7c,0xd2,0x71,0x70,0xc2,0xff,0x44,0xff,0x62,0x48,0xa2,0x6c,0x1d,0xb2,0xa5,0xe3,
    0x25,0x00,0x74,0xa7,0xc8,0x45,0x7a,0xf1,0x2a,0x40,0x10,0x23,0x80,0xf4,0x74,0xd8,
    0x06,0xd8,0x8e,0x19,0x95,0x3e,0x5c,0xff,0x65,0xe0,0x27,0x05,0xa6,0x11,0x84,0x12,
    0x95,0x5f,0x83,0x4c,0x48,0x1e,0x35,0x2a,0x61,0x33,0x75,0x5b,0x92,0x19,0x76,0xeb,
    0x96,0xd7,0xc6,0x89,0x30,0x77,0x61,0xde,0x52,0x35,0x1a,0xab,0x4a,0x1c,0x51,0x91,
    0xf4,0xf4,0x43,0x6c,0x7d,0x03,0xa2,0x53,0x02,0x00,0x33,0x67,0x2e,0x00,0x40,0xd2,
    0xff,0x3d,0x78,0x6c,0x69,0xc0,0x89,0xbd,0x03,0xe0,0x65,0x27,0x05,0xc8,0x3f,0xeb,
    0x04,0xaf,0x47,0x01,0xba,0x78,0x12,0xa0,0xaf,0x81,0x57,0x31,0x23,0x46,0x4d,0x19,
    0xe8,0x8d,0x8a,0x20,0x2b,0x8f,0xca,0xf4,0x16,0x78,0x51,0x33,0x1a,0xec,0x85,0x46,
    0x18,0xe3,0x01,0x5e,0xbb,0x72,0x83,0x02,0xe8,0x45,0x19,0xe0,0x06,0x38,0x65,0x00,
    0x00,0x93,0x4b,0x02,0x00,0x40,0xb8,0xbf,0x1c,0x90,0x02,0xbe,0xfb,0x02,0x00,0xb7,
    0x01,0x80,0xf7,0x01,0x9e,0x47,0x07,0x7c,0x03,0xce,0x8f,0xc0,0x81,0xc4,0xae,0x22,
    0x03,0x8b,0x33,0xc2,0x6b,0x5c,0x5b,0x67,0x25,0x1e,0x5c,0xa1,0xe1,0x05,0x0f,0x00,
    0x3e,0xbb,0x72,0xb3,0x44,0xe8,0xb9,0xc9,0xe1,0x06,0xf8,0x3e,0x00,0xe0,0x80,0x85,
    0xb2,0x04,0x00,0x48,0xa4,0xa3,0x7b,0x0f,0x12,0x98,0xa6,0x08,0x00,0xa8,0x0d,0x00,
    0xd4,0x44,0x00,0x40,0x6d,0x14,0x40,0x21,0x01,0x4f,0x07,0x5f,0xf4,0xc4,0x7d,0xb0,
    0xa0,0xf5,0xd8,0x4b,0xa4,0xa5,0x70,0x5a,0x0d,0xf0,0x46,0x3a,0x1e,0x50,0x0e,0x00,
    0xde,0x9a,0x52,0x6b,0x19,0x45,0xb7,0x16,0xa5,0x11,0xf6,0x00,0xfe,0x68,0x03,0x07,
    0x60,0x70,0x01,0x00,0x8c,0x90,0x7a,0xcb,0x1f,0x09,0x00,0x62,0x07,0x00,0x75,0x9f,
    0xaa,0xc0,0xf9,0x46,0x01,0xf6,0xbb,0x02,0xc0,0x0b,0xe0,0x24,0x00,0xe5,0x04,0x32,
    0x61,0x28,0xc6,0x83,0x05,0x7f,0x4c,0x72,0x47,0x8b,0x98,0x03,0x00,0x02,0x00,0x1e,
    0x8b,0x4a,0x67,0x45,0x2b,0x93,0x8d,0xe8,0x0a,0x37,0xc0,0xa7,0x00,0xe0,0xb1,0x06,
    0xc8,0x9c,0x03,0x00,0x40,0x88,0xc1,0x55,0x1c,0x90,0xb0,0x69,0x00,0xa0,0xae,0x0c,
    0x00,0xf0,0x55,0x00,0xe0,0x67,0x00,0xe0,0x1a,0x48,0x7c,0x00,0xf0,0x02,0x95,0x82,
    0x37,0xe6,0xed,0x67,0x63,0x7d,0xba,0xae,0x06,0x0a,0x23,0x01,0x7e,0x7a,0x0a,0x6b,
    0xa9,0x95,0x89,0x15,0x49,0xb0,0x07,0xd0,0x90,0xc0,0x1c,0x12,0x00,0x00,0x90,0x3b,
    0xe5,0x9a,0x10,0x80,0xae,0x98,0xc0,0x5f,0x13,0xd8,0x17,0xe0,0xef,0x6a,0xc0,0x27,
    0x00,0x95,0x80,0x2d,0x01,0x80,0x21,0xa3,0x95,0x00,0x9e,0x0a,0x17,0x75,0xdc,0x01,
    0x9d,0x31,0x00,0x5e,0x4a,0x4a,0x36,0x52,0x2b,0x57,0x2f,0x91,0x04,0x7b,0x00,0xa7,
    0x0c,0x60,0x0d,0x90,0x25,0x00,0x00,0x40,0xcb,0x5e,0x07,0x00,0xc0,0x57,0x00,0x80,
    0x43,0x3b,0x01,0x76,0x54,0xc0,0x95,0x22,0xf0,0x4d,0x4e,0xc3,0x77,0x81,0x1a,0x0a,
    0xaa,0x82,0x19,0xb2,0xc6,0x43,0xd1,0x20,0x79,0x1d,0x00,0x7e,0x4a,0x2a,0x77,0xb2,
    0x2a,0x33,0x23,0x46,0xb0,0xbc,0x01,0x7e,0x01,0x00,0x6c,0x00,0x92,0x00,0x00,0x60,
    0x19,0xde,0x7f,0x04,0x00,0xb3,0x03,0x80,0xbf,0x2a,0x00,0x90,0xaa,0x00,0x50,0x5d,
    0x02,0x78,0x07,0xb8,0xe2,0x8f,0xb3,0x6b,0xb0,0xb0,0x9f,0x88,0x82,0xd2,0x21,0x01,
    0x3a,0x00,0x3e,0x3a,0x2a,0xf7,0xbc,0x4e,0xa0,0xc4,0x45,0xb0,0x07,0xf0,0x07,0x60,
    0x03,0x1d,0x89,0xa0,0x00,0x00,0x50,0x0b,0x7e,0x05,0x00,0x18,0x03,0x00,0xb0,0x07,
    0xd8,0x12,0xe0,0xb2,0x00,0x3c,0x02,0xb2,0xe2,0x8b,0x3d,0x34,0xcc,0xa0,0xca,0x59,
    0x01,0xe0,0xe0,0x21,0x00,0x7e,0x2a,0x1a,0xcf,0xb2,0x77,0xd1,0x88,0x11,0xd8,0x03,
    0xf8,0x14,0x40,0x97,0x28,0x00,0x00,0x20,0xba,0x7e,0x04,0x00,0x3d,0x06,0xf8,0x1e,
    0x03,0xfa,0x11,0xa0,0x4b,0xe0,0x1b,0xbc,0x0a,0x66,0x78,0x90,0x98,0x98,0xf4,0xb6,
    0x3c,0xd0,0xe8,0x00,0xde,0x29,0xea,0xae,0xac,0x56,0x40,0x24,0xc1,0x1e,0x40,0x43,
    0x02,0x43,0x12,0x05,0x00,0xc0,0x0a,0x2f,0x0e,0x00,0x9c,0x0f,0xc0,0x57,0x02,0xfb,
    0x96,0xc0,0xb9,0x02,0x78,0xc7,0xcc,0x86,0x89,0xb8,0x81,0x62,0x1b,0x25,0x93,0x0e,
    0xc5,0xa9,0x26,0x1d,0x00,0x0d,0x80,0x02,0x1e,0x0a,0x9a,0x4f,0x9c,0x4a,0x17,0x94,
    0x70,0x03,0x9c,0x0c,0x00,0x60,0x04,0x15,0x05,0x00,0x00,0xef,0xdf,0x0e,0x12,0x00,
    0xb7,0x07,0x00,0x02,0x13,0x00,0x31,0x1a,0xa0,0x4b,0x00,0xde,0x13,0x51,0x30,0x14,
    0x86,0x90,0x40,0x6b,0x78,0x2c,0x96,0x04,0x8a,0x06,0xde,0x09,0x5a,0x9f,0xb9,0x9e,
    0x69,0x47,0x03,0x7b,0x00,0xdf,0x07,0x74,0x49,0x02,0x00,0x20,0x87,0x7f,0x7f,0x0b,
    0x00,0x76,0x04,0xf0,0x3b,0x81,0xa1,0x22,0xe0,0x5c,0x00,0x0f,0x27,0x31,0xc6,0x1f,
    0x16,0x90,0x9b,0x4f,0x62,0x6b,0xf1,0x5c,0x79,0xb1,0xb4,0x33,0x40,0x2b,0xce,0xf3,
    0x05,0x38,0x1e,0x7e,0x09,0x5a,0xce,0x84,0x0a,0xd0,0x86,0x3d,0x80,0x2f,0xc0,0x90,
    0x24,0x00,0x00,0x8c,0xf9,0x22,0x00,0x7c,0xaa,0x00,0x43,0x01,0x98,0x4f,0x03,0x9c,
    0x4f,0xc0,0xc7,0xc8,0x49,0xc4,0x3d,0x4e,0x42,0xa8,0xd3,0xda,0x7c,0xb5,0x35,0xe9,
    0xa1,0x7e,0xae,0x74,0xdd,0xc8,0x56,0xf1,0xe2,0x0e,0x06,0xd0,0x75,0x00,0xfe,0x17,
    0x0a,0x27,0x00,0x71,0x00,0xbb,0x02,0xc8,0x73,0x1f,0x28,0x25,0x51,0x00,0x30,0x19,
    0x4e,0x57,0x6a,0x6f,0x97,0xfc,0xa1,0x70,0xfb,0xfb,0x97,0x72,0x2f,0x47,0xf7,0x14,
    0x9c,0x93,0x7c,0x80,0xc5,0x2e,0x5e,0x85,0xe4,0xe2,0x49,0x81,0x59,0x12,0x60,0x0b,
    0x10,0x4b,0x00,0x16,0x70,0xb4,0x06,0x00,0x9e,0x18,0xfa,0x25,0x11,0x00,0x3c,0x50,
    0x00,0x00,0x00,0x5f,0x00,
};

static const unsigned char s_bass[] = {
    0x4f,0x67,0x67,0x53,0x00,0x02,0x00,0x00,0x00,0x00,0x00,0x00,0x00,0x00,0xea,0xf4,
    0xa3,0x74,0x00,0x00,0x00,0x00,0x14,0x68,0x01,0x1c,0x01,0x1e,0x01,0x76,0x6f,0x72,
    0x62,0x69,0x73,0x00,0x00,0x00,0x00,0x01,0x09,0x56,0x00,0x00,0xff,0xff,0xff,0xff,
    0x00,0x7d,0x00,0x00,0xff,0xff,0xff,0xff,0xa9,0x01,0x4f,0x67,0x67,0x53,0x00,0x00,
    0x00,0x00,0x00,0x00,0x00,0x00,0x00,0x00,0xea,0xf4,0xa3,0x74,0x01,0x00,0x00,0x00,
    0x5a,0xd9,0x49,0xf8,0x0e,0x32,0xff,0xff,0xff,0xff,0xff,0xff,0xff,0xff,0xff,0xff,
    0xff,0xff,0xc5,0x03,0x76,0x6f,0x72,0x62,0x69,0x73,0x0b,0x00,0x00,0x00,0x4c,0x61,
    0x76,0x66,0x35,0x33,0x2e,0x32,0x34,0x2e,0x32,0x01,0x00,0x00,0x00,0x13,0x00,0x00,
    0x00,0x65,0x6e,0x63,0x6f,0x64,0x65,0x72,0x3d,0x4c,0x61,0x76,0x66,0x35,0x33,0x2e,
    0x32,0x34,0x2e,0x32,0x01,0x05,0x76,0x6f,0x72,0x62,0x69,0x73,0x22,0x42,0x43,0x56,
    0x01,0x00,0x40,0x00,0x00,0x18,0x42,0x10,0x2a,0x05,0xad,0x63,0x8e,0x3a,0xc8,0x15,
    0x21,0x8c,0x19,0xa2,0xa0,0x42,0xca,0x29,0xc7,0x1d,0x42,0xd0,0x21,0xa3,0x24,0x43,
    0x88,0x3a,0xc6,0x35,0xc7,0x18,0x63,0x47,0xb9,0x64,0x8a,0x42,0xc9,0x81,0xd0,0x90,
    0x55,0x00,0x00,0x40,0x00,0x00,0xa4,0x1c,0x57,0x50,0x72,0x49,0x2d,0xe7,0x9c,0x73,
    0xa3,0x18,0x57,0xcc,0x71,0xe8,0x20,0xe7,0x9c,0x73,0xe5,0x20,0x67,0xcc,0x71,0x09,
    0x25,0xe7,0x9c,0x73,0x8e,0x39,0xe7,0x92,0x72,0x8e,0x31,0xe7,0x9c,0x73,0xa3,0x18,
    0x57,0x0e,0x72,0x29,0x2d,0xe7,0x9c,0x73,0x81,0x14,0x47,0x8a,0x71,0xa7,0x18,0xe7,
    0x9c,0x73,0xa4,0x1c,0x47,0x8a,0x71,0xa8,0x18,0xe7,0x9c,0x73,0x6d,0x31,0xb7,0x92,
    0x72,0xce,0x39,0xe7,0x9c,0x73,0xe6,0x20,0x87,0x52,0x72,0xae,0x35,0xe7,0x9c,0x73,
    0xa4,0x18,0x67,0x0e,0x72,0x0b,0x25,0xe7,0x9c,0x73,0xc6,0x20,0x67,0xcc,0x71,0xeb,
    0x20,0xe7,0x9c,0x73,0x8c,0x35,0xb7,0xd4,0x72,0xce,0x39,0xe7,0x9c,0x73,0xce,0x39,
    0xe7,0x9c,0x73,0xce,0x39,0xe7,0x9c,0x73,0x8c,0x31,0xe7,0x9c,0x73,0xce,0x39,0xe7,
    0x9c,0x73,0x6e,0x31,0xe7,0x16,0x73,0xae,0x39,0xe7,0x9c,0x73,0xce,0x39,0xe7,0x1c,
    0x73,0xce,0x39,0xe7,0x9c,0x73,0x20,0x34,0x64,0x15,0x00,0x90,0x00,0x00,0xa0,0xa1,
    0x28,0x8a,0xe2,0x28,0x0e,0x10,0x1a,0xb2,0x0a,0x00,0xc8,0x00,0x00,0x10,0x40,0x71,
    0x14,0x47,0x91,0x14,0x4b,0xb1,0x1c,0xcb,0xd1,0x24,0x0d,0x08,0x0d,0x59,0x05,0x00,
    0x00,0x01,0x00,0x08,0x00,0x00,0xa0,0x48,0x86,0xa4,0x48,0x8a,0xa5,0x58,0x8e,0x66,
    0x69,0x9e,0x26,0x7a,0xa2,0x28,0x9a,0xa2,0x2a,0xab,0xb2,0x69,0xca,0xb2,0x2c,0xcb,
    0xb2,0xeb,0xba,0x2e,0x10,0x1a,0xb2,0x0a,0x00,0x48,0x00,0x00,0x50,0x51,0x14,0xc5,
    0x70,0x14,0x07,0x08,0x0d,0x59,0x05,0x00,0x64,0x00,0x00,0x08,0x60,0x28,0x8a,0xa3,
    0x38,0x8e,0xe4,0x58,0x92,0xa5,0x59,0x9e,0x07,0x84,0x86,0xac,0x02,0x00,0x80,0x00,
    0x00,0x04,0x00,0x00,0x50,0x0c,0x47,0xb1,0x14,0x4d,0xf1,0x24,0xcf,0xf2,0x3c,0xcf,
    0xf3,0x3c,0xcf,0xf3,0x3c,0xcf,0xf3,0x3c,0xcf,0xf3,0x3c,0xcf,0xf3,0x3c,0xcf,0xf3,
    0x3c,0x0d,0x08,0x0d,0x59,0x05,0x00,0x20,0x00,0x00,0x00,0x82,0x28,0x64,0x18,0x03,
    0x42,0x43,0x56,0x01,0x00,0x40,0x00,0x00,0x08,0x21,0x1a,0x19,0x43,0x9d,0x52,0x12,
    0x5c,0x0a,0x16,0x42,0x1c,0x11,0x43,0x1d,0x42,0xce,0x43,0xa9,0xa5,0x83,0xe0,0x29,
    0x85,0x25,0x63,0xd2,0x53,0xac,0x41,0x08,0x21,0x7c,0xef,0x3d,0xf7,0xde,0x7b,0xef,
    0x81,0xd0,0x90,0x55,0x00,0x00,0x10,0x00,0x00,0x61,0x14,0x38,0x88,0x81,0xc7,0x24,
    0x08,0x21,0x84,0x62,0x14,0x27,0x44,0x71,0xa6,0x20,0x08,0x21,0x84,0xe5,0x24,0x58,
    0xca,0x79,0xe8,0x24,0x08,0xdd,0x83,0x10,0x42,0xb8,0x9c,0x7b,0xcb,0xb9,0xf7,0xde,
    0x7b,0x20,0x34,0x64,0x15,0x00,0x00,0x08,0x00,0xc0,0x20,0x84,0x10,0x42,0x08,0x21,
    0x84,0x10,0x42,0x08,0x29,0xa4,0x94,0x52,0x48,0x29,0xa6,0x98,0x62,0x8a,0x29,0xc7,
    0x1c,0x73,0xcc,0x31,0xc7,0x20,0x83,0x0c,0x32,0xe8,0xa0,0x93,0x4e,0x3a,0xc9,0xa4,
    0x92,0x4e,0x3a,0xca,0x24,0xa3,0x8e,0x52,0x6b,0x29,0xb5,0x14,0x53,0x4c,0xb1,0xe5,
    0x16,0x63,0xad,0xb5,0xd6,0x9c,0x73,0xaf,0x41,0x29,0x63,0x8c,0x31,0xc6,0x18,0x63,
    0x8c,0x31,0xc6,0x18,0x63,0x8c,0x31,0xc6,0x18,0x23,0x08,0x0d,0x59,0x05,0x00,0x80,
    0x00,0x00,0x10,0x06,0x19,0x64,0x90,0x41,0x08,0x21,0x84,0x14,0x52,0x48,0x29,0xa6,
    0x98,0x72,0xcc,0x31,0xc7,0x1c,0x03,0x42,0x43,0x56,0x01,0x00,0x80,0x00,0x00,0x02,
    0x00,0x00,0x00,0x1c,0x45,0x52,0x24,0x47,0x72,0x24,0x47,0x92,0x24,0xc9,0x92,0x2c,
    0x49,0x93,0x3c,0xcb,0xb3,0x3c,0xcb,0xb3,0x3c,0x4d,0xd4,0x44,0x4d,0x15,0x55,0xd5,
    0x55,0x6d,0xd7,0xf6,0x6d,0x5f,0xf6,0x6d,0xdf,0xd5,0x65,0xdf,0xf6,0x65,0xdb,0xd5,
    0x65,0x5d,0x96,0x65,0xdd,0xb5,0x6d,0x5d,0xd6,0x5d,0x5d,0xd7,0x75,0x5d,0xd7,0x75,
    0x5d,0xd7,0x75,0x5d,0xd7,0x75,0x5d,0xd7,0x75,0x5d,0xd7,0x81,0xd0,0x90,0x55,0x00,
    0x80,0x04,0x00,0x80,0x8e,0xe4,0x38,0x8e,0xe4,0x38,0x8e,0xe4,0x48,0x8e,0xa4,0x48,
    0x0a,0x10,0x1a,0xb2,0x0a,0x00,0x90,0x01,0x00,0x10,0x00,0x80,0xa3,0x38,0x8a,0xe3,
    0x48,0x8e,0xe4,0x58,0x8e,0x25,0x59,0x92,0x26,0x69,0x96,0x67,0x79,0x96,0xa7,0x79,
    0x9a,0xa8,0x89,0x1e,0x10,0x1a,0xb2,0x0a,0x00,0x00,0x04,0x00,0x10,0x00,0x00,0x00,
    0x00,0x00,0x80,0xa2,0x28,0x8a,0xa3,0x38,0x8e,0x24,0x59,0x96,0xa6,0x69,0x9e,0xa7,
    0x7a,0xa2,0x28,0x9a,0xaa,0xaa,0x8a,0xa6,0xa9,0xaa,0xaa,0x6a,0x9a,0xa6,0x69,0x9a,
    0xa6,0x69,0x9a,0xa6,0x69,0x9a,0xa6,0x69,0x9a,0xa6,0x69,0x9a,0xa6,0x69,0x9a,0xa6,
    0x69,0x9a,0xa6,0x69,0x9a,0xa6,0x69,0x9a,0xa6,0x69,0x9a,0xa6,0x69,0x02,0xa1,0x21,
    0xab,0x00,0x00,0x09,0x00,0x00,0x1d,0xc7,0x71,0x1c,0x47,0x71,0x1c,0xc7,0x71,0x24,
    0x47,0x92,0x24,0x20,0x34,0x64,0x15,0x00,0x20,0x03,0x00,0x20,0x00,0x00,0x43,0x51,
    0x1c,0x45,0x72,0x2c,0xc7,0x92,0x34,0x4b,0xb3,0x3c,0xcb,0xd3,0x44,0xcf,0xf4,0x5c,
    0x51,0x36,0x75,0x53,0x57,0x6d,0x20,0x34,0x64,0x15,0x00,0x00,0x08,0x00,0x20,0x00,
    0x00,0x00,0x00,0x00,0x00,0xc7,0x73,0x3c,0xc7,0x73,0x3c,0xc9,0x93,0x3c,0xcb,0x73,
    0x3c,0xc7,0x93,0x3c,0x49,0xd3,0x34,0x4d,0xd3,0x34,0x4d,0xd3,0x34,0x4d,0xd3,0x34,
    0x4d,0xd3,0x34,0x4d,0xd3,0x34,0x4d,0xd3,0x34,0x4d,0xd3,0x34,0x4d,0xd3,0x34,0x4d,
    0xd3,0x34,0x4d,0xd3,0x34,0x4d,0xd3,0x34,0x4d,0xd3,0x34,0x4d,0xd3,0x34,0x4d,0x03,
    0x42,0x43,0x56,0x02,0x00,0x64,0x00,0x00,0x10,0x93,0x90,0x4a,0x4e,0xb1,0x57,0x46,
    0x29,0xc6,0x24,0xb4,0x5e,0x2a,0xa4,0x14,0x93,0xd4,0x7b,0xa8,0x98,0x62,0x4c,0x3a,
    0xed,0xa9,0x42,0x06,0x29,0x07,0xb9,0x87,0x4a,0x21,0xa5,0xa0,0xd3,0xde,0x32,0xa5,
    0x90,0x52,0x0c,0x7b,0xa7,0x98,0x42,0xc8,0x18,0xea,0xa1,0x83,0x90,0x31,0x85,0xb0,
    0xd7,0xda,0x73,0xcf,0xbd,0xf7,0x1e,0x08,0x0d,0x59,0x11,0x00,0x44,0x01,0x00,0x00,
    0xc6,0x20,0xc6,0x10,0x63,0xc8,0x31,0x26,0x25,0x83,0x12,0x31,0xc7,0x24,0x64,0x52,
    0x22,0xe7,0x9c,0x94,0x4e,0x4a,0x26,0xa5,0xa4,0x56,0x5a,0xcc,0xa4,0x84,0x98,0x4a,
    0x8b,0x91,0x73,0x4e,0x4a,0x27,0x25,0x93,0x52,0x5a,0x0b,0xa9,0x65,0x92,0x4a,0x6b,
    0x25,0xa6,0x02,0x00,0x00,0x02,0x1c,0x00,0x00,0x02,0x2c,0x84,0x42,0x43,0x56,0x04,
    0x00,0x51,0x00,0x00,0x88,0x31,0x48,0x29,0xa4,0x14,0x52,0x4a,0x31,0xa7,0x98,0x43,
    0x4a,0x29,0xc7,0x94,0x63,0x48,0x29,0xe5,0x9c,0x72,0x4e,0x39,0xc7,0x98,0x74,0x10,
    0x2a,0xe7,0x18,0x74,0x0e,0x4a,0xa4,0x94,0x72,0x8e,0x39,0xa7,0x9c,0x73,0x12,0x32,
    0x07,0x95,0x73,0x0e,0x42,0x26,0x9d,0x00,0x00,0x80,0x00,0x07,0x00,0x80,0x00,0x0b,
    0xa1,0xd0,0x90,0x15,0x01,0x40,0x9c,0x00,0x00,0x80,0x90,0x73,0x8a,0x31,0x08,0x11,
    0x63,0x10,0x42,0x09,0x29,0x85,0x50,0x52,0xaa,0x9c,0x93,0xd2,0x41,0x49,0xa9,0x83,
    0x92,0x52,0x49,0xa9,0xc5,0x92,0x52,0x8c,0x95,0x73,0x52,0x3a,0x09,0x29,0x75,0x12,
    0x52,0x2a,0x29,0xc5,0x58,0x52,0x8a,0x2d,0xa4,0x54,0x63,0x69,0x2d,0xd7,0xd2,0x52,
    0x8d,0x2d,0xc6,0x9c,0x5b,0x8c,0xbd,0x86,0x94,0x62,0x2d,0xa9,0xd5,0x5a,0x5a,0xab,
    0xb9,0xc5,0x58,0x73,0x8b,0x35,0xf7,0xc8,0x39,0x4a,0x9d,0x94,0xd6,0x3a,0x29,0xad,
    0xa5,0xd6,0x6a,0x4d,0xad,0xd5,0xda,0x49,0x69,0x2d,0xa4,0xd6,0x62,0x69,0x2d,0xc6,
    0xd6,0x62,0xcd,0x29,0xc6,0x9c,0x33,0x29,0xad,0x85,0x96,0x62,0x2b,0xa9,0xc5,0xd8,
    0x62,0xcb,0x35,0xb5,0x98,0x73,0x69,0x2d,0xd7,0x14,0x63,0xcf,0x29,0xc6,0x9e,0x6b,
    0xac,0xb9,0xc7,0x9c,0x83,0x30,0xad,0xd5,0x9c,0x5a,0xcb,0x39,0xc5,0x98,0x7b,0xcc,
    0xb1,0xe7,0x98,0x73,0x0f,0x92,0x73,0x94,0x3a,0x29,0xad,0x75,0x52,0x5a,0x4b,0xad,
    0xd5,0x9a,0x5a,0xab,0x35,0x93,0xd2,0x5a,0x69,0xad,0xc6,0x90,0x5a,0x8b,0x2d,0xc6,
    0x9c,0x5b,0x8b,0x31,0x67,0x52,0x5a,0x2c,0xa9,0xc5,0x58,0x5a,0x8a,0x31,0xc5,0x98,
    0x73,0x8b,0x2d,0xd7,0xd0,0x5a,0xae,0x29,0xc6,0x9c,0x53,0x8b,0x39,0xc7,0x5a,0x83,
    0x92,0xb1,0xf6,0x5e,0x5a,0xab,0x39,0xc5,0x98,0x7b,0x8a,0xad,0xe7,0x98,0x73,0x30,
    0x36,0xc7,0x9e,0x3b,0x4a,0xb9,0x96,0xd6,0x7a,0x2e,0xad,0xf5,0x5e,0x73,0x2e,0x42,
    0xd6,0xdc,0x8b,0x68,0x2d,0xe7,0xd4,0x6a,0x0f,0x2a,0xc6,0x9e,0x73,0xce,0xc1,0xd8,
    0xdc,0x83,0x10,0xad,0xe5,0x9c,0x6a,0xec,0x3d,0xc5,0xd8,0x7b,0xee,0x39,0x18,0xdb,
    0x73,0xf0,0xad,0xd6,0xe0,0x5b,0xcd,0x45,0xc8,0x9c,0x83,0xd0,0xb9,0xf8,0xa6,0x7b,
    0x30,0x46,0xd5,0xda,0x83,0xcc,0xb5,0x08,0x99,0x73,0x10,0x3a,0xe8,0x22,0x74,0xf0,
    0xc9,0x78,0x94,0x6a,0x2e,0xad,0xe5,0x5c,0x5a,0xeb,0x3d,0xd6,0x1a,0x7c,0xcd,0x39,
    0x08,0xd1,0x5a,0xee,0x29,0xc6,0xde,0x53,0x8b,0xbd,0xd7,0x9e,0x9b,0xb0,0xbd,0x07,
    0x21,0x5a,0xcb,0x3d,0xc5,0xd8,0x83,0x8a,0x31,0xf8,0x9a,0x73,0x30,0x3a,0xe7,0x62,
    0x54,0xad,0xc1,0xc7,0x9c,0x83,0x90,0xb5,0x16,0xa1,0x7b,0x2f,0x4a,0xe7,0x20,0x94,
    0xaa,0xb5,0x07,0x99,0x6b,0x50,0x32,0xd7,0x22,0x74,0xf0,0xc5,0xe8,0xa0,0x8b,0x2f,
    0x00,0x00,0x60,0xc0,0x01,0x00,0x20,0xc0,0x84,0x32,0x50,0x68,0xc8,0x8a,0x00,0x20,
    0x4e,0x00,0x80,0x41,0xc8,0x39,0xa5,0x18,0x84,0x4a,0x29,0x08,0xa1,0x84,0x94,0x42,
    0x28,0x29,0x55,0x8c,0x49,0xc8,0x98,0x83,0x92,0x31,0x27,0xa5,0x94,0x52,0x5a,0x08,
    0x25,0xb5,0x8a,0x31,0x08,0x99,0x63,0x52,0x32,0xc7,0xa4,0x84,0x12,0x5a,0x2a,0x25,
    0xb4,0x12,0x4a,0x69,0xa9,0x94,0xd2,0x5a,0x28,0xa5,0xb5,0x96,0x5a,0x8c,0x29,0xb5,
    0x16,0x43,0x29,0xa9,0x85,0x52,0x5a,0x2b,0xa5,0xb4,0x96,0x5a,0xaa,0x31,0xb5,0x56,
    0x63,0xc4,0x98,0x94,0xcc,0x39,0x29,0x99,0x63,0x52,0x4a,0x29,0xad,0x95,0x52,0x5a,
    0xab,0x1c,0x93,0x92,0x31,0x28,0xa9,0x83,0x90,0x4a,0x29,0x29,0xc5,0x52,0x52,0x8b,
    0x95,0x73,0x52,0x32,0xe8,0xa8,0x74,0x10,0x4a,0x2a,0xa9,0xc4,0x54,0x52,0x69,0xad,
    0xa4,0xd2,0x52,0x29,0xa5,0xc5,0x92,0x52,0x6c,0x29,0xc5,0x54,0x5b,0x8b,0xb5,0x86,
    0x52,0x5a,0x2c,0xa9,0xc4,0x56,0x52,0x6a,0x31,0xb5,0x54,0x5b,0x8b,0x31,0xd7,0x88,
    0x31,0x29,0x19,0x73,0x52,0x32,0xe7,0xa4,0x94,0x52,0x52,0x2b,0xa5,0xb4,0x96,0x39,
    0x27,0xa5,0x83,0x8e,0x4a,0xe6,0xa0,0xa4,0x92,0x52,0x6b,0xa5,0xa4,0x14,0x33,0xe6,
    0xa4,0x74,0x0e,0x4a,0xca,0x20,0xa3,0x52,0x52,0x8a,0x2d,0xa5,0x12,0x53,0x28,0xa5,
    0xb5,0x92,0x52,0x6c,0xa5,0xa4,0xd6,0x5a,0x8c,0xb5,0xa6,0xd4,0x5a,0x2d,0x25,0xb5,
    0x56,0x52,0x6a,0xb1,0x94,0x12,0x5b,0x8b,0x31,0xd7,0x16,0x4b,0x4d,0x9d,0x94,0xd6,
    0x4a,0x2a,0x31,0x86,0x52,0x5a,0x6b,0x31,0xe6,0x9a,0x5a,0x8b,0x31,0x94,0x12,0x5b,
    0x29,0x29,0xc6,0x92,0x4a,0x6c,0xad,0xc5,0x9a,0x5b,0x6c,0x39,0x86,0x52,0x5a,0x2c,
    0xa9,0xc4,0x56,0x4a,0x6a,0xb1,0xd5,0x96,0x63,0x6b,0xb1,0xe6,0xd4,0x52,0x8d,0x29,
    0xb5,0x9a,0x5b,0x6c,0xb9,0xc6,0x94,0x53,0x8f,0xb5,0xf6,0x9c,0x5a,0xab,0x35,0xb5,
    0x54,0x63,0x6b,0xb1,0xe6,0x58,0x5b,0x6f,0xb5,0xd6,0x9c,0x3b,0x29,0xad,0x85,0x52,
    0x5a,0x2b,0x25,0xc5,0x98,0x5a,0x8b,0xb1,0xc5,0x58,0x73,0x28,0x25,0xb6,0x92,0x52,
    0x6c,0xa5,0xa4,0x18,0x5b,0x6c,0xb9,0xb6,0x16,0x63,0x0f,0xa1,0xb4,0x58,0x4a,0x6a,
    0xb1,0xa4,0x12,0x63,0x6b,0x31,0xe6,0x18,0x5b,0x8e,0xa9,0xb5,0x5a,0x5b,0x6c,0xb9,
    0xa6,0xd4,0x62,0xad,0xb5,0xf6,0x1c,0x5b,0x6e,0x3d,0xa5,0x16,0x6b,0x8b,0xb1,0xe6,
    0xd2,0x52,0x8d,0x35,0xd7,0xde,0x63,0x4d,0x39,0x15,0x00,0x00,0x30,0xe0,0x00,0x00,
    0x10,0x60,0x42,0x19,0x28,0x34,0x64,0x25,0x00,0x10,0x05,0x00,0x00,0x18,0xc3,0x18,
    0x63,0x10,0x1a,0xa5,0x9c,0x73,0x4e,0x4a,0x83,0x94,0x73,0xce,0x49,0xc9,0x9c,0x83,
    0x10,0x42,0x4a,0x99,0x73,0x10,0x42,0x48,0x29,0x73,0x4e,0x42,0x4a,0x2d,0x65,0xce,
    0x41,0x48,0xa9,0xb5,0x50,0x4a,0x4a,0xad,0xc5,0x16,0x4a,0x49,0xa9,0xb5,0x16,0x0b,
    0x00,0x00,0x28,0x70,0x00,0x00,0x08,0xb0,0x41,0x53,0x62,0x71,0x80,0x42,0x43,0x56,
    0x02,0x00,0x51,0x00,0x00,0x88,0x31,0x4a,0x31,0x06,0xa1,0x31,0x46,0x29,0xe7,0x20,
    0x34,0xc6,0x28,0xc5,0x18,0x84,0x4a,0x29,0xc6,0x9c,0x93,0x50,0x29,0xc5,0x98,0x73,
    0x50,0x32,0xc7,0x9c,0x83,0x50,0x4a,0xe6,0x9c,0x73,0x10,0x4a,0x09,0x21,0x94,0x52,
    0x4a,0x4a,0x21,0x84,0x52,0x4a,0x49,0xa9,0x00,0x00,0x80,0x02,0x07,0x00,0x80,0x00,
    0x1b,0x34,0x25,0x16,0x07,0x28,0x34,0x64,0x45,0x00,0x10,0x05,0x00,0x00,0x18,0x63,
    0x9c,0x33,0xce,0x21,0x0a,0x9d,0xa5,0xce,0x52,0x24,0xa9,0xa3,0xd6,0x51,0x6b,0x28,
    0xa5,0x1a,0x4b,0x8c,0x9d,0xc6,0x56,0x7b,0xeb,0xb9,0xd3,0x1a,0x7b,0x6d,0xb9,0x37,
    0x94,0x4a,0x8d,0xa9,0xd6,0x8e,0x6b,0xcb,0xb9,0xd5,0xde,0x69,0x4d,0x3d,0xb7,0x1c,
    0x0b,0x00,0x00,0x3b,0x70,0x00,0x00,0x3b,0xb0,0x10,0x0a,0x0d,0x59,0x09,0x00,0xe4,
    0x01,0x00,0x10,0xc6,0x28,0xc5,0x98,0x73,0xce,0x19,0x85,0x18,0x73,0xce,0x39,0xe7,
    0x0c,0x52,0x8c,0x39,0xe7,0x9c,0x73,0x8a,0x31,0xe7,0x9c,0x83,0x10,0x42,0xc5,0x98,
    0x73,0xce,0x41,0x08,0x21,0x73,0xce,0x39,0x08,0xa1,0x84,0x92,0x39,0xe7,0x1c,0x84,
    0x10,0x4a,0xe8,0x9c,0x83,0x50,0x4a,0x29,0xa5,0x74,0xce,0x41,0x08,0xa1,0x94,0x52,
    0x3a,0xe7,0x20,0x84,0x52,0x4a,0x29,0x9d,0x73,0x10,0x4a,0x29,0xa5,0x94,0x02,0x00,
    0x80,0x0a,0x1c,0x00,0x00,0x02,0x6c,0x14,0xd9,0x9c,0x60,0x24,0xa8,0xd0,0x90,0x95,
    0x00,0x40,0x1e,0x00,0x00,0x60,0x0c,0x42,0xce,0x49,0x69,0xad,0x61,0xcc,0x39,0x08,
    0x2d,0xd5,0xd8,0x30,0xc6,0x1c,0x94,0x94,0x62,0x8b,0x9c,0x83,0x90,0x52,0x8b,0xb9,
    0x46,0xcc,0x41,0x48,0x29,0xc6,0xa0,0x3b,0x28,0x29,0xb5,0x18,0x6c,0xf0,0x9d,0x84,
    0x94,0x5a,0x8b,0x39,0x07,0x93,0x52,0x8b,0x35,0xe7,0xde,0x83,0x48,0xa9,0xb5,0x9a,
    0x83,0xce,0x3d,0xd5,0x56,0x73,0xcf,0xbd,0xf7,0x9c,0x62,0xac,0x35,0xe7,0xde,0x73,
    0x2f,0x00,0x00,0x77,0xc1,0x01,0x00,0xec,0xc0,0x46,0x91,0xcd,0x09,0x46,0x82,0x0a,
    0x0d,0x59,0x09,0x00,0xe4,0x01,0x00,0x10,0x08,0x29,0xc5,0x98,0x73,0xce,0x19,0xa5,
    0x18,0x73,0xcc,0x39,0xe7,0x8c,0x52,0x8c,0x31,0xe6,0x9c,0x73,0x8a,0x31,0xc6,0x9c,
    0x73,0xce,0x41,0xc5,0x18,0x63,0xce,0x39,0x07,0x21,0x63,0xcc,0x39,0xe7,0x20,0x84,
    0x90,0x31,0xe6,0x9c,0x73,0x10,0x42,0xe8,0x9c,0x73,0x0e,0x42,0x08,0x21,0x74,0xce,
    0x39,0x07,0x21,0x84,0x10,0x3a,0xe7,0xa0,0x83,0x10,0x42,0x08,0x9d,0x73,0x10,0x42,
    0x08,0x21,0x84,0x02,0x00,0x80,0x0a,0x1c,0x00,0x00,0x02,0x6c,0x14,0xd9,0x9c,0x60,
    0x24,0xa8,0xd0,0x90,0x95,0x00,0x40,0x38,0x00,0x00,0x00,0x21,0x84,0x10,0x42,0x08,
    0x21,0x84,0x10,0x42,0x08,0x21,0x84,0x10,0x42,0x08,0x21,0x84,0x10,0x42,0x08,0x21,
    0x84,0x10,0x42,0x08,0x21,0x84,0x10,0x42,0x08,0x21,0x84,0x10,0x42,0x08,0x21,0x84,
    0x10,0x42,0x08,0x21,0x84,0x10,0x42,0x08,0x21,0x84,0x10,0x42,0x08,0x21,0x84,0x10,
    0x42,0x08,0x21,0x84,0x10,0x42,0x08,0x21,0x84,0x10,0x42,0x08,0x21,0x84,0x10,0x42,
    0x08,0x21,0x84,0x10,0x42,0x08,0x21,0x84,0x10,0x42,0x08,0x21,0x84,0x10,0x42,0x08,
    0x21,0x84,0x10,0x42,0x08,0x21,0x84,0x10,0x42,0x08,0x21,0x84,0x10,0x42,0x08,0x21,
    0x84,0x10,0x42,0x08,0x21,0x84,0x10,0x42,0x08,0x21,0x84,0x10,0x42,0x08,0x21,0x84,
    0x10,0x42,0xe8,0x9c,0x73,0xce,0x39,0xe7,0x9c,0x73,0xce,0x39,0xe7,0x9c,0x73,0xce,
    0x39,0xe7,0x9c,0x73,0xce,0x39,0x27,0x00,0xc8,0xb7,0xc2,0x01,0xc0,0xff,0xc1,0xc6,
    0x19,0x56,0x92,0xce,0x0a,0x47,0x83,0x0b,0x0d,0x59,0x09,0x00,0x84,0x03,0x00,0x00,
    0x0a,0x41,0x28,0xa5,0x62,0x10,0x4a,0x29,0x25,0x92,0x4e,0x3a,0x29,0x9d,0x93,0x50,
    0x4a,0x29,0x91,0x83,0x52,0x4a,0xe9,0xa4,0x94,0x52,0x4a,0x09,0xa5,0x94,0x52,0x4a,
    0x08,0xa5,0x94,0x52,0x4a,0x08,0x1d,0x94,0x52,0x42,0x29,0xa5,0x94,0x52,0x4a,0x29,
    0xa5,0x94,0x52,0x4a,0x29,0xa5,0x94,0x52,0x3a,0x29,0xa5,0x94,0x52,0x4a,0x29,0xa5,
    0x94,0xca,0x39,0x29,0xa5,0x93,0x52,0x4a,0x29,0xa5,0x44,0xce,0x49,0x29,0x21,0x94,
    0x52,0x4a,0x29,0xa5,0x84,0x52,0x4a,0x29,0xa5,0x94,0x52,0x4a,0x29,0xa5,0x94,0x52,
    0x4a,0x29,0xa5,0x94,0x52,0x4a,0x29,0xa5,0x84,0x10,0x42,0x08,0x21,0x84,0x10,0x42,
    0x08,0x21,0x84,0x10,0x42,0x08,0x21,0x84,0x10,0x42,0x08,0x21,0x84,0x10,0x42,0x08,
    0x21,0x84,0x10,0x42,0x08,0x21,0x84,0x10,0x42,0x08,0x21,0x84,0x02,0x00,0xb8,0x1b,
    0x1c,0x00,0x20,0x12,0x6c,0x9c,0x61,0x25,0xe9,0xac,0x70,0x34,0xb8,0xd0,0x90,0x95,
    0x00,0x40,0x48,0x00,0x00,0xa0,0x14,0x73,0x8e,0x4a,0x08,0x29,0x94,0x90,0x52,0xa8,
    0x98,0xa2,0x8e,0x42,0x29,0x29,0xa4,0x52,0x4a,0x0a,0x11,0x63,0xce,0x49,0xea,0x1c,
    0x85,0x50,0x52,0x28,0xa9,0x83,0xca,0x39,0x08,0xa5,0xa4,0x94,0x42,0x2a,0x21,0x75,
    0xce,0x41,0x07,0x25,0x85,0x90,0x52,0x09,0x21,0x95,0x8e,0x3a,0xe8,0x28,0x94,0x50,
    0x52,0x2a,0x25,0x94,0xd2,0x39,0x28,0xa5,0x84,0x14,0x4a,0x4a,0x29,0x95,0x90,0x42,
    0x48,0xa9,0x74,0x94,0x52,0x28,0x25,0x95,0x94,0x42,0x2a,0x21,0x95,0x52,0x4a,0x48,
    0x25,0x95,0x10,0x4a,0x0a,0x9d,0xa4,0x54,0x4a,0x0a,0xa9,0xa4,0x54,0x52,0x08,0x9d,
    0x74,0x90,0x42,0x27,0x25,0xa4,0x92,0x4a,0x0a,0xa9,0x93,0x94,0x52,0x2a,0x25,0xa5,
    0x94,0x4a,0x4a,0x25,0x74,0x52,0x42,0x2a,0x29,0xa5,0x10,0x42,0x4a,0xa9,0x94,0x10,
    0x4a,0x48,0x29,0xa5,0x4e,0x52,0x49,0xa9,0xa4,0x14,0x42,0x28,0x21,0x85,0x94,0x52,
    0x4a,0x25,0xa5,0x92,0x4a,0x4a,0x21,0x95,0x54,0x42,0x09,0xa5,0xa4,0x94,0x52,0x28,
    0xa1,0xa4,0x54,0x52,0x4a,0x29,0xa5,0x92,0x52,0x29,0x00,0x00,0xe0,0xc0,0x01,0x00,
    0x20,0xc0,0x08,0x3a,0xc9,0xa8,0xb2,0x08,0x1b,0x4d,0xb8,0xf0,0x00,0x14,0x1a,0xb2,
    0x12,0x00,0x20,0x03,0x00,0x40,0x94,0x74,0xd6,0x69,0xa7,0x49,0x22,0x08,0x31,0x45,
    0x99,0x27,0x0d,0x29,0xc6,0x20,0xb5,0xa4,0x2c,0xc3,0x10,0x53,0x92,0x89,0xf1,0x14,
    0x63,0x8c,0x39,0x28,0x46,0x43,0x0e,0x31,0xe4,0x94,0x18,0x17,0x4a,0x08,0xa1,0x83,
    0x62,0x3c,0x26,0x95,0x43,0xca,0x50,0x51,0xb9,0xb7,0xd4,0x39,0x05,0xc5,0x16,0x63,
    0x7c,0xef,0xb1,0x17,0x01,0x00,0x00,0x08,0x02,0x00,0x04,0x84,0x04,0x00,0x18,0x20,
    0x28,0x98,0x01,0x00,0x06,0x07,0x08,0x23,0x07,0x02,0x1d,0x01,0x04,0x0e,0x6d,0x00,
    0x80,0x81,0x08,0x99,0x09,0x0c,0x0a,0xa1,0xc1,0x41,0x26,0x00,0x3c,0x40,0x44,0x48,
    0x05,0x00,0x89,0x09,0x8a,0xd2,0x85,0x2e,0x08,0x21,0x82,0x74,0x11,0x64,0xf1,0xc0,
    0x85,0x13,0x37,0x9e,0xb8,0xe1,0x84,0x0e,0x6d,0x10,0x00,0x00,0x00,0x00,0x00,0x10,
    0x00,0xf0,0x01,0x00,0x90,0x50,0x00,0x11,0x11,0xd1,0xcc,0x55,0x58,0x5c,0x60,0x64,
    0x68,0x6c,0x70,0x74,0x78,0x7c,0x80,0x84,0x04,0x00,0x00,0x00,0x00,0x00,0x08,0x00,
    0x7c,0x00,0x00,0x24,0x22,0x40,0x44,0x44,0x34,0x73,0x15,0x16,0x17,0x18,0x19,0x1a,
    0x1b,0x1c,0x1d,0x1e,0x1f,0x20,0x21,0x01,0x00,0x00,0x00,0x00,0x00,0x00,0x00,0x00,
    0x40,0x40,0x40,0x00,0x00,0x00,0x00,0x00,0x20,0x00,0x00,0x00,0x40,0x40,0x4f,0x67,
    0x67,0x53,0x00,0x04,0x80,0x1c,0x00,0x00,0x00,0x00,0x00,0x00,0xea,0xf4,0xa3,0x74,
    0x02,0x00,0x00,0x00,0x7e,0x31,0xed,0x3d,0x10,0x47,0x29,0x37,0x2e,0x28,0x2c,0x33,
    0x31,0x2a,0x30,0x2f,0x37,0x3d,0x41,0x42,0x31,0x94,0xb3,0x5c,0xbd,0x34,0x02,0xe0,
    0x18,0xfe,0xf9,0xbf,0x3b,0x32,0x90,0xc5,0xea,0x60,0x1a,0xeb,0xda,0xe2,0x8b,0xd7,
    0x03,0x4b,0x4a,0xcd,0xf2,0xb6,0x76,0x65,0xaa,0xe1,0xae,0x66,0xcc,0x98,0x31,0xe3,
    0x5d,0x5e,0xe7,0x3a,0x15,0x2c,0x53,0xa6,0x8c,0x49,0xb6,0x49,0x14,0x45,0x3f,0x7e,
    0xfc,0x10,0xc7,0x7d,0x01,0xa0,0x10,0x85,0x28,0x8a,0xa2,0x28,0x8a,0xa2,0x40,0x11,
    0x9c,0xb7,0x4d,0x2e,0xe7,0x9f,0x57,0x47,0x02,0x00,0x04,0xe0,0xe5,0x5f,0xf0,0x60,
    0xd8,0x9d,0xea,0xa8,0x3e,0x6a,0xa4,0xcc,0xe3,0x59,0x44,0x1b,0x21,0x34,0xab,0x8d,
    0x86,0xb6,0xd8,0xbc,0xb2,0x8c,0x0a,0x14,0x1a,0x5a,0x7c,0xdb,0x5d,0x82,0x39,0x33,
    0x00,0x7b,0xb6,0x6a,0x03,0x20,0x29,0x02,0x00,0x32,0xba,0xa8,0xff,0xbb,0xe5,0x5c,
    0x9e,0x8b,0x21,0xe3,0x3a,0x55,0x14,0x27,0x06,0xb5,0xfb,0xd4,0x6f,0x15,0x81,0xc3,
    0xb0,0x4f,0xf7,0x63,0x6b,0x88,0x44,0x17,0xf2,0xeb,0x89,0x03,0xf8,0x82,0x87,0x07,
    0xfe,0x6b,0xdb,0x5d,0xc1,0x9c,0x1a,0x80,0xff,0xc6,0x30,0x00,0x12,0xa3,0x00,0x80,
    0xfa,0x2b,0xfd,0x74,0x37,0x61,0xc1,0x46,0xa2,0xfe,0xda,0x78,0x8c,0x26,0x06,0x50,
    0x40,0x9f,0x02,0x00,0xc5,0x14,0xcf,0xb4,0x73,0x48,0x81,0xee,0xa7,0x03,0xde,0x3b,
    0x3b,0x9f,0x40,0x4c,0x00,0x38,0xdf,0x30,0x18,0x02,0x00,0xa0,0xea,0xaf,0xeb,0x09,
    0xd3,0xed,0x78,0x71,0x78,0x9b,0x57,0x0b,0x66,0x16,0x15,0x35,0x78,0xb8,0x21,0x40,
    0xd6,0xdc,0x9e,0xf4,0x6e,0x01,0x5e,0x2b,0x3b,0x9e,0x80,0x8e,0x00,0xd8,0xb3,0x0d,
    0xaa,0x05,0x0b,0x46,0x00,0x00,0xfa,0xa5,0x98,0xcf,0x45,0xef,0x33,0x5a,0xe1,0x2a,
    0x4f,0x0a,0xde,0xbd,0x62,0x02,0x3e,0x17,0x00,0x6e,0x4f,0x9e,0x59,0x42,0x75,0x40,
    0x34,0x00,0xfe,0x0a,0xdb,0x9d,0x81,0xf9,0x00,0xe0,0x36,0x7d,0x2d,0x00,0x00,0x30,
    0x09,0x00,0x78,0xd1,0xfb,0x77,0x1b,0xbe,0xb2,0x47,0x1f,0x7e,0x6a,0xd2,0x7c,0x8a,
    0x02,0xa8,0x57,0xd9,0x09,0xc0,0x73,0xb7,0x97,0xb0,0x65,0x62,0x02,0x03,0x8e,0xc9,
    0x0e,0xf0,0x80,0x8e,0x03,0xde,0xfa,0xda,0x9f,0xb9,0x4e,0x6f,0xb0,0x02,0x7b,0x6e,
    0x4f,0x17,0xb0,0x70,0x94,0x02,0x80,0x49,0x9f,0x59,0x50,0xf8,0x8b,0x13,0xbb,0x92,
    0x47,0x4a,0x28,0x8c,0x08,0xc0,0xc5,0x18,0x3c,0x0f,0xa8,0x63,0xd2,0xd6,0xe6,0xb3,
    0xff,0x89,0xdb,0x00,0xf7,0x00,0x5e,0xca,0xda,0x1f,0x81,0xf2,0x07,0x98,0xb0,0xe7,
    0x36,0x6a,0x03,0x16,0xa2,0x00,0x80,0xea,0xe7,0x44,0xc0,0x97,0x3c,0x93,0x6b,0x11,
    0x6a,0x9f,0x04,0xca,0x5e,0x91,0x80,0xb7,0x09,0x1d,0xd7,0x3b,0x06,0x38,0x28,0x00,
    0x1e,0xaa,0x3a,0xed,0x81,0xf2,0x03,0xc0,0x9e,0x6d,0x52,0x00,0x16,0x12,0xa5,0x00,
    0x6c,0xf9,0xdd,0x58,0x07,0x1b,0x17,0x0d,0x79,0x2c,0x9f,0xa4,0x29,0x7d,0x13,0xc0,
    0x1f,0x13,0x80,0x8d,0xa7,0xa8,0x2d,0xa0,0xf8,0x20,0x29,0x8d,0xa4,0x40,0x62,0x01,
    0xde,0x89,0xba,0x5d,0x80,0x72,0x03,0xac,0xd9,0xf3,0xda,0x00,0x40,0x22,0x04,0x20,
    0x37,0x1d,0xb4,0x9b,0xf4,0xa2,0x75,0x5a,0x94,0x6b,0x7f,0x15,0xeb,0x32,0x48,0xfc,
    0x01,0xe0,0x8b,0x02,0xe8,0x94,0x45,0x23,0xdf,0xc3,0x01,0xb0,0x92,0x02,0x1d,0x1e,
    0x5a,0x7a,0x67,0x05,0xb7,0x01,0x66,0xf6,0x6c,0x33,0x00,0x90,0x08,0x01,0xc8,0xeb,
    0x03,0x9e,0xca,0x0a,0xe2,0xb2,0xfc,0x0c,0x45,0xc0,0x34,0xd2,0x12,0x4b,0xbc,0x15,
    0xc0,0xf2,0xca,0x10,0xcf,0x59,0x90,0xd4,0x8b,0xf5,0x90,0xd8,0xd9,0xf6,0x94,0xde,
    0xd2,0xda,0x86,0xd5,0x20,0x01,0xde,0x39,0x7a,0xec,0x14,0xd2,0x02,0xc0,0x9e,0x6d,
    0x00,0x00,0x92,0x24,0x20,0x9f,0xbb,0x3a,0x13,0x16,0xb7,0x17,0xb9,0x51,0x2b,0x6d,
    0xbd,0x2c,0x57,0xad,0x75,0xf2,0x7a,0x00,0x50,0xb1,0xae,0x8b,0x4e,0x4b,0xeb,0x96,
    0xbb,0xba,0x0f,0xb0,0x6d,0x01,0xaf,0x78,0x16,0x8d,0x3b,0xc6,0xa9,0x3b,0x01,0x02,
    0x0f,0xd0,0x00,0x7e,0x09,0x7a,0x6c,0x9c,0xa1,0x00,0x60,0xcf,0xf4,0x01,0x80,0x24,
    0x09,0x20,0x66,0xc1,0x27,0x56,0x60,0x57,0xd4,0xb4,0x75,0x55,0x06,0x64,0xed,0xb0,
    0xe0,0x72,0xd4,0x4c,0x3a,0x28,0x56,0x1b,0x60,0x95,0x8b,0x7a,0xe8,0xb1,0xd0,0x65,
    0x27,0x37,0x77,0xe4,0x25,0x3c,0xce,0x52,0x58,0xd9,0x32,0x6a,0x33,0xe8,0x59,0xce,
    0x12,0x0a,0xc0,0x03,0x3e,0xf9,0xf9,0x08,0x92,0x0d,0x00,0x6c,0xd7,0x1c,0xc0,0x49,
    0x12,0x30,0x78,0x9f,0xd4,0xbc,0x54,0x89,0x41,0x87,0xbe,0x7a,0xaf,0x73,0x70,0x57,
    0x11,0xd5,0x83,0x1d,0x87,0x8d,0x74,0x28,0x7d,0xa7,0x94,0x05,0x11,0x8a,0x7b,0xe2,
    0xec,0x8b,0x3c,0xda,0x9a,0x5a,0xd1,0x01,0xda,0x32,0xb9,0xae,0x53,0xd0,0x4a,0xb2,
    0x14,0xdd,0xbc,0x78,0x05,0x07,0x9e,0x18,0xfa,0x3a,0x65,0x38,0x07,0x40,0xeb,0xd7,
    0x1e,0x80,0x24,0x0a,0xa0,0xff,0xf7,0xe0,0x17,0x77,0xed,0x17,0x26,0x6a,0x06,0xf2,
    0x52,0x8e,0xd9,0xf8,0xf8,0x38,0xac,0x76,0x1b,0xae,0x5b,0x87,0x2f,0x00,0xa8,0x82,
    0xda,0x97,0x5c,0x14,0x20,0xc1,0x01,
};

static const unsigned char s_bd[] = {
    0x4f,0x67,0x67,0x53,0x00,0x02,0x00,0x00,0x00,0x00,0x00,0x00,0x00,0x00,0xc7,0x6b,
    0xf1,0x47,0x00,0x00,0x00,0x00,0xd1,0xc3,0x90,0x25,0x01,0x1e,0x01,0x76,0x6f,0x72,
    0x62,0x69,0x73,0x00,0x00,0x00,0x00,0x01,0x09,0x56,0x00,0x00,0xff,0xff,0xff,0xff,
    0x00,0x7d,0x00,0x00,0xff,0xff,0xff,0xff,0xa9,0x01,0x4f,0x67,0x67,0x53,0x00,0x00,
    0x00,0x00,0x00,0x00,0x00,0x00,0x00,0x00,0xc7,0x6b,0xf1,0x47,0x01,0x00,0x00,0x00,
    0xdf,0x59,0x00,0x04,0x0e,0x32,0xff,0xff,0xff,0xff,0xff,0xff,0xff,0xff,0xff,0xff,
    0xff,0xff,0xc5,0x03,0x76,0x6f,0x72,0x62,0x69,0x73,0x0b,0x00,0x00,0x00,0x4c,0x61,
    0x76,0x66,0x35,0x33,0x2e,0x32,0x34,0x2e,0x32,0x01,0x00,0x00,0x00,0x13,0x00,0x00,
    0x00,0x65,0x6e,0x63,0x6f,0x64,0x65,0x72,0x3d,0x4c,0x61,0x76,0x66,0x35,0x33,0x2e,
    0x32,0x34,0x2e,0x32,0x01,0x05,0x76,0x6f,0x72,0x62,0x69,0x73,0x22,0x42,0x43,0x56,
    0x01,0x00,0x40,0x00,0x00,0x18,0x42,0x10,0x2a,0x05,0xad,0x63,0x8e,0x3a,0xc8,0x15,
    0x21,0x8c,0x19,0xa2,0xa0,0x42,0xca,0x29,0xc7,0x1d,0x42,0xd0,0x21,0xa3,0x24,0x43,
    0x88,0x3a,0xc6,0x35,0xc7,0x18,0x63,0x47,0xb9,0x64,0x8a,0x42,0xc9,0x81,0xd0,0x90,
    0x55,0x00,0x00,0x40,0x00,0x00,0xa4,0x1c,0x57,0x50,0x72,0x49,0x2d,0xe7,0x9c,0x73,
    0xa3,0x18,0x57,0xcc,0x71,0xe8,0x20,0xe7,0x9c,0x73,0xe5,0x20,0x67,0xcc,0x71,0x09,
    0x25,0xe7,0x9c,0x73,0x8e,0x39,0xe7,0x92,0x72,0x8e,0x31,0xe7,0x9c,0x73,0xa3,0x18,
    0x57,0x0e,0x72,0x29,0x2d,0xe7,0x9c,0x73,0x81,0x14,0x47,0x8a,0x71,0xa7,0x18,0xe7,
    0x9c,0x73,0xa4,0x1c,0x47,0x8a,0x71,0xa8,0x18,0xe7,0x9c,0x73,0x6d,0x31,0xb7,0x92,
    0x72,0xce,0x39,0xe7,0x9c,0x73,0xe6,0x20,0x87,0x52,0x72,0xae,0x35,0xe7,0x9c,0x73,
    0xa4,0x18,0x67,0x0e,0x72,0x0b,0x25,0xe7,0x9c,0x73,0xc6,0x20,0x67,0xcc,0x71,0xeb,
    0x20,0xe7,0x9c,0x73,0x8c,0x35,0xb7,0xd4,0x72,0xce,0x39,0xe7,0x9c,0x73,0xce,0x39,
    0xe7,0x9c,0x73,0xce,0x39,0xe7,0x9c,0x73,0x8c,0x31,0xe7,0x9c,0x73,0xce,0x39,0xe7,
    0x9c,0x73,0x6e,0x31,0xe7,0x16,0x73,0xae,0x39,0xe7,0x9c,0x73,0xce,0x39,0xe7,0x1c,
    0x73,0xce,0x39,0xe7,0x9c,0x73,0x20,0x34,0x64,0x15,0x00,0x90,0x00,0x00,0xa0,0xa1,
    0x28,0x8a,0xe2,0x28,0x0e,0x10,0x1a,0xb2,0x0a,0x00,0xc8,0x00,0x00,0x10,0x40,0x71,
    0x14,0x47,0x91,0x14,0x4b,0xb1,0x1c,0xcb,0xd1,0x24,0x0d,0x08,0x0d,0x59,0x05,0x00,
    0x00,0x01,0x00,0x08,0x00,0x00,0xa0,0x48,0x86,0xa4,0x48,0x8a,0xa5,0x58,0x8e,0x66,
    0x69,0x9e,0x26,0x7a,0xa2,0x28,0x9a,0xa2,0x2a,0xab,0xb2,0x69,0xca,0xb2,0x2c,0xcb,
    0xb2,0xeb,0xba,0x2e,0x10,0x1a,0xb2,0x0a,0x00,0x48,0x00,0x00,0x50,0x51,0x14,0xc5,
    0x70,0x14,0x07,0x08,0x0d,0x59,0x05,0x00,0x64,0x00,0x00,0x08,0x60,0x28,0x8a,0xa3,
    0x38,0x8e,0xe4,0x58,0x92,0xa5,0x59,0x9e,0x07,0x84,0x86,0xac,0x02,0x00,0x80,0x00,
    0x00,0x04,0x00,0x00,0x50,0x0c,0x47,0xb1,0x14,0x4d,0xf1,0x24,0xcf,0xf2,0x3c,0xcf,
    0xf3,0x3c,0xcf,0xf3,0x3c,0xcf,0xf3,0x3c,0xcf,0xf3,0x3c,0xcf,0xf3,0x3c,0xcf,0xf3,
    0x3c,0x0d,0x08,0x0d,0x59,0x05,0x00,0x20,0x00,0x00,0x00,0x82,0x28,0x64,0x18,0x03,
    0x42,0x43,0x56,0x01,0x00,0x40,0x00,0x00,0x08,0x21,0x1a,0x19,0x43,0x9d,0x52,0x12,
    0x5c,0x0a,0x16,0x42,0x1c,0x11,0x43,0x1d,0x42,0xce,0x43,0xa9,0xa5,0x83,0xe0,0x29,
    0x85,0x25,0x63,0xd2,0x53,0xac,0x41,0x08,0x21,0x7c,0xef,0x3d,0xf7,0xde,0x7b,0xef,
    0x81,0xd0,0x90,0x55,0x00,0x00,0x10,0x00,0x00,0x61,0x14,0x38,0x88,0x81,0xc7,0x24,
    0x08,0x21,0x84,0x62,0x14,0x27,0x44,0x71,0xa6,0x20,0x08,0x21,0x84,0xe5,0x24,0x58,
    0xca,0x79,0xe8,0x24,0x08,0xdd,0x83,0x10,0x42,0xb8,0x9c,0x7b,0xcb,0xb9,0xf7,0xde,
    0x7b,0x20,0x34,0x64,0x15,0x00,0x00,0x08,0x00,0xc0,0x20,0x84,0x10,0x42,0x08,0x21,
    0x84,0x10,0x42,0x08,0x29,0xa4,0x94,0x52,0x48,0x29,0xa6,0x98,0x62,0x8a,0x29,0xc7,
    0x1c,0x73,0xcc,0x31,0xc7,0x20,0x83,0x0c,0x32,0xe8,0xa0,0x93,0x4e,0x3a,0xc9,0xa4,
    0x92,0x4e,0x3a,0xca,0x24,0xa3,0x8e,0x52,0x6b,0x29,0xb5,0x14,0x53,0x4c,0xb1,0xe5,
    0x16,0x63,0xad,0xb5,0xd6,0x9c,0x73,0xaf,0x41,0x29,0x63,0x8c,0x31,0xc6,0x18,0x63,
    0x8c,0x31,0xc6,0x18,0x63,0x8c,0x31,0xc6,0x18,0x23,0x08,0x0d,0x59,0x05,0x00,0x80,
    0x00,0x00,0x10,0x06,0x19,0x64,0x90,0x41,0x08,0x21,0x84,0x14,0x52,0x48,0x29,0xa6,
    0x98,0x72,0xcc,0x31,0xc7,0x1c,0x03,0x42,0x43,0x56,0x01,0x00,0x80,0x00,0x00,0x02,
    0x00,0x00,0x00,0x1c,0x45,0x52,0x24,0x47,0x72,0x24,0x47,0x92,0x24,0xc9,0x92,0x2c,
    0x49,0x93,0x3c,0xcb,0xb3,0x3c,0xcb,0xb3,0x3c,0x4d,0xd4,0x44,0x4d,0x15,0x55,0xd5,
    0x55,0x6d,0xd7,0xf6,0x6d,0x5f,0xf6,0x6d,0xdf,0xd5,0x65,0xdf,0xf6,0x65,0xdb,0xd5,
    0x65,0x5d,0x96,0x65,0xdd,0xb5,0x6d,0x5d,0xd6,0x5d,0x5d,0xd7,0x75,0x5d,0xd7,0x75,
    0x5d,0xd7,0x75,0x5d,0xd7,0x75,0x5d,0xd7,0x75,0x5d,0xd7,0x81,0xd0,0x90,0x55,0x00,
    0x80,0x04,0x00,0x80,0x8e,0xe4,0x38,0x8e,0xe4,0x38,0x8e,0xe4,0x48,0x8e,0xa4,0x48,
    0x0a,0x10,0x1a,0xb2,0x0a,0x00,0x90,0x01,0x00,0x10,0x00,0x80,0xa3,0x38,0x8a,0xe3,
    0x48,0x8e,0xe4,0x58,0x8e,0x25,0x59,0x92,0x26,0x69,0x96,0x67,0x79,0x96,0xa7,0x79,
    0x9a,0xa8,0x89,0x1e,0x10,0x1a,0xb2,0x0a,0x00,0x00,0x04,0x00,0x10,0x00,0x00,0x00,
    0x00,0x00,0x80,0xa2,0x28,0x8a,0xa3,0x38,0x8e,0x24,0x59,0x96,0xa6,0x69,0x9e,0xa7,
    0x7a,0xa2,0x28,0x9a,0xaa,0xaa,0x8a,0xa6,0xa9,0xaa,0xaa,0x6a,0x9a,0xa6,0x69,0x9a,
    0xa6,0x69,0x9a,0xa6,0x69,0x9a,0xa6,0x69,0x9a,0xa6,0x69,0x9a,0xa6,0x69,0x9a,0xa6,
    0x69,0x9a,0xa6,0x69,0x9a,0xa6,0x69,0x9a,0xa6,0x69,0x9a,0xa6,0x69,0x02,0xa1,0x21,
    0xab,0x00,0x00,0x09,0x00,0x00,0x1d,0xc7,0x71,0x1c,0x47,0x71,0x1c,0xc7,0x71,0x24,
    0x47,0x92,0x24,0x20,0x34,0x64,0x15,0x00,0x20,0x03,0x00,0x20,0x00,0x00,0x43,0x51,
    0x1c,0x45,0x72,0x2c,0xc7,0x92,0x34,0x4b,0xb3,0x3c,0xcb,0xd3,0x44,0xcf,0xf4,0x5c,
    0x51,0x36,0x75,0x53,0x57,0x6d,0x20,0x34,0x64,0x15,0x00,0x00,0x08,0x00,0x20,0x00,
    0x00,0x00,0x00,0x00,0x00,0xc7,0x73,0x3c,0xc7,0x73,0x3c,0xc9,0x93,0x3c,0xcb,0x73,
    0x3c,0xc7,0x93,0x3c,0x49,0xd3,0x34,0x4d,0xd3,0x34,0x4d,0xd3,0x34,0x4d,0xd3,0x34,
    0x4d,0xd3,0x34,0x4d,0xd3,0x34,0x4d,0xd3,0x34,0x4d,0xd3,0x34,0x4d,0xd3,0x34,0x4d,
    0xd3,0x34,0x4d,0xd3,0x34,0x4d,0xd3,0x34,0x4d,0xd3,0x34,0x4d,0xd3,0x34,0x4d,0x03,
    0x42,0x43,0x56,0x02,0x00,0x64,0x00,0x00,0x10,0x93,0x90,0x4a,0x4e,0xb1,0x57,0x46,
    0x29,0xc6,0x24,0xb4,0x5e,0x2a,0xa4,0x14,0x93,0xd4,0x7b,0xa8,0x98,0x62,0x4c,0x3a,
    0xed,0xa9,0x42,0x06,0x29,0x07,0xb9,0x87,0x4a,0x21,0xa5,0xa0,0xd3,0xde,0x32,0xa5,
    0x90,0x52,0x0c,0x7b,0xa7,0x98,0x42,0xc8,0x18,0xea,0xa1,0x83,0x90,0x31,0x85,0xb0,
    0xd7,0xda,0x73,0xcf,0xbd,0xf7,0x1e,0x08,0x0d,0x59,0x11,0x00,0x44,0x01,0x00,0x00,
    0xc6,0x20,0xc6,0x10,0x63,0xc8,0x31,0x26,0x25,0x83,0x12,0x31,0xc7,0x24,0x64,0x52,
    0x22,0xe7,0x9c,0x94,0x4e,0x4a,0x26,0xa5,0xa4,0x56,0x5a,0xcc,0xa4,0x84,0x98,0x4a,
    0x8b,0x91,0x73,0x4e,0x4a,0x27,0x25,0x93,0x52,0x5a,0x0b,0xa9,0x65,0x92,0x4a,0x6b,
    0x25,0xa6,0x02,0x00,0x00,0x02,0x1c,0x00,0x00,0x02,0x2c,0x84,0x42,0x43,0x56,0x04,
    0x00,0x51,0x00,0x00,0x88,0x31,0x48,0x29,0xa4,0x14,0x52,0x4a,0x31,0xa7,0x98,0x43,
    0x4a,0x29,0xc7,0x94,0x63,0x48,0x29,0xe5,0x9c,0x72,0x4e,0x39,0xc7,0x98,0x74,0x10,
    0x2a,0xe7,0x18,0x74,0x0e,0x4a,0xa4,0x94,0x72,0x8e,0x39,0xa7,0x9c,0x73,0x12,0x32,
    0x07,0x95,0x73,0x0e,0x42,0x26,0x9d,0x00,0x00,0x80,0x00,0x07,0x00,0x80,0x00,0x0b,
    0xa1,0xd0,0x90,0x15,0x01,0x40,0x9c,0x00,0x00,0x80,0x90,0x73,0x8a,0x31,0x08,0x11,
    0x63,0x10,0x42,0x09,0x29,0x85,0x50,0x52,0xaa,0x9c,0x93,0xd2,0x41,0x49,0xa9,0x83,
    0x92,0x52,0x49,0xa9,0xc5,0x92,0x52,0x8c,0x95,0x73,0x52,0x3a,0x09,0x29,0x75,0x12,
    0x52,0x2a,0x29,0xc5,0x58,0x52,0x8a,0x2d,0xa4,0x54,0x63,0x69,0x2d,0xd7,0xd2,0x52,
    0x8d,0x2d,0xc6,0x9c,0x5b,0x8c,0xbd,0x86,0x94,0x62,0x2d,0xa9,0xd5,0x5a,0x5a,0xab,
    0xb9,0xc5,0x58,0x73,0x8b,0x35,0xf7,0xc8,0x39,0x4a,0x9d,0x94,0xd6,0x3a,0x29,0xad,
    0xa5,0xd6,0x6a,0x4d,0xad,0xd5,0xda,0x49,0x69,0x2d,0xa4,0xd6,0x62,0x69,0x2d,0xc6,
    0xd6,0x62,0xcd,0x29,0xc6,0x9c,0x33,0x29,0xad,0x85,0x96,0x62,0x2b,0xa9,0xc5,0xd8,
    0x62,0xcb,0x35,0xb5,0x98,0x73,0x69,0x2d,0xd7,0x14,0x63,0xcf,0x29,0xc6,0x9e,0x6b,
    0xac,0xb9,0xc7,0x9c,0x83,0x30,0xad,0xd5,0x9c,0x5a,0xcb,0x39,0xc5,0x98,0x7b,0xcc,
    0xb1,0xe7,0x98,0x73,0x0f,0x92,0x73,0x94,0x3a,0x29,0xad,0x75,0x52,0x5a,0x4b,0xad,
    0xd5,0x9a,0x5a,0xab,0x35,0x93,0xd2,0x5a,0x69,0xad,0xc6,0x90,0x5a,0x8b,0x2d,0xc6,
    0x9c,0x5b,0x8b,0x31,0x67,0x52,0x5a,0x2c,0xa9,0xc5,0x58,0x5a,0x8a,0x31,0xc5,0x98,
    0x73,0x8b,0x2d,0xd7,0xd0,0x5a,0xae,0x29,0xc6,0x9c,0x53,0x8b,0x39,0xc7,0x5a,0x83,
    0x92,0xb1,0xf6,0x5e,0x5a,0xab,0x39,0xc5,0x98,0x7b,0x8a,0xad,0xe7,0x98,0x73,0x30,
    0x36,0xc7,0x9e,0x3b,0x4a,0xb9,0x96,0xd6,0x7a,0x2e,0xad,0xf5,0x5e,0x73,0x2e,0x42,
    0xd6,0xdc,0x8b,0x68,0x2d,0xe7,0xd4,0x6a,0x0f,0x2a,0xc6,0x9e,0x73,0xce,0xc1,0xd8,
    0xdc,0x83,0x10,0xad,0xe5,0x9c,0x6a,0xec,0x3d,0xc5,0xd8,0x7b,0xee,0x39,0x18,0xdb,
    0x73,0xf0,0xad,0xd6,0xe0,0x5b,0xcd,0x45,0xc8,0x9c,0x83,0xd0,0xb9,0xf8,0xa6,0x7b,
    0x30,0x46,0xd5,0xda,0x83,0xcc,0xb5,0x08,0x99,0x73,0x10,0x3a,0xe8,0x22,0x74,0xf0,
    0xc9,0x78,0x94,0x6a,0x2e,0xad,0xe5,0x5c,0x5a,0xeb,0x3d,0xd6,0x1a,0x7c,0xcd,0x39,
    0x08,0xd1,0x5a,0xee,0x29,0xc6,0xde,0x53,0x8b,0xbd,0xd7,0x9e,0x9b,0xb0,0xbd,0x07,
    0x21,0x5a,0xcb,0x3d,0xc5,0xd8,0x83,0x8a,0x31,0xf8,0x9a,0x73,0x30,0x3a,0xe7,0x62,
    0x54,0xad,0xc1,0xc7,0x9c,0x83,0x90,0xb5,0x16,0xa1,0x7b,0x2f,0x4a,0xe7,0x20,0x94,
    0xaa,0xb5,0x07,0x99,0x6b,0x50,0x32,0xd7,0x22,0x74,0xf0,0xc5,0xe8,0xa0,0x8b,0x2f,
    0x00,0x00,0x60,0xc0,0x01,0x00,0x20,0xc0,0x84,0x32,0x50,0x68,0xc8,0x8a,0x00,0x20,
    0x4e,0x00,0x80,0x41,0xc8,0x39,0xa5,0x18,0x84,0x4a,0x29,0x08,0xa1,0x84,0x94,0x42,
    0x28,0x29,0x55,0x8c,0x49,0xc8,0x98,0x83,0x92,0x31,0x27,0xa5,0x94,0x52,0x5a,0x08,
    0x25,0xb5,0x8a,0x31,0x08,0x99,0x63,0x52,0x32,0xc7,0xa4,0x84,0x12,0x5a,0x2a,0x25,
    0xb4,0x12,0x4a,0x69,0xa9,0x94,0xd2,0x5a,0x28,0xa5,0xb5,0x96,0x5a,0x8c,0x29,0xb5,
    0x16,0x43,0x29,0xa9,0x85,0x52,0x5a,0x2b,0xa5,0xb4,0x96,0x5a,0xaa,0x31,0xb5,0x56,
    0x63,0xc4,0x98,0x94,0xcc,0x39,0x29,0x99,0x63,0x52,0x4a,0x29,0xad,0x95,0x52,0x5a,
    0xab,0x1c,0x93,0x92,0x31,0x28,0xa9,0x83,0x90,0x4a,0x29,0x29,0xc5,0x52,0x52,0x8b,
    0x95,0x73,0x52,0x32,0xe8,0xa8,0x74,0x10,0x4a,0x2a,0xa9,0xc4,0x54,0x52,0x69,0xad,
    0xa4,0xd2,0x52,0x29,0xa5,0xc5,0x92,0x52,0x6c,0x29,0xc5,0x54,0x5b,0x8b,0xb5,0x86,
    0x52,0x5a,0x2c,0xa9,0xc4,0x56,0x52,0x6a,0x31,0xb5,0x54,0x5b,0x8b,0x31,0xd7,0x88,
    0x31,0x29,0x19,0x73,0x52,0x32,0xe7,0xa4,0x94,0x52,0x52,0x2b,0xa5,0xb4,0x96,0x39,
    0x27,0xa5,0x83,0x8e,0x4a,0xe6,0xa0,0xa4,0x92,0x52,0x6b,0xa5,0xa4,0x14,0x33,0xe6,
    0xa4,0x74,0x0e,0x4a,0xca,0x20,0xa3,0x52,0x52,0x8a,0x2d,0xa5,0x12,0x53,0x28,0xa5,
    0xb5,0x92,0x52,0x6c,0xa5,0xa4,0xd6,0x5a,0x8c,0xb5,0xa6,0xd4,0x5a,0x2d,0x25,0xb5,
    0x56,0x52,0x6a,0xb1,0x94,0x12,0x5b,0x8b,0x31,0xd7,0x16,0x4b,0x4d,0x9d,0x94,0xd6,
    0x4a,0x2a,0x31,0x86,0x52,0x5a,0x6b,0x31,0xe6,0x9a,0x5a,0x8b,0x31,0x94,0x12,0x5b,
    0x29,0x29,0xc6,0x92,0x4a,0x6c,0xad,0xc5,0x9a,0x5b,0x6c,0x39,0x86,0x52,0x5a,0x2c,
    0xa9,0xc4,0x56,0x4a,0x6a,0xb1,0xd5,0x96,0x63,0x6b,0xb1,0xe6,0xd4,0x52,0x8d,0x29,
    0xb5,0x9a,0x5b,0x6c,0xb9,0xc6,0x94,0x53,0x8f,0xb5,0xf6,0x9c,0x5a,0xab,0x35,0xb5,
    0x54,0x63,0x6b,0xb1,0xe6,0x58,0x5b,0x6f,0xb5,0xd6,0x9c,0x3b,0x29,0xad,0x85,0x52,
    0x5a,0x2b,0x25,0xc5,0x98,0x5a,0x8b,0xb1,0xc5,0x58,0x73,0x28,0x25,0xb6,0x92,0x52,
    0x6c,0xa5,0xa4,0x18,0x5b,0x6c,0xb9,0xb6,0x16,0x63,0x0f,0xa1,0xb4,0x58,0x4a,0x6a,
    0xb1,0xa4,0x12,0x63,0x6b,0x31,0xe6,0x18,0x5b,0x8e,0xa9,0xb5,0x5a,0x5b,0x6c,0xb9,
    0xa6,0xd4,0x62,0xad,0xb5,0xf6,0x1c,0x5b,0x6e,0x3d,0xa5,0x16,0x6b,0x8b,0xb1,0xe6,
    0xd2,0x52,0x8d,0x35,0xd7,0xde,0x63,0x4d,0x39,0x15,0x00,0x00,0x30,0xe0,0x00,0x00,
    0x10,0x60,0x42,0x19,0x28,0x34,0x64,0x25,0x00,0x10,0x05,0x00,0x00,0x18,0xc3,0x18,
    0x63,0x10,0x1a,0xa5,0x9c,0x73,0x4e,0x4a,0x83,0x94,0x73,0xce,0x49,0xc9,0x9c,0x83,
    0x10,0x42,0x4a,0x99,0x73,0x10,0x42,0x48,0x29,0x73,0x4e,0x42,0x4a,0x2d,0x65,0xce,
    0x41,0x48,0xa9,0xb5,0x50,0x4a,0x4a,0xad,0xc5,0x16,0x4a,0x49,0xa9,0xb5,0x16,0x0b,
    0x00,0x00,0x28,0x70,0x00,0x00,0x08,0xb0,0x41,0x53,0x62,0x71,0x80,0x42,0x43,0x56,
    0x02,0x00,0x51,0x00,0x00,0x88,0x31,0x4a,0x31,0x06,0xa1,0x31,0x46,0x29,0xe7,0x20,
    0x34,0xc6,0x28,0xc5,0x18,0x84,0x4a,0x29,0xc6,0x9c,0x93,0x50,0x29,0xc5,0x98,0x73,
    0x50,0x32,0xc7,0x9c,0x83,0x50,0x4a,0xe6,0x9c,0x73,0x10,0x4a,0x09,0x21,0x94,0x52,
    0x4a,0x4a,0x21,0x84,0x52,0x4a,0x49,0xa9,0x00,0x00,0x80,0x02,0x07,0x00,0x80,0x00,
    0x1b,0x34,0x25,0x16,0x07,0x28,0x34,0x64,0x45,0x00,0x10,0x05,0x00,0x00,0x18,0x63,
    0x9c,0x33,0xce,0x21,0x0a,0x9d,0xa5,0xce,0x52,0x24,0xa9,0xa3,0xd6,0x51,0x6b,0x28,
    0xa5,0x1a,0x4b,0x8c,0x9d,0xc6,0x56,0x7b,0xeb,0xb9,0xd3,0x1a,0x7b,0x6d,0xb9,0x37,
    0x94,0x4a,0x8d,0xa9,0xd6,0x8e,0x6b,0xcb,0xb9,0xd5,0xde,0x69,0x4d,0x3d,0xb7,0x1c,
    0x0b,0x00,0x00,0x3b,0x70,0x00,0x00,0x3b,0xb0,0x10,0x0a,0x0d,0x59,0x09,0x00,0xe4,
    0x01,0x00,0x10,0xc6,0x28,0xc5,0x98,0x73,0xce,0x19,0x85,0x18,0x73,0xce,0x39,0xe7,
    0x0c,0x52,0x8c,0x39,0xe7,0x9c,0x73,0x8a,0x31,0xe7,0x9c,0x83,0x10,0x42,0xc5,0x98,
    0x73,0xce,0x41,0x08,0x21,0x73,0xce,0x39,0x08,0xa1,0x84,0x92,0x39,0xe7,0x1c,0x84,
    0x10,0x4a,0xe8,0x9c,0x83,0x50,0x4a,0x29,0xa5,0x74,0xce,0x41,0x08,0xa1,0x94,0x52,
    0x3a,0xe7,0x20,0x84,0x52,0x4a,0x29,0x9d,0x73,0x10,0x4a,0x29,0xa5,0x94,0x02,0x00,
    0x80,0x0a,0x1c,0x00,0x00,0x02,0x6c,0x14,0xd9,0x9c,0x60,0x24,0xa8,0xd0,0x90,0x95,
    0x00,0x40,0x1e,0x00,0x00,0x60,0x0c,0x42,0xce,0x49,0x69,0xad,0x61,0xcc,0x39,0x08,
    0x2d,0xd5,0xd8,0x30,0xc6,0x1c,0x94,0x94,0x62,0x8b,0x9c,0x83,0x90,0x52,0x8b,0xb9,
    0x46,0xcc,0x41,0x48,0x29,0xc6,0xa0,0x3b,0x28,0x29,0xb5,0x18,0x6c,0xf0,0x9d,0x84,
    0x94,0x5a,0x8b,0x39,0x07,0x93,0x52,0x8b,0x35,0xe7,0xde,0x83,0x48,0xa9,0xb5,0x9a,
    0x83,0xce,0x3d,0xd5,0x56,0x73,0xcf,0xbd,0xf7,0x9c,0x62,0xac,0x35,0xe7,0xde,0x73,
    0x2f,0x00,0x00,0x77,0xc1,0x01,0x00,0xec,0xc0,0x46,0x91,0xcd,0x09,0x46,0x82,0x0a,
    0x0d,0x59,0x09,0x00,0xe4,0x01,0x00,0x10,0x08,0x29,0xc5,0x98,0x73,0xce,0x19,0xa5,
    0x18,0x73,0xcc,0x39,0xe7,0x8c,0x52,0x8c,0x31,0xe6,0x9c,0x73,0x8a,0x31,0xc6,0x9c,
    0x73,0xce,0x41,0xc5,0x18,0x63,0xce,0x39,0x07,0x21,0x63,0xcc,0x39,0xe7,0x20,0x84,
    0x90,0x31,0xe6,0x9c,0x73,0x10,0x42,0xe8,0x9c,0x73,0x0e,0x42,0x08,0x21,0x74,0xce,
    0x39,0x07,0x21,0x84,0x10,0x3a,0xe7,0xa0,0x83,0x10,0x42,0x08,0x9d,0x73,0x10,0x42,
    0x08,0x21,0x84,0x02,0x00,0x80,0x0a,0x1c,0x00,0x00,0x02,0x6c,0x14,0xd9,0x9c,0x60,
    0x24,0xa8,0xd0,0x90,0x95,0x00,0x40,0x38,0x00,0x00,0x00,0x21,0x84,0x10,0x42,0x08,
    0x21,0x84,0x10,0x42,0x08,0x21,0x84,0x10,0x42,0x08,0x21,0x84,0x10,0x42,0x08,0x21,
    0x84,0x10,0x42,0x08,0x21,0x84,0x10,0x42,0x08,0x21,0x84,0x10,0x42,0x08,0x21,0x84,
    0x10,0x42,0x08,0x21,0x84,0x10,0x42,0x08,0x21,0x84,0x10,0x42,0x08,0x21,0x84,0x10,
    0x42,0x08,0x21,0x84,0x10,0x42,0x08,0x21,0x84,0x10,0x42,0x08,0x21,0x84,0x10,0x42,
    0x08,0x21,0x84,0x10,0x42,0x08,0x21,0x84,0x10,0x42,0x08,0x21,0x84,0x10,0x42,0x08,
    0x21,0x84,0x10,0x42,0x08,0x21,0x84,0x10,0x42,0x08,0x21,0x84,0x10,0x42,0x08,0x21,
    0x84,0x10,0x42,0x08,0x21,0x84,0x10,0x42,0x08,0x21,0x84,0x10,0x42,0x08,0x21,0x84,
    0x10,0x42,0xe8,0x9c,0x73,0xce,0x39,0xe7,0x9c,0x73,0xce,0x39,0xe7,0x9c,0x73,0xce,
    0x39,0xe7,0x9c,0x73,0xce,0x39,0x27,0x00,0xc8,0xb7,0xc2,0x01,0xc0,0xff,0xc1,0xc6,
    0x19,0x56,0x92,0xce,0x0a,0x47,0x83,0x0b,0x0d,0x59,0x09,0x00,0x84,0x03,0x00,0x00,
    0x0a,0x41,0x28,0xa5,0x62,0x10,0x4a,0x29,0x25,0x92,0x4e,0x3a,0x29,0x9d,0x93,0x50,
    0x4a,0x29,0x91,0x83,0x52,0x4a,0xe9,0xa4,0x94,0x52,0x4a,0x09,0xa5,0x94,0x52,0x4a,
    0x08,0xa5,0x94,0x52,0x4a,0x08,0x1d,0x94,0x52,0x42,0x29,0xa5,0x94,0x52,0x4a,0x29,
    0xa5,0x94,0x52,0x4a,0x29,0xa5,0x94,0x52,0x3a,0x29,0xa5,0x94,0x52,0x4a,0x29,0xa5,
    0x94,0xca,0x39,0x29,0xa5,0x93,0x52,0x4a,0x29,0xa5,0x44,0xce,0x49,0x29,0x21,0x94,
    0x52,0x4a,0x29,0xa5,0x84,0x52,0x4a,0x29,0xa5,0x94,0x52,0x4a,0x29,0xa5,0x94,0x52,
    0x4a,0x29,0xa5,0x94,0x52,0x4a,0x29,0xa5,0x84,0x10,0x42,0x08,0x21,0x84,0x10,0x42,
    0x08,0x21,0x84,0x10,0x42,0x08,0x21,0x84,0x10,0x42,0x08,0x21,0x84,0x10,0x42,0x08,
    0x21,0x84,0x10,0x42,0x08,0x21,0x84,0x10,0x42,0x08,0x21,0x84,0x02,0x00,0xb8,0x1b,
    0x1c,0x00,0x20,0x12,0x6c,0x9c,0x61,0x25,0xe9,0xac,0x70,0x34,0xb8,0xd0,0x90,0x95,
    0x00,0x40,0x48,0x00,0x00,0xa0,0x14,0x73,0x8e,0x4a,0x08,0x29,0x94,0x90,0x52,0xa8,
    0x98,0xa2,0x8e,0x42,0x29,0x29,0xa4,0x52,0x4a,0x0a,0x11,0x63,0xce,0x49,0xea,0x1c,
    0x85,0x50,0x52,0x28,0xa9,0x83,0xca,0x39,0x08,0xa5,0xa4,0x94,0x42,0x2a,0x21,0x75,
    0xce,0x41,0x07,0x25,0x85,0x90,0x52,0x09,0x21,0x95,0x8e,0x3a,0xe8,0x28,0x94,0x50,
    0x52,0x2a,0x25,0x94,0xd2,0x39,0x28,0xa5,0x84,0x14,0x4a,0x4a,0x29,0x95,0x90,0x42,
    0x48,0xa9,0x74,0x94,0x52,0x28,0x25,0x95,0x94,0x42,0x2a,0x21,0x95,0x52,0x4a,0x48,
    0x25,0x95,0x10,0x4a,0x0a,0x9d,0xa4,0x54,0x4a,0x0a,0xa9,0xa4,0x54,0x52,0x08,0x9d,
    0x74,0x90,0x42,0x27,0x25,0xa4,0x92,0x4a,0x0a,0xa9,0x93,0x94,0x52,0x2a,0x25,0xa5,
    0x94,0x4a,0x4a,0x25,0x74,0x52,0x42,0x2a,0x29,0xa5,0x10,0x42,0x4a,0xa9,0x94,0x10,
    0x4a,0x48,0x29,0xa5,0x4e,0x52,0x49,0xa9,0xa4,0x14,0x42,0x28,0x21,0x85,0x94,0x52,
    0x4a,0x25,0xa5,0x92,0x4a,0x4a,0x21,0x95,0x54,0x42,0x09,0xa5,0xa4,0x94,0x52,0x28,
    0xa1,0xa4,0x54,0x52,0x4a,0x29,0xa5,0x92,0x52,0x29,0x00,0x00,0xe0,0xc0,0x01,0x00,
    0x20,0xc0,0x08,0x3a,0xc9,0xa8,0xb2,0x08,0x1b,0x4d,0xb8,0xf0,0x00,0x14,0x1a,0xb2,
    0x12,0x00,0x20,0x03,0x00,0x40,0x94,0x74,0xd6,0x69,0xa7,0x49,0x22,0x08,0x31,0x45,
    0x99,0x27,0x0d,0x29,0xc6,0x20,0xb5,0xa4,0x2c,0xc3,0x10,0x53,0x92,0x89,0xf1,0x14,
    0x63,0x8c,0x39,0x28,0x46,0x43,0x0e,0x31,0xe4,0x94,0x18,0x17,0x4a,0x08,0xa1,0x83,
    0x62,0x3c,0x26,0x95,0x43,0xca,0x50,0x51,0xb9,0xb7,0xd4,0x39,0x05,0xc5,0x16,0x63,
    0x7c,0xef,0xb1,0x17,0x01,0x00,0x00,0x08,0x02,0x00,0x04,0x84,0x04,0x00,0x18,0x20,
    0x28,0x98,0x01,0x00,0x06,0x07,0x08,0x23,0x07,0x02,0x1d,0x01,0x04,0x0e,0x6d,0x00,
    0x80,0x81,0x08,0x99,0x09,0x0c,0x0a,0xa1,0xc1,0x41,0x26,0x00,0x3c,0x40,0x44,0x48,
    0x05,0x00,0x89,0x09,0x8a,0xd2,0x85,0x2e,0x08,0x21,0x82,0x74,0x11,0x64,0xf1,0xc0,
    0x85,0x13,0x37,0x9e,0xb8,0xe1,0x84,0x0e,0x6d,0x10,0x00,0x00,0x00,0x00,0x00,0x10,
    0x00,0xf0,0x01,0x00,0x90,0x50,0x00,0x11,0x11,0xd1,0xcc,0x55,0x58,0x5c,0x60,0x64,
    0x68,0x6c,0x70,0x74,0x78,0x7c,0x80,0x84,0x04,0x00,0x00,0x00,0x00,0x00,0x08,0x00,
    0x7c,0x00,0x00,0x24,0x22,0x40,0x44,0x44,0x34,0x73,0x15,0x16,0x17,0x18,0x19,0x1a,
    0x1b,0x1c,0x1d,0x1e,0x1f,0x20,0x21,0x01,0x00,0x00,0x00,0x00,0x00,0x00,0x00,0x00,
    0x40,0x40,0x40,0x00,0x00,0x00,0x00,0x00,0x20,0x00,0x00,0x00,0x40,0x40,0x4f,0x67,
    0x67,0x53,0x00,0x04,0x80,0x09,0x00,0x00,0x00,0x00,0x00,0x00,0xc7,0x6b,0xf1,0x47,
    0x02,0x00,0x00,0x00,0x19,0x5d,0xa7,0x04,0x07,0x50,0x2c,0x27,0x20,0x2d,0x3a,0x0b,
    0xac,0x39,0x04,0xb0,0x12,0x70,0x02,0x3f,0x7c,0x5c,0x49,0x3a,0x17,0x34,0xd2,0x1a,
    0x39,0x19,0x1a,0xda,0x0c,0xde,0x6e,0xbb,0xa7,0x6e,0x53,0x89,0xa4,0xa9,0xc5,0x9a,
    0xd2,0x32,0xca,0x35,0x9a,0xb5,0xae,0xe6,0xb4,0x33,0xdb,0xde,0xde,0xee,0xf7,0x8e,
    0xe3,0x38,0x8e,0x87,0x47,0x8f,0x66,0x66,0x67,0xa5,0x66,0x45,0xd6,0xe6,0x6d,0xdb,
    0xf6,0x88,0x11,0x23,0x46,0x8c,0x18,0x31,0x62,0xc4,0x88,0x11,0x23,0x46,0x8c,0x00,
    0xa4,0xbb,0x43,0x0f,0x2e,0x18,0x5b,0x0b,0x60,0x00,0x08,0x5f,0x98,0x1c,0xc3,0x8d,
    0x73,0x3e,0xd4,0x9c,0x6e,0xc6,0xe7,0x40,0x64,0x91,0x3d,0x61,0x5f,0x11,0x84,0xc6,
    0x40,0xf3,0xae,0x93,0xa6,0x6b,0xd1,0xe4,0xe6,0xd9,0x2e,0x00,0x9a,0xac,0xfb,0x4c,
    0x62,0x35,0x00,0x64,0xd8,0x73,0xae,0x00,0x80,0x02,0x00,0x10,0xe6,0xca,0x0b,0xae,
    0xeb,0xba,0x84,0xd4,0x65,0x38,0x8c,0xd5,0x97,0xd7,0x73,0x67,0x18,0x20,0x12,0x03,
    0x13,0xb1,0x00,0x5e,0x4c,0xfb,0x57,0xe2,0x53,0x00,0xd8,0x04,0x12,0x9d,0xdb,0x06,
    0x00,0x14,0x00,0x00,0x53,0xff,0x46,0x02,0x00,0x08,0x43,0x72,0x97,0x6c,0x33,0xa9,
    0x74,0xe0,0x00,0x7e,0x7a,0xfa,0xdf,0x21,0x03,0x00,0x0d,0xd6,0x2b,0x00,0x49,0xa2,
    0x80,0x6b,0x72,0x38,0x4b,0xa6,0x10,0x00,0xb4,0xbc,0xb2,0xca,0xa4,0xc8,0x05,0x89,
    0x44,0xc7,0x21,0x89,0x46,0xd1,0xc0,0x6a,0x85,0x7c,0xd0,0x58,0xfc,0x01,0x80,0x2b,
    0x3e,0x19,0xfa,0x0b,0xd6,0x4a,0x00,0x60,0x67,0x2f,0x00,0x27,0x11,0x14,0xf8,0x31,
    0xff,0xf4,0x8d,0xc4,0x92,0x58,0x12,0x4b,0xc2,0x59,0xce,0x99,0x2d,0x9b,0xd5,0x04,
    0x4f,0x45,0x43,0x39,0xd5,0x74,0x0d,0xfa,0x9a,0x2a,0x14,0x6d,0xa2,0xc4,0xe7,0x3c,
    0xb5,0x44,0xc3,0x49,0xe0,0x05,0x0e,0x80,0xa3,0x00,0x9e,0x18,0xfa,0x25,0x11,0x00,
    0x3c,0x00,0x00,0x00,0x00,
};

static const unsigned char s_snare[] = {
    0x4f,0x67,0x67,0x53,0x00,0x02,0x00,0x00,0x00,0x00,0x00,0x00,0x00,0x00,0xdb,0x1a,
    0xb2,0x7d,0x00,0x00,0x00,0x00,0x5a,0x4b,0xbf,0x03,0x01,0x1e,0x01,0x76,0x6f,0x72,
    0x62,0x69,0x73,0x00,0x00,0x00,0x00,0x01,0x09,0x56,0x00,0x00,0xff,0xff,0xff,0xff,
    0x00,0x7d,0x00,0x00,0xff,0xff,0xff,0xff,0xa9,0x01,0x4f,0x67,0x67,0x53,0x00,0x00,
    0x00,0x00,0x00,0x00,0x00,0x00,0x00,0x00,0xdb,0x1a,0xb2,0x7d,0x01,0x00,0x00,0x00,
    0xe8,0x27,0x3b,0x2d,0x0e,0x32,0xff,0xff,0xff,0xff,0xff,0xff,0xff,0xff,0xff,0xff,
    0xff,0xff,0xc5,0x03,0x76,0x6f,0x72,0x62,0x69,0x73,0x0b,0x00,0x00,0x00,0x4c,0x61,
    0x76,0x66,0x35,0x33,0x2e,0x32,0x34,0x2e,0x32,0x01,0x00,0x00,0x00,0x13,0x00,0x00,
    0x00,0x65,0x6e,0x63,0x6f,0x64,0x65,0x72,0x3d,0x4c,0x61,0x76,0x66,0x35,0x33,0x2e,
    0x32,0x34,0x2e,0x32,0x01,0x05,0x76,0x6f,0x72,0x62,0x69,0x73,0x22,0x42,0x43,0x56,
    0x01,0x00,0x40,0x00,0x00,0x18,0x42,0x10,0x2a,0x05,0xad,0x63,0x8e,0x3a,0xc8,0x15,
    0x21,0x8c,0x19,0xa2,0xa0,0x42,0xca,0x29,0xc7,0x1d,0x42,0xd0,0x21,0xa3,0x24,0x43,
    0x88,0x3a,0xc6,0x35,0xc7,0x18,0x63,0x47,0xb9,0x64,0x8a,0x42,0xc9,0x81,0xd0,0x90,
    0x55,0x00,0x00,0x40,0x00,0x00,0xa4,0x1c,0x57,0x50,0x72,0x49,0x2d,0xe7,0x9c,0x73,
    0xa3,0x18,0x57,0xcc,0x71,0xe8,0x20,0xe7,0x9c,0x73,0xe5,0x20,0x67,0xcc,0x71,0x09,
    0x25,0xe7,0x9c,0x73,0x8e,0x39,0xe7,0x92,0x72,0x8e,0x31,0xe7,0x9c,0x73,0xa3,0x18,
    0x57,0x0e,0x72,0x29,0x2d,0xe7,0x9c,0x73,0x81,0x14,0x47,0x8a,0x71,0xa7,0x18,0xe7,
    0x9c,0x73,0xa4,0x1c,0x47,0x8a,0x71,0xa8,0x18,0xe7,0x9c,0x73,0x6d,0x31,0xb7,0x92,
    0x72,0xce,0x39,0xe7,0x9c,0x73,0xe6,0x20,0x87,0x52,0x72,0xae,0x35,0xe7,0x9c,0x73,
    0xa4,0x18,0x67,0x0e,0x72,0x0b,0x25,0xe7,0x9c,0x73,0xc6,0x20,0x67,0xcc,0x71,0xeb,
    0x20,0xe7,0x9c,0x73,0x8c,0x35,0xb7,0xd4,0x72,0xce,0x39,0xe7,0x9c,0x73,0xce,0x39,
    0xe7,0x9c,0x73,0xce,0x39,0xe7,0x9c,0x73,0x8c,0x31,0xe7,0x9c,0x73,0xce,0x39,0xe7,
    0x9c,0x73,0x6e,0x31,0xe7,0x16,0x73,0xae,0x39,0xe7,0x9c,0x73,0xce,0x39,0xe7,0x1c,
    0x73,0xce,0x39,0xe7,0x9c,0x73,0x20,0x34,0x64,0x15,0x00,0x90,0x00,0x00,0xa0,0xa1,
    0x28,0x8a,0xe2,0x28,0x0e,0x10,0x1a,0xb2,0x0a,0x00,0xc8,0x00,0x00,0x10,0x40,0x71,
    0x14,0x47,0x91,0x14,0x4b,0xb1,0x1c,0xcb,0xd1,0x24,0x0d,0x08,0x0d,0x59,0x05,0x00,
    0x00,0x01,0x00,0x08,0x00,0x00,0xa0,0x48,0x86,0xa4,0x48,0x8a,0xa5,0x58,0x8e,0x66,
    0x69,0x9e,0x26,0x7a,0xa2,0x28,0x9a,0xa2,0x2a,0xab,0xb2,0x69,0xca,0xb2,0x2c,0xcb,
    0xb2,0xeb,0xba,0x2e,0x10,0x1a,0xb2,0x0a,0x00,0x48,0x00,0x00,0x50,0x51,0x14,0xc5,
    0x70,0x14,0x07,0x08,0x0d,0x59,0x05,0x00,0x64,0x00,0x00,0x08,0x60,0x28,0x8a,0xa3,
    0x38,0x8e,0xe4,0x58,0x92,0xa5,0x59,0x9e,0x07,0x84,0x86,0xac,0x02,0x00,0x80,0x00,
    0x00,0x04,0x00,0x00,0x50,0x0c,0x47,0xb1,0x14,0x4d,0xf1,0x24,0xcf,0xf2,0x3c,0xcf,
    0xf3,0x3c,0xcf,0xf3,0x3c,0xcf,0xf3,0x3c,0xcf,0xf3,0x3c,0xcf,0xf3,0x3c,0xcf,0xf3,
    0x3c,0x0d,0x08,0x0d,0x59,0x05,0x00,0x20,0x00,0x00,0x00,0x82,0x28,0x64,0x18,0x03,
    0x42,0x43,0x56,0x01,0x00,0x40,0x00,0x00,0x08,0x21,0x1a,0x19,0x43,0x9d,0x52,0x12,
    0x5c,0x0a,0x16,0x42,0x1c,0x11,0x43,0x1d,0x42,0xce,0x43,0xa9,0xa5,0x83,0xe0,0x29,
    0x85,0x25,0x63,0xd2,0x53,0xac,0x41,0x08,0x21,0x7c,0xef,0x3d,0xf7,0xde,0x7b,0xef,
    0x81,0xd0,0x90,0x55,0x00,0x00,0x10,0x00,0x00,0x61,0x14,0x38,0x88,0x81,0xc7,0x24,
    0x08,0x21,0x84,0x62,0x14,0x27,0x44,0x71,0xa6,0x20,0x08,0x21,0x84,0xe5,0x24,0x58,
    0xca,0x79,0xe8,0x24,0x08,0xdd,0x83,0x10,0x42,0xb8,0x9c,0x7b,0xcb,0xb9,0xf7,0xde,
    0x7b,0x20,0x34,0x64,0x15,0x00,0x00,0x08,0x00,0xc0,0x20,0x84,0x10,0x42,0x08,0x21,
    0x84,0x10,0x42,0x08,0x29,0xa4,0x94,0x52,0x48,0x29,0xa6,0x98,0x62,0x8a,0x29,0xc7,
    0x1c,0x73,0xcc,0x31,0xc7,0x20,0x83,0x0c,0x32,0xe8,0xa0,0x93,0x4e,0x3a,0xc9,0xa4,
    0x92,0x4e,0x3a,0xca,0x24,0xa3,0x8e,0x52,0x6b,0x29,0xb5,0x14,0x53,0x4c,0xb1,0xe5,
    0x16,0x63,0xad,0xb5,0xd6,0x9c,0x73,0xaf,0x41,0x29,0x63,0x8c,0x31,0xc6,0x18,0x63,
    0x8c,0x31,0xc6,0x18,0x63,0x8c,0x31,0xc6,0x18,0x23,0x08,0x0d,0x59,0x05,0x00,0x80,
    0x00,0x00,0x10,0x06,0x19,0x64,0x90,0x41,0x08,0x21,0x84,0x14,0x52,0x48,0x29,0xa6,
    0x98,0x72,0xcc,0x31,0xc7,0x1c,0x03,0x42,0x43,0x56,0x01,0x00,0x80,0x00,0x00,0x02,
    0x00,0x00,0x00,0x1c,0x45,0x52,0x24,0x47,0x72,0x24,0x47,0x92,0x24,0xc9,0x92,0x2c,
    0x49,0x93,0x3c,0xcb,0xb3,0x3c,0xcb,0xb3,0x3c,0x4d,0xd4,0x44,0x4d,0x15,0x55,0xd5,
    0x55,0x6d,0xd7,0xf6,0x6d,0x5f,0xf6,0x6d,0xdf,0xd5,0x65,0xdf,0xf6,0x65,0xdb,0xd5,
    0x65,0x5d,0x96,0x65,0xdd,0xb5,0x6d,0x5d,0xd6,0x5d,0x5d,0xd7,0x75,0x5d,0xd7,0x75,
    0x5d,0xd7,0x75,0x5d,0xd7,0x75,0x5d,0xd7,0x75,0x5d,0xd7,0x81,0xd0,0x90,0x55,0x00,
    0x80,0x04,0x00,0x80,0x8e,0xe4,0x38,0x8e,0xe4,0x38,0x8e,0xe4,0x48,0x8e,0xa4,0x48,
    0x0a,0x10,0x1a,0xb2,0x0a,0x00,0x90,0x01,0x00,0x10,0x00,0x80,0xa3,0x38,0x8a,0xe3,
    0x48,0x8e,0xe4,0x58,0x8e,0x25,0x59,0x92,0x26,0x69,0x96,0x67,0x79,0x96,0xa7,0x79,
    0x9a,0xa8,0x89,0x1e,0x10,0x1a,0xb2,0x0a,0x00,0x00,0x04,0x00,0x10,0x00,0x00,0x00,
    0x00,0x00,0x80,0xa2,0x28,0x8a,0xa3,0x38,0x8e,0x24,0x59,0x96,0xa6,0x69,0x9e,0xa7,
    0x7a,0xa2,0x28,0x9a,0xaa,0xaa,0x8a,0xa6,0xa9,0xaa,0xaa,0x6a,0x9a,0xa6,0x69,0x9a,
    0xa6,0x69,0x9a,0xa6,0x69,0x9a,0xa6,0x69,0x9a,0xa6,0x69,0x9a,0xa6,0x69,0x9a,0xa6,
    0x69,0x9a,0xa6,0x69,0x9a,0xa6,0x69,0x9a,0xa6,0x69,0x9a,0xa6,0x69,0x02,0xa1,0x21,
    0xab,0x00,0x00,0x09,0x00,0x00,0x1d,0xc7,0x71,0x1c,0x47,0x71,0x1c,0xc7,0x71,0x24,
    0x47,0x92,0x24,0x20,0x34,0x64,0x15,0x00,0x20,0x03,0x00,0x20,0x00,0x00,0x43,0x51,
    0x1c,0x45,0x72,0x2c,0xc7,0x92,0x34,0x4b,0xb3,0x3c,0xcb,0xd3,0x44,0xcf,0xf4,0x5c,
    0x51,0x36,0x75,0x53,0x57,0x6d,0x20,0x34,0x64,0x15,0x00,0x00,0x08,0x00,0x20,0x00,
    0x00,0x00,0x00,0x00,0x00,0xc7,0x73,0x3c,0xc7,0x73,0x3c,0xc9,0x93,0x3c,0xcb,0x73,
    0x3c,0xc7,0x93,0x3c,0x49,0xd3,0x34,0x4d,0xd3,0x34,0x4d,0xd3,0x34,0x4d,0xd3,0x34,
    0x4d,0xd3,0x34,0x4d,0xd3,0x34,0x4d,0xd3,0x34,0x4d,0xd3,0x34,0x4d,0xd3,0x34,0x4d,
    0xd3,0x34,0x4d,0xd3,0x34,0x4d,0xd3,0x34,0x4d,0xd3,0x34,0x4d,0xd3,0x34,0x4d,0x03,
    0x42,0x43,0x56,0x02,0x00,0x64,0x00,0x00,0x10,0x93,0x90,0x4a,0x4e,0xb1,0x57,0x46,
    0x29,0xc6,0x24,0xb4,0x5e,0x2a,0xa4,0x14,0x93,0xd4,0x7b,0xa8,0x98,0x62,0x4c,0x3a,
    0xed,0xa9,0x42,0x06,0x29,0x07,0xb9,0x87,0x4a,0x21,0xa5,0xa0,0xd3,0xde,0x32,0xa5,
    0x90,0x52,0x0c,0x7b,0xa7,0x98,0x42,0xc8,0x18,0xea,0xa1,0x83,0x90,0x31,0x85,0xb0,
    0xd7,0xda,0x73,0xcf,0xbd,0xf7,0x1e,0x08,0x0d,0x59,0x11,0x00,0x44,0x01,0x00,0x00,
    0xc6,0x20,0xc6,0x10,0x63,0xc8,0x31,0x26,0x25,0x83,0x12,0x31,0xc7,0x24,0x64,0x52,
    0x22,0xe7,0x9c,0x94,0x4e,0x4a,0x26,0xa5,0xa4,0x56,0x5a,0xcc,0xa4,0x84,0x98,0x4a,
    0x8b,0x91,0x73,0x4e,0x4a,0x27,0x25,0x93,0x52,0x5a,0x0b,0xa9,0x65,0x92,0x4a,0x6b,
    0x25,0xa6,0x02,0x00,0x00,0x02,0x1c,0x00,0x00,0x02,0x2c,0x84,0x42,0x43,0x56,0x04,
    0x00,0x51,0x00,0x00,0x88,0x31,0x48,0x29,0xa4,0x14,0x52,0x4a,0x31,0xa7,0x98,0x43,
    0x4a,0x29,0xc7,0x94,0x63,0x48,0x29,0xe5,0x9c,0x72,0x4e,0x39,0xc7,0x98,0x74,0x10,
    0x2a,0xe7,0x18,0x74,0x0e,0x4a,0xa4,0x94,0x72,0x8e,0x39,0xa7,0x9c,0x73,0x12,0x32,
    0x07,0x95,0x73,0x0e,0x42,0x26,0x9d,0x00,0x00,0x80,0x00,0x07,0x00,0x80,0x00,0x0b,
    0xa1,0xd0,0x90,0x15,0x01,0x40,0x9c,0x00,0x00,0x80,0x90,0x73,0x8a,0x31,0x08,0x11,
    0x63,0x10,0x42,0x09,0x29,0x85,0x50,0x52,0xaa,0x9c,0x93,0xd2,0x41,0x49,0xa9,0x83,
    0x92,0x52,0x49,0xa9,0xc5,0x92,0x52,0x8c,0x95,0x73,0x52,0x3a,0x09,0x29,0x75,0x12,
    0x52,0x2a,0x29,0xc5,0x58,0x52,0x8a,0x2d,0xa4,0x54,0x63,0x69,0x2d,0xd7,0xd2,0x52,
    0x8d,0x2d,0xc6,0x9c,0x5b,0x8c,0xbd,0x86,0x94,0x62,0x2d,0xa9,0xd5,0x5a,0x5a,0xab,
    0xb9,0xc5,0x58,0x73,0x8b,0x35,0xf7,0xc8,0x39,0x4a,0x9d,0x94,0xd6,0x3a,0x29,0xad,
    0xa5,0xd6,0x6a,0x4d,0xad,0xd5,0xda,0x49,0x69,0x2d,0xa4,0xd6,0x62,0x69,0x2d,0xc6,
    0xd6,0x62,0xcd,0x29,0xc6,0x9c,0x33,0x29,0xad,0x85,0x96,0x62,0x2b,0xa9,0xc5,0xd8,
    0x62,0xcb,0x35,0xb5,0x98,0x73,0x69,0x2d,0xd7,0x14,0x63,0xcf,0x29,0xc6,0x9e,0x6b,
    0xac,0xb9,0xc7,0x9c,0x83,0x30,0xad,0xd5,0x9c,0x5a,0xcb,0x39,0xc5,0x98,0x7b,0xcc,
    0xb1,0xe7,0x98,0x73,0x0f,0x92,0x73,0x94,0x3a,0x29,0xad,0x75,0x52,0x5a,0x4b,0xad,
    0xd5,0x9a,0x5a,0xab,0x35,0x93,0xd2,0x5a,0x69,0xad,0xc6,0x90,0x5a,0x8b,0x2d,0xc6,
    0x9c,0x5b,0x8b,0x31,0x67,0x52,0x5a,0x2c,0xa9,0xc5,0x58,0x5a,0x8a,0x31,0xc5,0x98,
    0x73,0x8b,0x2d,0xd7,0xd0,0x5a,0xae,0x29,0xc6,0x9c,0x53,0x8b,0x39,0xc7,0x5a,0x83,
    0x92,0xb1,0xf6,0x5e,0x5a,0xab,0x39,0xc5,0x98,0x7b,0x8a,0xad,0xe7,0x98,0x73,0x30,
    0x36,0xc7,0x9e,0x3b,0x4a,0xb9,0x96,0xd6,0x7a,0x2e,0xad,0xf5,0x5e,0x73,0x2e,0x42,
    0xd6,0xdc,0x8b,0x68,0x2d,0xe7,0xd4,0x6a,0x0f,0x2a,0xc6,0x9e,0x73,0xce,0xc1,0xd8,
    0xdc,0x83,0x10,0xad,0xe5,0x9c,0x6a,0xec,0x3d,0xc5,0xd8,0x7b,0xee,0x39,0x18,0xdb,
    0x73,0xf0,0xad,0xd6,0xe0,0x5b,0xcd,0x45,0xc8,0x9c,0x83,0xd0,0xb9,0xf8,0xa6,0x7b,
    0x30,0x46,0xd5,0xda,0x83,0xcc,0xb5,0x08,0x99,0x73,0x10,0x3a,0xe8,0x22,0x74,0xf0,
    0xc9,0x78,0x94,0x6a,0x2e,0xad,0xe5,0x5c,0x5a,0xeb,0x3d,0xd6,0x1a,0x7c,0xcd,0x39,
    0x08,0xd1,0x5a,0xee,0x29,0xc6,0xde,0x53,0x8b,0xbd,0xd7,0x9e,0x9b,0xb0,0xbd,0x07,
    0x21,0x5a,0xcb,0x3d,0xc5,0xd8,0x83,0x8a,0x31,0xf8,0x9a,0x73,0x30,0x3a,0xe7,0x62,
    0x54,0xad,0xc1,0xc7,0x9c,0x83,0x90,0xb5,0x16,0xa1,0x7b,0x2f,0x4a,0xe7,0x20,0x94,
    0xaa,0xb5,0x07,0x99,0x6b,0x50,0x32,0xd7,0x22,0x74,0xf0,0xc5,0xe8,0xa0,0x8b,0x2f,
    0x00,0x00,0x60,0xc0,0x01,0x00,0x20,0xc0,0x84,0x32,0x50,0x68,0xc8,0x8a,0x00,0x20,
    0x4e,0x00,0x80,0x41,0xc8,0x39,0xa5,0x18,0x84,0x4a,0x29,0x08,0xa1,0x84,0x94,0x42,
    0x28,0x29,0x55,0x8c,0x49,0xc8,0x98,0x83,0x92,0x31,0x27,0xa5,0x94,0x52,0x5a,0x08,
    0x25,0xb5,0x8a,0x31,0x08,0x99,0x63,0x52,0x32,0xc7,0xa4,0x84,0x12,0x5a,0x2a,0x25,
    0xb4,0x12,0x4a,0x69,0xa9,0x94,0xd2,0x5a,0x28,0xa5,0xb5,0x96,0x5a,0x8c,0x29,0xb5,
    0x16,0x43,0x29,0xa9,0x85,0x52,0x5a,0x2b,0xa5,0xb4,0x96,0x5a,0xaa,0x31,0xb5,0x56,
    0x63,0xc4,0x98,0x94,0xcc,0x39,0x29,0x99,0x63,0x52,0x4a,0x29,0xad,0x95,0x52,0x5a,
    0xab,0x1c,0x93,0x92,0x31,0x28,0xa9,0x83,0x90,0x4a,0x29,0x29,0xc5,0x52,0x52,0x8b,
    0x95,0x73,0x52,0x32,0xe8,0xa8,0x74,0x10,0x4a,0x2a,0xa9,0xc4,0x54,0x52,0x69,0xad,
    0xa4,0xd2,0x52,0x29,0xa5,0xc5,0x92,0x52,0x6c,0x29,0xc5,0x54,0x5b,0x8b,0xb5,0x86,
    0x52,0x5a,0x2c,0xa9,0xc4,0x56,0x52,0x6a,0x31,0xb5,0x54,0x5b,0x8b,0x31,0xd7,0x88,
    0x31,0x29,0x19,0x73,0x52,0x32,0xe7,0xa4,0x94,0x52,0x52,0x2b,0xa5,0xb4,0x96,0x39,
    0x27,0xa5,0x83,0x8e,0x4a,0xe6,0xa0,0xa4,0x92,0x52,0x6b,0xa5,0xa4,0x14,0x33,0xe6,
    0xa4,0x74,0x0e,0x4a,0xca,0x20,0xa3,0x52,0x52,0x8a,0x2d,0xa5,0x12,0x53,0x28,0xa5,
    0xb5,0x92,0x52,0x6c,0xa5,0xa4,0xd6,0x5a,0x8c,0xb5,0xa6,0xd4,0x5a,0x2d,0x25,0xb5,
    0x56,0x52,0x6a,0xb1,0x94,0x12,0x5b,0x8b,0x31,0xd7,0x16,0x4b,0x4d,0x9d,0x94,0xd6,
    0x4a,0x2a,0x31,0x86,0x52,0x5a,0x6b,0x31,0xe6,0x9a,0x5a,0x8b,0x31,0x94,0x12,0x5b,
    0x29,0x29,0xc6,0x92,0x4a,0x6c,0xad,0xc5,0x9a,0x5b,0x6c,0x39,0x86,0x52,0x5a,0x2c,
    0xa9,0xc4,0x56,0x4a,0x6a,0xb1,0xd5,0x96,0x63,0x6b,0xb1,0xe6,0xd4,0x52,0x8d,0x29,
    0xb5,0x9a,0x5b,0x6c,0xb9,0xc6,0x94,0x53,0x8f,0xb5,0xf6,0x9c,0x5a,0xab,0x35,0xb5,
    0x54,0x63,0x6b,0xb1,0xe6,0x58,0x5b,0x6f,0xb5,0xd6,0x9c,0x3b,0x29,0xad,0x85,0x52,
    0x5a,0x2b,0x25,0xc5,0x98,0x5a,0x8b,0xb1,0xc5,0x58,0x73,0x28,0x25,0xb6,0x92,0x52,
    0x6c,0xa5,0xa4,0x18,0x5b,0x6c,0xb9,0xb6,0x16,0x63,0x0f,0xa1,0xb4,0x58,0x4a,0x6a,
    0xb1,0xa4,0x12,0x63,0x6b,0x31,0xe6,0x18,0x5b,0x8e,0xa9,0xb5,0x5a,0x5b,0x6c,0xb9,
    0xa6,0xd4,0x62,0xad,0xb5,0xf6,0x1c,0x5b,0x6e,0x3d,0xa5,0x16,0x6b,0x8b,0xb1,0xe6,
    0xd2,0x52,0x8d,0x35,0xd7,0xde,0x63,0x4d,0x39,0x15,0x00,0x00,0x30,0xe0,0x00,0x00,
    0x10,0x60,0x42,0x19,0x28,0x34,0x64,0x25,0x00,0x10,0x05,0x00,0x00,0x18,0xc3,0x18,
    0x63,0x10,0x1a,0xa5,0x9c,0x73,0x4e,0x4a,0x83,0x94,0x73,0xce,0x49,0xc9,0x9c,0x83,
    0x10,0x42,0x4a,0x99,0x73,0x10,0x42,0x48,0x29,0x73,0x4e,0x42,0x4a,0x2d,0x65,0xce,
    0x41,0x48,0xa9,0xb5,0x50,0x4a,0x4a,0xad,0xc5,0x16,0x4a,0x49,0xa9,0xb5,0x16,0x0b,
    0x00,0x00,0x28,0x70,0x00,0x00,0x08,0xb0,0x41,0x53,0x62,0x71,0x80,0x42,0x43,0x56,
    0x02,0x00,0x51,0x00,0x00,0x88,0x31,0x4a,0x31,0x06,0xa1,0x31,0x46,0x29,0xe7,0x20,
    0x34,0xc6,0x28,0xc5,0x18,0x84,0x4a,0x29,0xc6,0x9c,0x93,0x50,0x29,0xc5,0x98,0x73,
    0x50,0x32,0xc7,0x9c,0x83,0x50,0x4a,0xe6,0x9c,0x73,0x10,0x4a,0x09,0x21,0x94,0x52,
    0x4a,0x4a,0x21,0x84,0x52,0x4a,0x49,0xa9,0x00,0x00,0x80,0x02,0x07,0x00,0x80,0x00,
    0x1b,0x34,0x25,0x16,0x07,0x28,0x34,0x64,0x45,0x00,0x10,0x05,0x00,0x00,0x18,0x63,
    0x9c,0x33,0xce,0x21,0x0a,0x9d,0xa5,0xce,0x52,0x24,0xa9,0xa3,0xd6,0x51,0x6b,0x28,
    0xa5,0x1a,0x4b,0x8c,0x9d,0xc6,0x56,0x7b,0xeb,0xb9,0xd3,0x1a,0x7b,0x6d,0xb9,0x37,
    0x94,0x4a,0x8d,0xa9,0xd6,0x8e,0x6b,0xcb,0xb9,0xd5,0xde,0x69,0x4d,0x3d,0xb7,0x1c,
    0x0b,0x00,0x00,0x3b,0x70,0x00,0x00,0x3b,0xb0,0x10,0x0a,0x0d,0x59,0x09,0x00,0xe4,
    0x01,0x00,0x10,0xc6,0x28,0xc5,0x98,0x73,0xce,0x19,0x85,0x18,0x73,0xce,0x39,0xe7,
    0x0c,0x52,0x8c,0x39,0xe7,0x9c,0x73,0x8a,0x31,0xe7,0x9c,0x83,0x10,0x42,0xc5,0x98,
    0x73,0xce,0x41,0x08,0x21,0x73,0xce,0x39,0x08,0xa1,0x84,0x92,0x39,0xe7,0x1c,0x84,
    0x10,0x4a,0xe8,0x9c,0x83,0x50,0x4a,0x29,0xa5,0x74,0xce,0x41,0x08,0xa1,0x94,0x52,
    0x3a,0xe7,0x20,0x84,0x52,0x4a,0x29,0x9d,0x73,0x10,0x4a,0x29,0xa5,0x94,0x02,0x00,
    0x80,0x0a,0x1c,0x00,0x00,0x02,0x6c,0x14,0xd9,0x9c,0x60,0x24,0xa8,0xd0,0x90,0x95,
    0x00,0x40,0x1e,0x00,0x00,0x60,0x0c,0x42,0xce,0x49,0x69,0xad,0x61,0xcc,0x39,0x08,
    0x2d,0xd5,0xd8,0x30,0xc6,0x1c,0x94,0x94,0x62,0x8b,0x9c,0x83,0x90,0x52,0x8b,0xb9,
    0x46,0xcc,0x41,0x48,0x29,0xc6,0xa0,0x3b,0x28,0x29,0xb5,0x18,0x6c,0xf0,0x9d,0x84,
    0x94,0x5a,0x8b,0x39,0x07,0x93,0x52,0x8b,0x35,0xe7,0xde,0x83,0x48,0xa9,0xb5,0x9a,
    0x83,0xce,0x3d,0xd5,0x56,0x73,0xcf,0xbd,0xf7,0x9c,0x62,0xac,0x35,0xe7,0xde,0x73,
    0x2f,0x00,0x00,0x77,0xc1,0x01,0x00,0xec,0xc0,0x46,0x91,0xcd,0x09,0x46,0x82,0x0a,
    0x0d,0x59,0x09,0x00,0xe4,0x01,0x00,0x10,0x08,0x29,0xc5,0x98,0x73,0xce,0x19,0xa5,
    0x18,0x73,0xcc,0x39,0xe7,0x8c,0x52,0x8c,0x31,0xe6,0x9c,0x73,0x8a,0x31,0xc6,0x9c,
    0x73,0xce,0x41,0xc5,0x18,0x63,0xce,0x39,0x07,0x21,0x63,0xcc,0x39,0xe7,0x20,0x84,
    0x90,0x31,0xe6,0x9c,0x73,0x10,0x42,0xe8,0x9c,0x73,0x0e,0x42,0x08,0x21,0x74,0xce,
    0x39,0x07,0x21,0x84,0x10,0x3a,0xe7,0xa0,0x83,0x10,0x42,0x08,0x9d,0x73,0x10,0x42,
    0x08,0x21,0x84,0x02,0x00,0x80,0x0a,0x1c,0x00,0x00,0x02,0x6c,0x14,0xd9,0x9c,0x60,
    0x24,0xa8,0xd0,0x90,0x95,0x00,0x40,0x38,0x00,0x00,0x00,0x21,0x84,0x10,0x42,0x08,
    0x21,0x84,0x10,0x42,0x08,0x21,0x84,0x10,0x42,0x08,0x21,0x84,0x10,0x42,0x08,0x21,
    0x84,0x10,0x42,0x08,0x21,0x84,0x10,0x42,0x08,0x21,0x84,0x10,0x42,0x08,0x21,0x84,
    0x10,0x42,0x08,0x21,0x84,0x10,0x42,0x08,0x21,0x84,0x10,0x42,0x08,0x21,0x84,0x10,
    0x42,0x08,0x21,0x84,0x10,0x42,0x08,0x21,0x84,0x10,0x42,0x08,0x21,0x84,0x10,0x42,
    0x08,0x21,0x84,0x10,0x42,0x08,0x21,0x84,0x10,0x42,0x08,0x21,0x84,0x10,0x42,0x08,
    0x21,0x84,0x10,0x42,0x08,0x21,0x84,0x10,0x42,0x08,0x21,0x84,0x10,0x42,0x08,0x21,
    0x84,0x10,0x42,0x08,0x21,0x84,0x10,0x42,0x08,0x21,0x84,0x10,0x42,0x08,0x21,0x84,
    0x10,0x42,0xe8,0x9c,0x73,0xce,0x39,0xe7,0x9c,0x73,0xce,0x39,0xe7,0x9c,0x73,0xce,
    0x39,0xe7,0x9c,0x73,0xce,0x39,0x27,0x00,0xc8,0xb7,0xc2,0x01,0xc0,0xff,0xc1,0xc6,
    0x19,0x56,0x92,0xce,0x0a,0x47,0x83,0x0b,0x0d,0x59,0x09,0x00,0x84,0x03,0x00,0x00,
    0x0a,0x41,0x28,0xa5,0x62,0x10,0x4a,0x29,0x25,0x92,0x4e,0x3a,0x29,0x9d,0x93,0x50,
    0x4a,0x29,0x91,0x83,0x52,0x4a,0xe9,0xa4,0x94,0x52,0x4a,0x09,0xa5,0x94,0x52,0x4a,
    0x08,0xa5,0x94,0x52,0x4a,0x08,0x1d,0x94,0x52,0x42,0x29,0xa5,0x94,0x52,0x4a,0x29,
    0xa5,0x94,0x52,0x4a,0x29,0xa5,0x94,0x52,0x3a,0x29,0xa5,0x94,0x52,0x4a,0x29,0xa5,
    0x94,0xca,0x39,0x29,0xa5,0x93,0x52,0x4a,0x29,0xa5,0x44,0xce,0x49,0x29,0x21,0x94,
    0x52,0x4a,0x29,0xa5,0x84,0x52,0x4a,0x29,0xa5,0x94,0x52,0x4a,0x29,0xa5,0x94,0x52,
    0x4a,0x29,0xa5,0x94,0x52,0x4a,0x29,0xa5,0x84,0x10,0x42,0x08,0x21,0x84,0x10,0x42,
    0x08,0x21,0x84,0x10,0x42,0x08,0x21,0x84,0x10,0x42,0x08,0x21,0x84,0x10,0x42,0x08,
    0x21,0x84,0x10,0x42,0x08,0x21,0x84,0x10,0x42,0x08,0x21,0x84,0x02,0x00,0xb8,0x1b,
    0x1c,0x00,0x20,0x12,0x6c,0x9c,0x61,0x25,0xe9,0xac,0x70,0x34,0xb8,0xd0,0x90,0x95,
    0x00,0x40,0x48,0x00,0x00,0xa0,0x14,0x73,0x8e,0x4a,0x08,0x29,0x94,0x90,0x52,0xa8,
    0x98,0xa2,0x8e,0x42,0x29,0x29,0xa4,0x52,0x4a,0x0a,0x11,0x63,0xce,0x49,0xea,0x1c,
    0x85,0x50,0x52,0x28,0xa9,0x83,0xca,0x39,0x08,0xa5,0xa4,0x94,0x42,0x2a,0x21,0x75,
    0xce,0x41,0x07,0x25,0x85,0x90,0x52,0x09,0x21,0x95,0x8e,0x3a,0xe8,0x28,0x94,0x50,
    0x52,0x2a,0x25,0x94,0xd2,0x39,0x28,0xa5,0x84,0x14,0x4a,0x4a,0x29,0x95,0x90,0x42,
    0x48,0xa9,0x74,0x94,0x52,0x28,0x25,0x95,0x94,0x42,0x2a,0x21,0x95,0x52,0x4a,0x48,
    0x25,0x95,0x10,0x4a,0x0a,0x9d,0xa4,0x54,0x4a,0x0a,0xa9,0xa4,0x54,0x52,0x08,0x9d,
    0x74,0x90,0x42,0x27,0x25,0xa4,0x92,0x4a,0x0a,0xa9,0x93,0x94,0x52,0x2a,0x25,0xa5,
    0x94,0x4a,0x4a,0x25,0x74,0x52,0x42,0x2a,0x29,0xa5,0x10,0x42,0x4a,0xa9,0x94,0x10,
    0x4a,0x48,0x29,0xa5,0x4e,0x52,0x49,0xa9,0xa4,0x14,0x42,0x28,0x21,0x85,0x94,0x52,
    0x4a,0x25,0xa5,0x92,0x4a,0x4a,0x21,0x95,0x54,0x42,0x09,0xa5,0xa4,0x94,0x52,0x28,
    0xa1,0xa4,0x54,0x52,0x4a,0x29,0xa5,0x92,0x52,0x29,0x00,0x00,0xe0,0xc0,0x01,0x00,
    0x20,0xc0,0x08,0x3a,0xc9,0xa8,0xb2,0x08,0x1b,0x4d,0xb8,0xf0,0x00,0x14,0x1a,0xb2,
    0x12,0x00,0x20,0x03,0x00,0x40,0x94,0x74,0xd6,0x69,0xa7,0x49,0x22,0x08,0x31,0x45,
    0x99,0x27,0x0d,0x29,0xc6,0x20,0xb5,0xa4,0x2c,0xc3,0x10,0x53,0x92,0x89,0xf1,0x14,
    0x63,0x8c,0x39,0x28,0x46,0x43,0x0e,0x31,0xe4,0x94,0x18,0x17,0x4a,0x08,0xa1,0x83,
    0x62,0x3c,0x26,0x95,0x43,0xca,0x50,0x51,0xb9,0xb7,0xd4,0x39,0x05,0xc5,0x16,0x63,
    0x7c,0xef,0xb1,0x17,0x01,0x00,0x00,0x08,0x02,0x00,0x04,0x84,0x04,0x00,0x18,0x20,
    0x28,0x98,0x01,0x00,0x06,0x07,0x08,0x23,0x07,0x02,0x1d,0x01,0x04,0x0e,0x6d,0x00,
    0x80,0x81,0x08,0x99,0x09,0x0c,0x0a,0xa1,0xc1,0x41,0x26,0x00,0x3c,0x40,0x44,0x48,
    0x05,0x00,0x89,0x09,0x8a,0xd2,0x85,0x2e,0x08,0x21,0x82,0x74,0x11,0x64,0xf1,0xc0,
    0x85,0x13,0x37,0x9e,0xb8,0xe1,0x84,0x0e,0x6d,0x10,0x00,0x00,0x00,0x00,0x00,0x10,
    0x00,0xf0,0x01,0x00,0x90,0x50,0x00,0x11,0x11,0xd1,0xcc,0x55,0x58,0x5c,0x60,0x64,
    0x68,0x6c,0x70,0x74,0x78,0x7c,0x80,0x84,0x04,0x00,0x00,0x00,0x00,0x00,0x08,0x00,
    0x7c,0x00,0x00,0x24,0x22,0x40,0x44,0x44,0x34,0x73,0x15,0x16,0x17,0x18,0x19,0x1a,
    0x1b,0x1c,0x1d,0x1e,0x1f,0x20,0x21,0x01,0x00,0x00,0x00,0x00,0x00,0x00,0x00,0x00,
    0x40,0x40,0x40,0x00,0x00,0x00,0x00,0x00,0x20,0x00,0x00,0x00,0x40,0x40,0x4f,0x67,
    0x67,0x53,0x00,0x04,0x80,0x03,0x00,0x00,0x00,0x00,0x00,0x00,0xdb,0x1a,0xb2,0x7d,
    0x02,0x00,0x00,0x00,0x5e,0x2c,0x2e,0x7c,0x05,0x53,0x50,0x3e,0x4c,0x4e,0x7c,0xc5,
    0x35,0xf1,0xc8,0x59,0x1a,0x80,0x57,0x86,0x6c,0xad,0xa4,0x72,0x1a,0xce,0xa6,0x2c,
    0xbb,0xb4,0xb6,0x0c,0x1d,0xcd,0xc6,0xe1,0x63,0x9a,0x47,0xab,0x93,0x35,0xfe,0xd7,
    0x0a,0x89,0xa2,0x4f,0x40,0xc6,0xae,0x71,0x51,0xa9,0xbe,0x9f,0x36,0xf4,0x7c,0x35,
    0xa0,0xe6,0x31,0x21,0x75,0x74,0xbb,0x3c,0x27,0xe8,0xf9,0x7f,0xe3,0x0f,0xe3,0x5d,
    0x07,0x2e,0xae,0xed,0xc3,0xd1,0x75,0x1d,0xea,0x3a,0x38,0xcd,0x27,0xbf,0xbf,0x0c,
    0x00,0x6c,0xc5,0xf9,0x9e,0x66,0x9a,0x97,0xd8,0x3e,0x00,0xaa,0x65,0x98,0x4f,0xfa,
    0xf1,0xac,0x01,0x37,0x87,0xce,0x8c,0xb5,0x88,0xfa,0x7b,0x17,0x00,0x95,0xea,0x63,
    0xc8,0x20,0x5d,0xe4,0x76,0xa1,0xaa,0x8a,0x22,0x7e,0xf4,0xc7,0x6d,0xe2,0x24,0x3f,
    0xa4,0x55,0x9f,0x0d,0x59,0x16,0x37,0x17,0x0a,0x3d,0x58,0xcb,0x38,0xdc,0xd5,0x34,
    0xe3,0xad,0x55,0x30,0xb3,0xaf,0x5c,0x1a,0x9d,0xa2,0xa9,0xf6,0x88,0x20,0x5c,0x7c,
    0x0c,0x4c,0xc1,0xf9,0x9f,0xad,0x66,0x5e,0xe2,0x15,0x00,0x70,0x52,0xa4,0x79,0x7d,
    0xf1,0xa7,0x30,0xa8,0xab,0xd6,0x6c,0xc6,0x05,0x32,0x7a,0x14,0x57,0x4e,0xea,0x3b,
    0xef,0x30,0x3a,0x0d,0xd5,0xb2,0xc2,0x7d,0x39,0x3b,0xc5,0x24,0xc1,0x53,0x5f,0xab,
    0xb4,0x73,0x17,0x71,0x64,0x4d,0xc9,0x66,0x13,0xb5,0x5e,0x5f,0xcd,0x44,0x00,0x24,
    0xc1,0xc5,0x4f,0xb6,0xf1,0xda,0x7a,0x80,0x1a,0xc5,0xf9,0xfe,0x27,0x6d,0xe7,0x53,
    0xd7,0x2c,0x0b,0x31,0xb7,0xf5,0xbb,0x6f,0x71,0xe0,0xa1,0x25,0xa6,0xb8,0x53,0x10,
    0x42,0xa2,0xac,0x5d,0xd8,0x85,0x27,0x2e,0xda,0x3d,0x3c,0xbe,0xf8,0x02,0xc6,0x8c,
    0xb4,0xec,0x1e,0xcd,0xb3,0xb4,0xb5,0xb8,0x87,0xa3,0xf0,0xa9,0xe5,0xe7,0x4b,0xb2,
    0x6d,0x6f,0xf6,0x52,0xc3,0x81,0xe1,0xe0,0x41,0x01,0x00,0x04,0xb1,0xdd,0x4f,0x8e,
    0x5a,0x2e,0x01,0x9c,0x54,0xad,0xa5,0xf4,0xc3,0x4b,0x41,0x38,0x6a,0x1c,0xc6,0x3a,
    0x5d,0x49,0xd3,0xc2,0xef,0x51,0x95,0xba,0xaf,0xc2,0xed,0x14,0x21,0xaf,0xb3,0x89,
    0x13,0x2f,0xb2,0x07,0x58,0xf9,0xb3,0xa7,0xe6,0x9d,0x75,0xfa,0xcb,0x4f,0xcb,0x7a,
    0xf7,0x59,0x1f,0x73,0x6a,0xe2,0xd4,0xf9,0x4f,0x11,0x94,0x2c,0xf4,0x72,0x83,0x7c,
    0x20,0x73,0x2b,0xb0,0x18,0x7c,0xf9,0x1b,0x00,
};

static const unsigned char s_hat[] = {
    0x4f,0x67,0x67,0x53,0x00,0x02,0x00,0x00,0x00,0x00,0x00,0x00,0x00,0x00,0xbd,0xf0,
    0xd1,0x0d,0x00,0x00,0x00,0x00,0xb9,0x0d,0xf8,0xf5,0x01,0x1e,0x01,0x76,0x6f,0x72,
    0x62,0x69,0x73,0x00,0x00,0x00,0x00,0x01,0x09,0x56,0x00,0x00,0xff,0xff,0xff,0xff,
    0x00,0x7d,0x00,0x00,0xff,0xff,0xff,0xff,0xa9,0x01,0x4f,0x67,0x67,0x53,0x00,0x00,
    0x00,0x00,0x00,0x00,0x00,0x00,0x00,0x00,0xbd,0xf0,0xd1,0x0d,0x01,0x00,0x00,0x00,
    0x96,0x5b,0x17,0xc6,0x0e,0x32,0xff,0xff,0xff,0xff,0xff,0xff,0xff,0xff,0xff,0xff,
    0xff,0xff,0xc5,0x03,0x76,0x6f,0x72,0x62,0x69,0x73,0x0b,0x00,0x00,0x00,0x4c,0x61,
    0x76,0x66,0x35,0x33,0x2e,0x32,0x34,0x2e,0x32,0x01,0x00,0x00,0x00,0x13,0x00,0x00,
    0x00,0x65,0x6e,0x63,0x6f,0x64,0x65,0x72,0x3d,0x4c,0x61,0x76,0x66,0x35,0x33,0x2e,
    0x32,0x34,0x2e,0x32,0x01,0x05,0x76,0x6f,0x72,0x62,0x69,0x73,0x22,0x42,0x43,0x56,
    0x01,0x00,0x40,0x00,0x00,0x18,0x42,0x10,0x2a,0x05,0xad,0x63,0x8e,0x3a,0xc8,0x15,
    0x21,0x8c,0x19,0xa2,0xa0,0x42,0xca,0x29,0xc7,0x1d,0x42,0xd0,0x21,0xa3,0x24,0x43,
    0x88,0x3a,0xc6,0x35,0xc7,0x18,0x63,0x47,0xb9,0x64,0x8a,0x42,0xc9,0x81,0xd0,0x90,
    0x55,0x00,0x00,0x40,0x00,0x00,0xa4,0x1c,0x57,0x50,0x72,0x49,0x2d,0xe7,0x9c,0x73,
    0xa3,0x18,0x57,0xcc,0x71,0xe8,0x20,0xe7,0x9c,0x73,0xe5,0x20,0x67,0xcc,0x71,0x09,
    0x25,0xe7,0x9c,0x73,0x8e,0x39,0xe7,0x92,0x72,0x8e,0x31,0xe7,0x9c,0x73,0xa3,0x18,
    0x57,0x0e,0x72,0x29,0x2d,0xe7,0x9c,0x73,0x81,0x14,0x47,0x8a,0x71,0xa7,0x18,0xe7,
    0x9c,0x73,0xa4,0x1c,0x47,0x8a,0x71,0xa8,0x18,0xe7,0x9c,0x73,0x6d,0x31,0xb7,0x92,
    0x72,0xce,0x39,0xe7,0x9c,0x73,0xe6,0x20,0x87,0x52,0x72,0xae,0x35,0xe7,0x9c,0x73,
    0xa4,0x18,0x67,0x0e,0x72,0x0b,0x25,0xe7,0x9c,0x73,0xc6,0x20,0x67,0xcc,0x71,0xeb,
    0x20,0xe7,0x9c,0x73,0x8c,0x35,0xb7,0xd4,0x72,0xce,0x39,0xe7,0x9c,0x73,0xce,0x39,
    0xe7,0x9c,0x73,0xce,0x39,0xe7,0x9c,0x73,0x8c,0x31,0xe7,0x9c,0x73,0xce,0x39,0xe7,
    0x9c,0x73,0x6e,0x31,0xe7,0x16,0x73,0xae,0x39,0xe7,0x9c,0x73,0xce,0x39,0xe7,0x1c,
    0x73,0xce,0x39,0xe7,0x9c,0x73,0x20,0x34,0x64,0x15,0x00,0x90,0x00,0x00,0xa0,0xa1,
    0x28,0x8a,0xe2,0x28,0x0e,0x10,0x1a,0xb2,0x0a,0x00,0xc8,0x00,0x00,0x10,0x40,0x71,
    0x14,0x47,0x91,0x14,0x4b,0xb1,0x1c,0xcb,0xd1,0x24,0x0d,0x08,0x0d,0x59,0x05,0x00,
    0x00,0x01,0x00,0x08,0x00,0x00,0xa0,0x48,0x86,0xa4,0x48,0x8a,0xa5,0x58,0x8e,0x66,
    0x69,0x9e,0x26,0x7a,0xa2,0x28,0x9a,0xa2,0x2a,0xab,0xb2,0x69,0xca,0xb2,0x2c,0xcb,
    0xb2,0xeb,0xba,0x2e,0x10,0x1a,0xb2,0x0a,0x00,0x48,0x00,0x00,0x50,0x51,0x14,0xc5,
    0x70,0x14,0x07,0x08,0x0d,0x59,0x05,0x00,0x64,0x00,0x00,0x08,0x60,0x28,0x8a,0xa3,
    0x38,0x8e,0xe4,0x58,0x92,0xa5,0x59,0x9e,0x07,0x84,0x86,0xac,0x02,0x00,0x80,0x00,
    0x00,0x04,0x00,0x00,0x50,0x0c,0x47,0xb1,0x14,0x4d,0xf1,0x24,0xcf,0xf2,0x3c,0xcf,
    0xf3,0x3c,0xcf,0xf3,0x3c,0xcf,0xf3,0x3c,0xcf,0xf3,0x3c,0xcf,0xf3,0x3c,0xcf,0xf3,
    0x3c,0x0d,0x08,0x0d,0x59,0x05,0x00,0x20,0x00,0x00,0x00,0x82,0x28,0x64,0x18,0x03,
    0x42,0x43,0x56,0x01,0x00,0x40,0x00,0x00,0x08,0x21,0x1a,0x19,0x43,0x9d,0x52,0x12,
    0x5c,0x0a,0x16,0x42,0x1c,0x11,0x43,0x1d,0x42,0xce,0x43,0xa9,0xa5,0x83,0xe0,0x29,
    0x85,0x25,0x63,0xd2,0x53,0xac,0x41,0x08,0x21,0x7c,0xef,0x3d,0xf7,0xde,0x7b,0xef,
    0x81,0xd0,0x90,0x55,0x00,0x00,0x10,0x00,0x00,0x61,0x14,0x38,0x88,0x81,0xc7,0x24,
    0x08,0x21,0x84,0x62,0x14,0x27,0x44,0x71,0xa6,0x20,0x08,0x21,0x84,0xe5,0x24,0x58,
    0xca,0x79,0xe8,0x24,0x08,0xdd,0x83,0x10,0x42,0xb8,0x9c,0x7b,0xcb,0xb9,0xf7,0xde,
    0x7b,0x20,0x34,0x64,0x15,0x00,0x00,0x08,0x00,0xc0,0x20,0x84,0x10,0x42,0x08,0x21,
    0x84,0x10,0x42,0x08,0x29,0xa4,0x94,0x52,0x48,0x29,0xa6,0x98,0x62,0x8a,0x29,0xc7,
    0x1c,0x73,0xcc,0x31,0xc7,0x20,0x83,0x0c,0x32,0xe8,0xa0,0x93,0x4e,0x3a,0xc9,0xa4,
    0x92,0x4e,0x3a,0xca,0x24,0xa3,0x8e,0x52,0x6b,0x29,0xb5,0x14,0x53,0x4c,0xb1,0xe5,
    0x16,0x63,0xad,0xb5,0xd6,0x9c,0x73,0xaf,0x41,0x29,0x63,0x8c,0x31,0xc6,0x18,0x63,
    0x8c,0x31,0xc6,0x18,0x63,0x8c,0x31,0xc6,0x18,0x23,0x08,0x0d,0x59,0x05,0x00,0x80,
    0x00,0x00,0x10,0x06,0x19,0x64,0x90,0x41,0x08,0x21,0x84,0x14,0x52,0x48,0x29,0xa6,
    0x98,0x72,0xcc,0x31,0xc7,0x1c,0x03,0x42,0x43,0x56,0x01,0x00,0x80,0x00,0x00,0x02,
    0x00,0x00,0x00,0x1c,0x45,0x52,0x24,0x47,0x72,0x24,0x47,0x92,0x24,0xc9,0x92,0x2c,
    0x49,0x93,0x3c,0xcb,0xb3,0x3c,0xcb,0xb3,0x3c,0x4d,0xd4,0x44,0x4d,0x15,0x55,0xd5,
    0x55,0x6d,0xd7,0xf6,0x6d,0x5f,0xf6,0x6d,0xdf,0xd5,0x65,0xdf,0xf6,0x65,0xdb,0xd5,
    0x65,0x5d,0x96,0x65,0xdd,0xb5,0x6d,0x5d,0xd6,0x5d,0x5d,0xd7,0x75,0x5d,0xd7,0x75,
    0x5d,0xd7,0x75,0x5d,0xd7,0x75,0x5d,0xd7,0x75,0x5d,0xd7,0x81,0xd0,0x90,0x55,0x00,
    0x80,0x04,0x00,0x80,0x8e,0xe4,0x38,0x8e,0xe4,0x38,0x8e,0xe4,0x48,0x8e,0xa4,0x48,
    0x0a,0x10,0x1a,0xb2,0x0a,0x00,0x90,0x01,0x00,0x10,0x00,0x80,0xa3,0x38,0x8a,0xe3,
    0x48,0x8e,0xe4,0x58,0x8e,0x25,0x59,0x92,0x26,0x69,0x96,0x67,0x79,0x96,0xa7,0x79,
    0x9a,0xa8,0x89,0x1e,0x10,0x1a,0xb2,0x0a,0x00,0x00,0x04,0x00,0x10,0x00,0x00,0x00,
    0x00,0x00,0x80,0xa2,0x28,0x8a,0xa3,0x38,0x8e,0x24,0x59,0x96,0xa6,0x69,0x9e,0xa7,
    0x7a,0xa2,0x28,0x9a,0xaa,0xaa,0x8a,0xa6,0xa9,0xaa,0xaa,0x6a,0x9a,0xa6,0x69,0x9a,
    0xa6,0x69,0x9a,0xa6,0x69,0x9a,0xa6,0x69,0x9a,0xa6,0x69,0x9a,0xa6,0x69,0x9a,0xa6,
    0x69,0x9a,0xa6,0x69,0x9a,0xa6,0x69,0x9a,0xa6,0x69,0x9a,0xa6,0x69,0x02,0xa1,0x21,
    0xab,0x00,0x00,0x09,0x00,0x00,0x1d,0xc7,0x71,0x1c,0x47,0x71,0x1c,0xc7,0x71,0x24,
    0x47,0x92,0x24,0x20,0x34,0x64,0x15,0x00,0x20,0x03,0x00,0x20,0x00,0x00,0x43,0x51,
    0x1c,0x45,0x72,0x2c,0xc7,0x92,0x34,0x4b,0xb3,0x3c,0xcb,0xd3,0x44,0xcf,0xf4,0x5c,
    0x51,0x36,0x75,0x53,0x57,0x6d,0x20,0x34,0x64,0x15,0x00,0x00,0x08,0x00,0x20,0x00,
    0x00,0x00,0x00,0x00,0x00,0xc7,0x73,0x3c,0xc7,0x73,0x3c,0xc9,0x93,0x3c,0xcb,0x73,
    0x3c,0xc7,0x93,0x3c,0x49,0xd3,0x34,0x4d,0xd3,0x34,0x4d,0xd3,0x34,0x4d,0xd3,0x34,
    0x4d,0xd3,0x34,0x4d,0xd3,0x34,0x4d,0xd3,0x34,0x4d,0xd3,0x34,0x4d,0xd3,0x34,0x4d,
    0xd3,0x34,0x4d,0xd3,0x34,0x4d,0xd3,0x34,0x4d,0xd3,0x34,0x4d,0xd3,0x34,0x4d,0x03,
    0x42,0x43,0x56,0x02,0x00,0x64,0x00,0x00,0x10,0x93,0x90,0x4a,0x4e,0xb1,0x57,0x46,
    0x29,0xc6,0x24,0xb4,0x5e,0x2a,0xa4,0x14,0x93,0xd4,0x7b,0xa8,0x98,0x62,0x4c,0x3a,
    0xed,0xa9,0x42,0x06,0x29,0x07,0xb9,0x87,0x4a,0x21,0xa5,0xa0,0xd3,0xde,0x32,0xa5,
    0x90,0x52,0x0c,0x7b,0xa7,0x98,0x42,0xc8,0x18,0xea,0xa1,0x83,0x90,0x31,0x85,0xb0,
    0xd7,0xda,0x73,0xcf,0xbd,0xf7,0x1e,0x08,0x0d,0x59,0x11,0x00,0x44,0x01,0x00,0x00,
    0xc6,0x20,0xc6,0x10,0x63,0xc8,0x31,0x26,0x25,0x83,0x12,0x31,0xc7,0x24,0x64,0x52,
    0x22,0xe7,0x9c,0x94,0x4e,0x4a,0x26,0xa5,0xa4,0x56,0x5a,0xcc,0xa4,0x84,0x98,0x4a,
    0x8b,0x91,0x73,0x4e,0x4a,0x27,0x25,0x93,0x52,0x5a,0x0b,0xa9,0x65,0x92,0x4a,0x6b,
    0x25,0xa6,0x02,0x00,0x00,0x02,0x1c,0x00,0x00,0x02,0x2c,0x84,0x42,0x43,0x56,0x04,
    0x00,0x51,0x00,0x00,0x88,0x31,0x48,0x29,0xa4,0x14,0x52,0x4a,0x31,0xa7,0x98,0x43,
    0x4a,0x29,0xc7,0x94,0x63,0x48,0x29,0xe5,0x9c,0x72,0x4e,0x39,0xc7,0x98,0x74,0x10,
    0x2a,0xe7,0x18,0x74,0x0e,0x4a,0xa4,0x94,0x72,0x8e,0x39,0xa7,0x9c,0x73,0x12,0x32,
    0x07,0x95,0x73,0x0e,0x42,0x26,0x9d,0x00,0x00,0x80,0x00,0x07,0x00,0x80,0x00,0x0b,
    0xa1,0xd0,0x90,0x15,0x01,0x40,0x9c,0x00,0x00,0x80,0x90,0x73,0x8a,0x31,0x08,0x11,
    0x63,0x10,0x42,0x09,0x29,0x85,0x50,0x52,0xaa,0x9c,0x93,0xd2,0x41,0x49,0xa9,0x83,
    0x92,0x52,0x49,0xa9,0xc5,0x92,0x52,0x8c,0x95,0x73,0x52,0x3a,0x09,0x29,0x75,0x12,
    0x52,0x2a,0x29,0xc5,0x58,0x52,0x8a,0x2d,0xa4,0x54,0x63,0x69,0x2d,0xd7,0xd2,0x52,
    0x8d,0x2d,0xc6,0x9c,0x5b,0x8c,0xbd,0x86,0x94,0x62,0x2d,0xa9,0xd5,0x5a,0x5a,0xab,
    0xb9,0xc5,0x58,0x73,0x8b,0x35,0xf7,0xc8,0x39,0x4a,0x9d,0x94,0xd6,0x3a,0x29,0xad,
    0xa5,0xd6,0x6a,0x4d,0xad,0xd5,0xda,0x49,0x69,0x2d,0xa4,0xd6,0x62,0x69,0x2d,0xc6,
    0xd6,0x62,0xcd,0x29,0xc6,0x9c,0x33,0x29,0xad,0x85,0x96,0x62,0x2b,0xa9,0xc5,0xd8,
    0x62,0xcb,0x35,0xb5,0x98,0x73,0x69,0x2d,0xd7,0x14,0x63,0xcf,0x29,0xc6,0x9e,0x6b,
    0xac,0xb9,0xc7,0x9c,0x83,0x30,0xad,0xd5,0x9c,0x5a,0xcb,0x39,0xc5,0x98,0x7b,0xcc,
    0xb1,0xe7,0x98,0x73,0x0f,0x92,0x73,0x94,0x3a,0x29,0xad,0x75,0x52,0x5a,0x4b,0xad,
    0xd5,0x9a,0x5a,0xab,0x35,0x93,0xd2,0x5a,0x69,0xad,0xc6,0x90,0x5a,0x8b,0x2d,0xc6,
    0x9c,0x5b,0x8b,0x31,0x67,0x52,0x5a,0x2c,0xa9,0xc5,0x58,0x5a,0x8a,0x31,0xc5,0x98,
    0x73,0x8b,0x2d,0xd7,0xd0,0x5a,0xae,0x29,0xc6,0x9c,0x53,0x8b,0x39,0xc7,0x5a,0x83,
    0x92,0xb1,0xf6,0x5e,0x5a,0xab,0x39,0xc5,0x98,0x7b,0x8a,0xad,0xe7,0x98,0x73,0x30,
    0x36,0xc7,0x9e,0x3b,0x4a,0xb9,0x96,0xd6,0x7a,0x2e,0xad,0xf5,0x5e,0x73,0x2e,0x42,
    0xd6,0xdc,0x8b,0x68,0x2d,0xe7,0xd4,0x6a,0x0f,0x2a,0xc6,0x9e,0x73,0xce,0xc1,0xd8,
    0xdc,0x83,0x10,0xad,0xe5,0x9c,0x6a,0xec,0x3d,0xc5,0xd8,0x7b,0xee,0x39,0x18,0xdb,
    0x73,0xf0,0xad,0xd6,0xe0,0x5b,0xcd,0x45,0xc8,0x9c,0x83,0xd0,0xb9,0xf8,0xa6,0x7b,
    0x30,0x46,0xd5,0xda,0x83,0xcc,0xb5,0x08,0x99,0x73,0x10,0x3a,0xe8,0x22,0x74,0xf0,
    0xc9,0x78,0x94,0x6a,0x2e,0xad,0xe5,0x5c,0x5a,0xeb,0x3d,0xd6,0x1a,0x7c,0xcd,0x39,
    0x08,0xd1,0x5a,0xee,0x29,0xc6,0xde,0x53,0x8b,0xbd,0xd7,0x9e,0x9b,0xb0,0xbd,0x07,
    0x21,0x5a,0xcb,0x3d,0xc5,0xd8,0x83,0x8a,0x31,0xf8,0x9a,0x73,0x30,0x3a,0xe7,0x62,
    0x54,0xad,0xc1,0xc7,0x9c,0x83,0x90,0xb5,0x16,0xa1,0x7b,0x2f,0x4a,0xe7,0x20,0x94,
    0xaa,0xb5,0x07,0x99,0x6b,0x50,0x32,0xd7,0x22,0x74,0xf0,0xc5,0xe8,0xa0,0x8b,0x2f,
    0x00,0x00,0x60,0xc0,0x01,0x00,0x20,0xc0,0x84,0x32,0x50,0x68,0xc8,0x8a,0x00,0x20,
    0x4e,0x00,0x80,0x41,0xc8,0x39,0xa5,0x18,0x84,0x4a,0x29,0x08,0xa1,0x84,0x94,0x42,
    0x28,0x29,0x55,0x8c,0x49,0xc8,0x98,0x83,0x92,0x31,0x27,0xa5,0x94,0x52,0x5a,0x08,
    0x25,0xb5,0x8a,0x31,0x08,0x99,0x63,0x52,0x32,0xc7,0xa4,0x84,0x12,0x5a,0x2a,0x25,
    0xb4,0x12,0x4a,0x69,0xa9,0x94,0xd2,0x5a,0x28,0xa5,0xb5,0x96,0x5a,0x8c,0x29,0xb5,
    0x16,0x43,0x29,0xa9,0x85,0x52,0x5a,0x2b,0xa5,0xb4,0x96,0x5a,0xaa,0x31,0xb5,0x56,
    0x63,0xc4,0x98,0x94,0xcc,0x39,0x29,0x99,0x63,0x52,0x4a,0x29,0xad,0x95,0x52,0x5a,
    0xab,0x1c,0x93,0x92,0x31,0x28,0xa9,0x83,0x90,0x4a,0x29,0x29,0xc5,0x52,0x52,0x8b,
    0x95,0x73,0x52,0x32,0xe8,0xa8,0x74,0x10,0x4a,0x2a,0xa9,0xc4,0x54,0x52,0x69,0xad,
    0xa4,0xd2,0x52,0x29,0xa5,0xc5,0x92,0x52,0x6c,0x29,0xc5,0x54,0x5b,0x8b,0xb5,0x86,
    0x52,0x5a,0x2c,0xa9,0xc4,0x56,0x52,0x6a,0x31,0xb5,0x54,0x5b,0x8b,0x31,0xd7,0x88,
    0x31,0x29,0x19,0x73,0x52,0x32,0xe7,0xa4,0x94,0x52,0x52,0x2b,0xa5,0xb4,0x96,0x39,
    0x27,0xa5,0x83,0x8e,0x4a,0xe6,0xa0,0xa4,0x92,0x52,0x6b,0xa5,0xa4,0x14,0x33,0xe6,
    0xa4,0x74,0x0e,0x4a,0xca,0x20,0xa3,0x52,0x52,0x8a,0x2d,0xa5,0x12,0x53,0x28,0xa5,
    0xb5,0x92,0x52,0x6c,0xa5,0xa4,0xd6,0x5a,0x8c,0xb5,0xa6,0xd4,0x5a,0x2d,0x25,0xb5,
    0x56,0x52,0x6a,0xb1,0x94,0x12,0x5b,0x8b,0x31,0xd7,0x16,0x4b,0x4d,0x9d,0x94,0xd6,
    0x4a,0x2a,0x31,0x86,0x52,0x5a,0x6b,0x31,0xe6,0x9a,0x5a,0x8b,0x31,0x94,0x12,0x5b,
    0x29,0x29,0xc6,0x92,0x4a,0x6c,0xad,0xc5,0x9a,0x5b,0x6c,0x39,0x86,0x52,0x5a,0x2c,
    0xa9,0xc4,0x56,0x4a,0x6a,0xb1,0xd5,0x96,0x63,0x6b,0xb1,0xe6,0xd4,0x52,0x8d,0x29,
    0xb5,0x9a,0x5b,0x6c,0xb9,0xc6,0x94,0x53,0x8f,0xb5,0xf6,0x9c,0x5a,0xab,0x35,0xb5,
    0x54,0x63,0x6b,0xb1,0xe6,0x58,0x5b,0x6f,0xb5,0xd6,0x9c,0x3b,0x29,0xad,0x85,0x52,
    0x5a,0x2b,0x25,0xc5,0x98,0x5a,0x8b,0xb1,0xc5,0x58,0x73,0x28,0x25,0xb6,0x92,0x52,
    0x6c,0xa5,0xa4,0x18,0x5b,0x6c,0xb9,0xb6,0x16,0x63,0x0f,0xa1,0xb4,0x58,0x4a,0x6a,
    0xb1,0xa4,0x12,0x63,0x6b,0x31,0xe6,0x18,0x5b,0x8e,0xa9,0xb5,0x5a,0x5b,0x6c,0xb9,
    0xa6,0xd4,0x62,0xad,0xb5,0xf6,0x1c,0x5b,0x6e,0x3d,0xa5,0x16,0x6b,0x8b,0xb1,0xe6,
    0xd2,0x52,0x8d,0x35,0xd7,0xde,0x63,0x4d,0x39,0x15,0x00,0x00,0x30,0xe0,0x00,0x00,
    0x10,0x60,0x42,0x19,0x28,0x34,0x64,0x25,0x00,0x10,0x05,0x00,0x00,0x18,0xc3,0x18,
    0x63,0x10,0x1a,0xa5,0x9c,0x73,0x4e,0x4a,0x83,0x94,0x73,0xce,0x49,0xc9,0x9c,0x83,
    0x10,0x42,0x4a,0x99,0x73,0x10,0x42,0x48,0x29,0x73,0x4e,0x42,0x4a,0x2d,0x65,0xce,
    0x41,0x48,0xa9,0xb5,0x50,0x4a,0x4a,0xad,0xc5,0x16,0x4a,0x49,0xa9,0xb5,0x16,0x0b,
    0x00,0x00,0x28,0x70,0x00,0x00,0x08,0xb0,0x41,0x53,0x62,0x71,0x80,0x42,0x43,0x56,
    0x02,0x00,0x51,0x00,0x00,0x88,0x31,0x4a,0x31,0x06,0xa1,0x31,0x46,0x29,0xe7,0x20,
    0x34,0xc6,0x28,0xc5,0x18,0x84,0x4a,0x29,0xc6,0x9c,0x93,0x50,0x29,0xc5,0x98,0x73,
    0x50,0x32,0xc7,0x9c,0x83,0x50,0x4a,0xe6,0x9c,0x73,0x10,0x4a,0x09,0x21,0x94,0x52,
    0x4a,0x4a,0x21,0x84,0x52,0x4a,0x49,0xa9,0x00,0x00,0x80,0x02,0x07,0x00,0x80,0x00,
    0x1b,0x34,0x25,0x16,0x07,0x28,0x34,0x64,0x45,0x00,0x10,0x05,0x00,0x00,0x18,0x63,
    0x9c,0x33,0xce,0x21,0x0a,0x9d,0xa5,0xce,0x52,0x24,0xa9,0xa3,0xd6,0x51,0x6b,0x28,
    0xa5,0x1a,0x4b,0x8c,0x9d,0xc6,0x56,0x7b,0xeb,0xb9,0xd3,0x1a,0x7b,0x6d,0xb9,0x37,
    0x94,0x4a,0x8d,0xa9,0xd6,0x8e,0x6b,0xcb,0xb9,0xd5,0xde,0x69,0x4d,0x3d,0xb7,0x1c,
    0x0b,0x00,0x00,0x3b,0x70,0x00,0x00,0x3b,0xb0,0x10,0x0a,0x0d,0x59,0x09,0x00,0xe4,
    0x01,0x00,0x10,0xc6,0x28,0xc5,0x98,0x73,0xce,0x19,0x85,0x18,0x73,0xce,0x39,0xe7,
    0x0c,0x52,0x8c,0x39,0xe7,0x9c,0x73,0x8a,0x31,0xe7,0x9c,0x83,0x10,0x42,0xc5,0x98,
    0x73,0xce,0x41,0x08,0x21,0x73,0xce,0x39,0x08,0xa1,0x84,0x92,0x39,0xe7,0x1c,0x84,
    0x10,0x4a,0xe8,0x9c,0x83,0x50,0x4a,0x29,0xa5,0x74,0xce,0x41,0x08,0xa1,0x94,0x52,
    0x3a,0xe7,0x20,0x84,0x52,0x4a,0x29,0x9d,0x73,0x10,0x4a,0x29,0xa5,0x94,0x02,0x00,
    0x80,0x0a,0x1c,0x00,0x00,0x02,0x6c,0x14,0xd9,0x9c,0x60,0x24,0xa8,0xd0,0x90,0x95,
    0x00,0x40,0x1e,0x00,0x00,0x60,0x0c,0x42,0xce,0x49,0x69,0xad,0x61,0xcc,0x39,0x08,
    0x2d,0xd5,0xd8,0x30,0xc6,0x1c,0x94,0x94,0x62,0x8b,0x9c,0x83,0x90,0x52,0x8b,0xb9,
    0x46,0xcc,0x41,0x48,0x29,0xc6,0xa0,0x3b,0x28,0x29,0xb5,0x18,0x6c,0xf0,0x9d,0x84,
    0x94,0x5a,0x8b,0x39,0x07,0x93,0x52,0x8b,0x35,0xe7,0xde,0x83,0x48,0xa9,0xb5,0x9a,
    0x83,0xce,0x3d,0xd5,0x56,0x73,0xcf,0xbd,0xf7,0x9c,0x62,0xac,0x35,0xe7,0xde,0x73,
    0x2f,0x00,0x00,0x77,0xc1,0x01,0x00,0xec,0xc0,0x46,0x91,0xcd,0x09,0x46,0x82,0x0a,
    0x0d,0x59,0x09,0x00,0xe4,0x01,0x00,0x10,0x08,0x29,0xc5,0x98,0x73,0xce,0x19,0xa5,
    0x18,0x73,0xcc,0x39,0xe7,0x8c,0x52,0x8c,0x31,0xe6,0x9c,0x73,0x8a,0x31,0xc6,0x9c,
    0x73,0xce,0x41,0xc5,0x18,0x63,0xce,0x39,0x07,0x21,0x63,0xcc,0x39,0xe7,0x20,0x84,
    0x90,0x31,0xe6,0x9c,0x73,0x10,0x42,0xe8,0x9c,0x73,0x0e,0x42,0x08,0x21,0x74,0xce,
    0x39,0x07,0x21,0x84,0x10,0x3a,0xe7,0xa0,0x83,0x10,0x42,0x08,0x9d,0x73,0x10,0x42,
    0x08,0x21,0x84,0x02,0x00,0x80,0x0a,0x1c,0x00,0x00,0x02,0x6c,0x14,0xd9,0x9c,0x60,
    0x24,0xa8,0xd0,0x90,0x95,0x00,0x40,0x38,0x00,0x00,0x00,0x21,0x84,0x10,0x42,0x08,
    0x21,0x84,0x10,0x42,0x08,0x21,0x84,0x10,0x42,0x08,0x21,0x84,0x10,0x42,0x08,0x21,
    0x84,0x10,0x42,0x08,0x21,0x84,0x10,0x42,0x08,0x21,0x84,0x10,0x42,0x08,0x21,0x84,
    0x10,0x42,0x08,0x21,0x84,0x10,0x42,0x08,0x21,0x84,0x10,0x42,0x08,0x21,0x84,0x10,
    0x42,0x08,0x21,0x84,0x10,0x42,0x08,0x21,0x84,0x10,0x42,0x08,0x21,0x84,0x10,0x42,
    0x08,0x21,0x84,0x10,0x42,0x08,0x21,0x84,0x10,0x42,0x08,0x21,0x84,0x10,0x42,0x08,
    0x21,0x84,0x10,0x42,0x08,0x21,0x84,0x10,0x42,0x08,0x21,0x84,0x10,0x42,0x08,0x21,
    0x84,0x10,0x42,0x08,0x21,0x84,0x10,0x42,0x08,0x21,0x84,0x10,0x42,0x08,0x21,0x84,
    0x10,0x42,0xe8,0x9c,0x73,0xce,0x39,0xe7,0x9c,0x73,0xce,0x39,0xe7,0x9c,0x73,0xce,
    0x39,0xe7,0x9c,0x73,0xce,0x39,0x27,0x00,0xc8,0xb7,0xc2,0x01,0xc0,0xff,0xc1,0xc6,
    0x19,0x56,0x92,0xce,0x0a,0x47,0x83,0x0b,0x0d,0x59,0x09,0x00,0x84,0x03,0x00,0x00,
    0x0a,0x41,0x28,0xa5,0x62,0x10,0x4a,0x29,0x25,0x92,0x4e,0x3a,0x29,0x9d,0x93,0x50,
    0x4a,0x29,0x91,0x83,0x52,0x4a,0xe9,0xa4,0x94,0x52,0x4a,0x09,0xa5,0x94,0x52,0x4a,
    0x08,0xa5,0x94,0x52,0x4a,0x08,0x1d,0x94,0x52,0x42,0x29,0xa5,0x94,0x52,0x4a,0x29,
    0xa5,0x94,0x52,0x4a,0x29,0xa5,0x94,0x52,0x3a,0x29,0xa5,0x94,0x52,0x4a,0x29,0xa5,
    0x94,0xca,0x39,0x29,0xa5,0x93,0x52,0x4a,0x29,0xa5,0x44,0xce,0x49,0x29,0x21,0x94,
    0x52,0x4a,0x29,0xa5,0x84,0x52,0x4a,0x29,0xa5,0x94,0x52,0x4a,0x29,0xa5,0x94,0x52,
    0x4a,0x29,0xa5,0x94,0x52,0x4a,0x29,0xa5,0x84,0x10,0x42,0x08,0x21,0x84,0x10,0x42,
    0x08,0x21,0x84,0x10,0x42,0x08,0x21,0x84,0x10,0x42,0x08,0x21,0x84,0x10,0x42,0x08,
    0x21,0x84,0x10,0x42,0x08,0x21,0x84,0x10,0x42,0x08,0x21,0x84,0x02,0x00,0xb8,0x1b,
    0x1c,0x00,0x20,0x12,0x6c,0x9c,0x61,0x25,0xe9,0xac,0x70,0x34,0xb8,0xd0,0x90,0x95,
    0x00,0x40,0x48,0x00,0x00,0xa0,0x14,0x73,0x8e,0x4a,0x08,0x29,0x94,0x90,0x52,0xa8,
    0x98,0xa2,0x8e,0x42,0x29,0x29,0xa4,0x52,0x4a,0x0a,0x11,0x63,0xce,0x49,0xea,0x1c,
    0x85,0x50,0x52,0x28,0xa9,0x83,0xca,0x39,0x08,0xa5,0xa4,0x94,0x42,0x2a,0x21,0x75,
    0xce,0x41,0x07,0x25,0x85,0x90,0x52,0x09,0x21,0x95,0x8e,0x3a,0xe8,0x28,0x94,0x50,
    0x52,0x2a,0x25,0x94,0xd2,0x39,0x28,0xa5,0x84,0x14,0x4a,0x4a,0x29,0x95,0x90,0x42,
    0x48,0xa9,0x74,0x94,0x52,0x28,0x25,0x95,0x94,0x42,0x2a,0x21,0x95,0x52,0x4a,0x48,
    0x25,0x95,0x10,0x4a,0x0a,0x9d,0xa4,0x54,0x4a,0x0a,0xa9,0xa4,0x54,0x52,0x08,0x9d,
    0x74,0x90,0x42,0x27,0x25,0xa4,0x92,0x4a,0x0a,0xa9,0x93,0x94,0x52,0x2a,0x25,0xa5,
    0x94,0x4a,0x4a,0x25,0x74,0x52,0x42,0x2a,0x29,0xa5,0x10,0x42,0x4a,0xa9,0x94,0x10,
    0x4a,0x48,0x29,0xa5,0x4e,0x52,0x49,0xa9,0xa4,0x14,0x42,0x28,0x21,0x85,0x94,0x52,
    0x4a,0x25,0xa5,0x92,0x4a,0x4a,0x21,0x95,0x54,0x42,0x09,0xa5,0xa4,0x94,0x52,0x28,
    0xa1,0xa4,0x54,0x52,0x4a,0x29,0xa5,0x92,0x52,0x29,0x00,0x00,0xe0,0xc0,0x01,0x00,
    0x20,0xc0,0x08,0x3a,0xc9,0xa8,0xb2,0x08,0x1b,0x4d,0xb8,0xf0,0x00,0x14,0x1a,0xb2,
    0x12,0x00,0x20,0x03,0x00,0x40,0x94,0x74,0xd6,0x69,0xa7,0x49,0x22,0x08,0x31,0x45,
    0x99,0x27,0x0d,0x29,0xc6,0x20,0xb5,0xa4,0x2c,0xc3,0x10,0x53,0x92,0x89,0xf1,0x14,
    0x63,0x8c,0x39,0x28,0x46,0x43,0x0e,0x31,0xe4,0x94,0x18,0x17,0x4a,0x08,0xa1,0x83,
    0x62,0x3c,0x26,0x95,0x43,0xca,0x50,0x51,0xb9,0xb7,0xd4,0x39,0x05,0xc5,0x16,0x63,
    0x7c,0xef,0xb1,0x17,0x01,0x00,0x00,0x08,0x02,0x00,0x04,0x84,0x04,0x00,0x18,0x20,
    0x28,0x98,0x01,0x00,0x06,0x07,0x08,0x23,0x07,0x02,0x1d,0x01,0x04,0x0e,0x6d,0x00,
    0x80,0x81,0x08,0x99,0x09,0x0c,0x0a,0xa1,0xc1,0x41,0x26,0x00,0x3c,0x40,0x44,0x48,
    0x05,0x00,0x89,0x09,0x8a,0xd2,0x85,0x2e,0x08,0x21,0x82,0x74,0x11,0x64,0xf1,0xc0,
    0x85,0x13,0x37,0x9e,0xb8,0xe1,0x84,0x0e,0x6d,0x10,0x00,0x00,0x00,0x00,0x00,0x10,
    0x00,0xf0,0x01,0x00,0x90,0x50,0x00,0x11,0x11,0xd1,0xcc,0x55,0x58,0x5c,0x60,0x64,
    0x68,0x6c,0x70,0x74,0x78,0x7c,0x80,0x84,0x04,0x00,0x00,0x00,0x00,0x00,0x08,0x00,
    0x7c,0x00,0x00,0x24,0x22,0x40,0x44,0x44,0x34,0x73,0x15,0x16,0x17,0x18,0x19,0x1a,
    0x1b,0x1c,0x1d,0x1e,0x1f,0x20,0x21,0x01,0x00,0x00,0x00,0x00,0x00,0x00,0x00,0x00,
    0x40,0x40,0x40,0x00,0x00,0x00,0x00,0x00,0x20,0x00,0x00,0x00,0x40,0x40,0x4f,0x67,
    0x67,0x53,0x00,0x04,0x40,0x02,0x00,0x00,0x00,0x00,0x00,0x00,0xbd,0xf0,0xd1,0x0d,
    0x02,0x00,0x00,0x00,0x83,0x72,0xf0,0xdb,0x04,0x4d,0x4b,0x52,0x44,0x34,0xbf,0x8d,
    0x1a,0x99,0x63,0xb3,0x34,0x83,0xc6,0xa9,0xb1,0x86,0x49,0x49,0xb7,0x75,0xc4,0x6c,
    0x8a,0x4a,0x03,0xe5,0x91,0xff,0xf0,0xd4,0xf8,0xea,0xee,0x25,0x52,0xe3,0xc0,0xe1,
    0xc1,0x16,0x1b,0x00,0xe0,0x58,0x46,0x13,0xcd,0x46,0xad,0x06,0xb6,0x74,0x49,0x1c,
    0x84,0x91,0x91,0x5a,0x2d,0x25,0x01,0x80,0x6f,0xb6,0x44,0x23,0x09,0xd7,0x1b,0x5e,
    0x6f,0xcd,0xd8,0x90,0x08,0xc3,0xe6,0xbc,0x3c,0x00,0x0c,0xbb,0x0d,0x04,0xbb,0xbb,
    0xcb,0x5e,0x48,0x5c,0x65,0x9c,0xec,0x7b,0xbb,0xff,0xd8,0xb0,0xfd,0x61,0x34,0xea,
    0x54,0xa8,0xa6,0x27,0xbf,0x6c,0xe5,0xc5,0x43,0x62,0xe1,0x6d,0xde,0x4b,0xdd,0x5b,
    0x9d,0x46,0xfe,0x29,0x7b,0xe0,0x4f,0x89,0xd2,0x2d,0xd2,0xd5,0x88,0x78,0xa1,0xe3,
    0xa6,0x62,0x91,0xb6,0x6a,0x4f,0x20,0x1f,0x5d,0xe4,0xca,0xa2,0xc6,0x45,0xb4,0x5d,
    0x91,0xc0,0x26,0x1b,0x00,0x04,0xb3,0xd3,0x80,0x8e,0xb3,0x5a,0x5c,0x23,0x9a,0x84,
    0x41,0x07,0x79,0x7c,0xcb,0xf6,0xf9,0xd7,0xfd,0x86,0x4f,0x46,0xd3,0xd5,0x04,0x0c,
    0x6c,0xaa,0xc5,0xa5,0x2c,0x48,0x47,0xc8,0x94,0x21,0xff,0x34,0xb5,0xc0,0xe5,0x4c,
    0x80,0xa2,0xbc,0xa6,0xb4,0xe3,0xfa,0x75,0xdb,0xa6,0x04,0x08,0xfa,0xa8,0x1f,0xce,
    0x5f,0x6f,0x77,0x2d,0x23,0x43,0x41,0x84,0x9d,0xa1,0x74,0x6b,0x1f,0xcf,0xa9,0x88,
    0x9a,0xc0,0x77,0x6f,0x3b,0x3a,0x00,0x0c,0x9d,0xab,0x4b,0xbc,0x69,0x4a,0x59,0xd0,
    0x00,0x50,0x4b,0x88,0xed,0xe2,0x2e,0x7e,0xb2,0x30,0x23,0xe5,0xcd,0x1f,0x85,0x61,
    0x9b,0x9d,0xc3,0xf6,0xfa,0x85,0x23,0x9a,0x6f,0xe5,0xce,0x2d,0x2a,0xfe,0x73,0xee,
    0x74,0x9e,0x8d,0xd3,0x51,0x00,0xfc,0xef,0x2a,0x91,0xe8,0xec,0x2a,0xd1,0x20,0x27,
    0xca,0xeb,0xb4,0x28,0xca,0x4e,0x9b,0x4e,0x9b,0x76,0x00,
};

static const unsigned char s_guitar[] = {
    0x4f,0x67,0x67,0x53,0x00,0x02,0x00,0x00,0x00,0x00,0x00,0x00,0x00,0x00,0xe2,0x86,
    0x61,0xfe,0x00,0x00,0x00,0x00,0x12,0x2a,0xc0,0xcb,0x01,0x1e,0x01,0x76,0x6f,0x72,
    0x62,0x69,0x73,0x00,0x00,0x00,0x00,0x01,0x09,0x56,0x00,0x00,0xff,0xff,0xff,0xff,
    0x00,0x7d,0x00,0x00,0xff,0xff,0xff,0xff,0xa9,0x01,0x4f,0x67,0x67,0x53,0x00,0x00,
    0x00,0x00,0x00,0x00,0x00,0x00,0x00,0x00,0xe2,0x86,0x61,0xfe,0x01,0x00,0x00,0x00,
    0xf9,0x8a,0x00,0x86,0x0e,0x32,0xff,0xff,0xff,0xff,0xff,0xff,0xff,0xff,0xff,0xff,
    0xff,0xff,0xc5,0x03,0x76,0x6f,0x72,0x62,0x69,0x73,0x0b,0x00,0x00,0x00,0x4c,0x61,
    0x76,0x66,0x35,0x33,0x2e,0x32,0x34,0x2e,0x32,0x01,0x00,0x00,0x00,0x13,0x00,0x00,
    0x00,0x65,0x6e,0x63,0x6f,0x64,0x65,0x72,0x3d,0x4c,0x61,0x76,0x66,0x35,0x33,0x2e,
    0x32,0x34,0x2e,0x32,0x01,0x05,0x76,0x6f,0x72,0x62,0x69,0x73,0x22,0x42,0x43,0x56,
    0x01,0x00,0x40,0x00,0x00,0x18,0x42,0x10,0x2a,0x05,0xad,0x63,0x8e,0x3a,0xc8,0x15,
    0x21,0x8c,0x19,0xa2,0xa0,0x42,0xca,0x29,0xc7,0x1d,0x42,0xd0,0x21,0xa3,0x24,0x43,
    0x88,0x3a,0xc6,0x35,0xc7,0x18,0x63,0x47,0xb9,0x64,0x8a,0x42,0xc9,0x81,0xd0,0x90,
    0x55,0x00,0x00,0x40,0x00,0x00,0xa4,0x1c,0x57,0x50,0x72,0x49,0x2d,0xe7,0x9c,0x73,
    0xa3,0x18,0x57,0xcc,0x71,0xe8,0x20,0xe7,0x9c,0x73,0xe5,0x20,0x67,0xcc,0x71,0x09,
    0x25,0xe7,0x9c,0x73,0x8e,0x39,0xe7,0x92,0x72,0x8e,0x31,0xe7,0x9c,0x73,0xa3,0x18,
    0x57,0x0e,0x72,0x29,0x2d,0xe7,0x9c,0x73,0x81,0x14,0x47,0x8a,0x71,0xa7,0x18,0xe7,
    0x9c,0x73,0xa4,0x1c,0x47,0x8a,0x71,0xa8,0x18,0xe7,0x9c,0x73,0x6d,0x31,0xb7,0x92,
    0x72,0xce,0x39,0xe7,0x9c,0x73,0xe6,0x20,0x87,0x52,0x72,0xae,0x35,0xe7,0x9c,0x73,
    0xa4,0x18,0x67,0x0e,0x72,0x0b,0x25,0xe7,0x9c,0x73,0xc6,0x20,0x67,0xcc,0x71,0xeb,
    0x20,0xe7,0x9c,0x73,0x8c,0x35,0xb7,0xd4,0x72,0xce,0x39,0xe7,0x9c,0x73,0xce,0x39,
    0xe7,0x9c,0x73,0xce,0x39,0xe7,0x9c,0x73,0x8c,0x31,0xe7,0x9c,0x73,0xce,0x39,0xe7,
    0x9c,0x73,0x6e,0x31,0xe7,0x16,0x73,0xae,0x39,0xe7,0x9c,0x73,0xce,0x39,0xe7,0x1c,
    0x73,0xce,0x39,0xe7,0x9c,0x73,0x20,0x34,0x64,0x15,0x00,0x90,0x00,0x00,0xa0,0xa1,
    0x28,0x8a,0xe2,0x28,0x0e,0x10,0x1a,0xb2,0x0a,0x00,0xc8,0x00,0x00,0x10,0x40,0x71,
    0x14,0x47,0x91,0x14,0x4b,0xb1,0x1c,0xcb,0xd1,0x24,0x0d,0x08,0x0d,0x59,0x05,0x00,
    0x00,0x01,0x00,0x08,0x00,0x00,0xa0,0x48,0x86,0xa4,0x48,0x8a,0xa5,0x58,0x8e,0x66,
    0x69,0x9e,0x26,0x7a,0xa2,0x28,0x9a,0xa2,0x2a,0xab,0xb2,0x69,0xca,0xb2,0x2c,0xcb,
    0xb2,0xeb,0xba,0x2e,0x10,0x1a,0xb2,0x0a,0x00,0x48,0x00,0x00,0x50,0x51,0x14,0xc5,
    0x70,0x14,0x07,0x08,0x0d,0x59,0x05,0x00,0x64,0x00,0x00,0x08,0x60,0x28,0x8a,0xa3,
    0x38,0x8e,0xe4,0x58,0x92,0xa5,0x59,0x9e,0x07,0x84,0x86,0xac,0x02,0x00,0x80,0x00,
    0x00,0x04,0x00,0x00,0x50,0x0c,0x47,0xb1,0x14,0x4d,0xf1,0x24,0xcf,0xf2,0x3c,0xcf,
    0xf3,0x3c,0xcf,0xf3,0x3c,0xcf,0xf3,0x3c,0xcf,0xf3,0x3c,0xcf,0xf3,0x3c,0xcf,0xf3,
    0x3c,0x0d,0x08,0x0d,0x59,0x05,0x00,0x20,0x00,0x00,0x00,0x82,0x28,0x64,0x18,0x03,
    0x42,0x43,0x56,0x01,0x00,0x40,0x00,0x00,0x08,0x21,0x1a,0x19,0x43,0x9d,0x52,0x12,
    0x5c,0x0a,0x16,0x42,0x1c,0x11,0x43,0x1d,0x42,0xce,0x43,0xa9,0xa5,0x83,0xe0,0x29,
    0x85,0x25,0x63,0xd2,0x53,0xac,0x41,0x08,0x21,0x7c,0xef,0x3d,0xf7,0xde,0x7b,0xef,
    0x81,0xd0,0x90,0x55,0x00,0x00,0x10,0x00,0x00,0x61,0x14,0x38,0x88,0x81,0xc7,0x24,
    0x08,0x21,0x84,0x62,0x14,0x27,0x44,0x71,0xa6,0x20,0x08,0x21,0x84,0xe5,0x24,0x58,
    0xca,0x79,0xe8,0x24,0x08,0xdd,0x83,0x10,0x42,0xb8,0x9c,0x7b,0xcb,0xb9,0xf7,0xde,
    0x7b,0x20,0x34,0x64,0x15,0x00,0x00,0x08,0x00,0xc0,0x20,0x84,0x10,0x42,0x08,0x21,
    0x84,0x10,0x42,0x08,0x29,0xa4,0x94,0x52,0x48,0x29,0xa6,0x98,0x62,0x8a,0x29,0xc7,
    0x1c,0x73,0xcc,0x31,0xc7,0x20,0x83,0x0c,0x32,0xe8,0xa0,0x93,0x4e,0x3a,0xc9,0xa4,
    0x92,0x4e,0x3a,0xca,0x24,0xa3,0x8e,0x52,0x6b,0x29,0xb5,0x14,0x53,0x4c,0xb1,0xe5,
    0x16,0x63,0xad,0xb5,0xd6,0x9c,0x73,0xaf,0x41,0x29,0x63,0x8c,0x31,0xc6,0x18,0x63,
    0x8c,0x31,0xc6,0x18,0x63,0x8c,0x31,0xc6,0x18,0x23,0x08,0x0d,0x59,0x05,0x00,0x80,
    0x00,0x00,0x10,0x06,0x19,0x64,0x90,0x41,0x08,0x21,0x84,0x14,0x52,0x48,0x29,0xa6,
    0x98,0x72,0xcc,0x31,0xc7,0x1c,0x03,0x42,0x43,0x56,0x01,0x00,0x80,0x00,0x00,0x02,
    0x00,0x00,0x00,0x1c,0x45,0x52,0x24,0x47,0x72,0x24,0x47,0x92,0x24,0xc9,0x92,0x2c,
    0x49,0x93,0x3c,0xcb,0xb3,0x3c,0xcb,0xb3,0x3c,0x4d,0xd4,0x44,0x4d,0x15,0x55,0xd5,
    0x55,0x6d,0xd7,0xf6,0x6d,0x5f,0xf6,0x6d,0xdf,0xd5,0x65,0xdf,0xf6,0x65,0xdb,0xd5,
    0x65,0x5d,0x96,0x65,0xdd,0xb5,0x6d,0x5d,0xd6,0x5d,0x5d,0xd7,0x75,0x5d,0xd7,0x75,
    0x5d,0xd7,0x75,0x5d,0xd7,0x75,0x5d,0xd7,0x75,0x5d,0xd7,0x81,0xd0,0x90,0x55,0x00,
    0x80,0x04,0x00,0x80,0x8e,0xe4,0x38,0x8e,0xe4,0x38,0x8e,0xe4,0x48,0x8e,0xa4,0x48,
    0x0a,0x10,0x1a,0xb2,0x0a,0x00,0x90,0x01,0x00,0x10,0x00,0x80,0xa3,0x38,0x8a,0xe3,
    0x48,0x8e,0xe4,0x58,0x8e,0x25,0x59,0x92,0x26,0x69,0x96,0x67,0x79,0x96,0xa7,0x79,
    0x9a,0xa8,0x89,0x1e,0x10,0x1a,0xb2,0x0a,0x00,0x00,0x04,0x00,0x10,0x00,0x00,0x00,
    0x00,0x00,0x80,0xa2,0x28,0x8a,0xa3,0x38,0x8e,0x24,0x59,0x96,0xa6,0x69,0x9e,0xa7,
    0x7a,0xa2,0x28,0x9a,0xaa,0xaa,0x8a,0xa6,0xa9,0xaa,0xaa,0x6a,0x9a,0xa6,0x69,0x9a,
    0xa6,0x69,0x9a,0xa6,0x69,0x9a,0xa6,0x69,0x9a,0xa6,0x69,0x9a,0xa6,0x69,0x9a,0xa6,
    0x69,0x9a,0xa6,0x69,0x9a,0xa6,0x69,0x9a,0xa6,0x69,0x9a,0xa6,0x69,0x02,0xa1,0x21,
    0xab,0x00,0x00,0x09,0x00,0x00,0x1d,0xc7,0x71,0x1c,0x47,0x71,0x1c,0xc7,0x71,0x24,
    0x47,0x92,0x24,0x20,0x34,0x64,0x15,0x00,0x20,0x03,0x00,0x20,0x00,0x00,0x43,0x51,
    0x1c,0x45,0x72,0x2c,0xc7,0x92,0x34,0x4b,0xb3,0x3c,0xcb,0xd3,0x44,0xcf,0xf4,0x5c,
    0x51,0x36,0x75,0x53,0x57,0x6d,0x20,0x34,0x64,0x15,0x00,0x00,0x08,0x00,0x20,0x00,
    0x00,0x00,0x00,0x00,0x00,0xc7,0x73,0x3c,0xc7,0x73,0x3c,0xc9,0x93,0x3c,0xcb,0x73,
    0x3c,0xc7,0x93,0x3c,0x49,0xd3,0x34,0x4d,0xd3,0x34,0x4d,0xd3,0x34,0x4d,0xd3,0x34,
    0x4d,0xd3,0x34,0x4d,0xd3,0x34,0x4d,0xd3,0x34,0x4d,0xd3,0x34,0x4d,0xd3,0x34,0x4d,
    0xd3,0x34,0x4d,0xd3,0x34,0x4d,0xd3,0x34,0x4d,0xd3,0x34,0x4d,0xd3,0x34,0x4d,0x03,
    0x42,0x43,0x56,0x02,0x00,0x64,0x00,0x00,0x10,0x93,0x90,0x4a,0x4e,0xb1,0x57,0x46,
    0x29,0xc6,0x24,0xb4,0x5e,0x2a,0xa4,0x14,0x93,0xd4,0x7b,0xa8,0x98,0x62,0x4c,0x3a,
    0xed,0xa9,0x42,0x06,0x29,0x07,0xb9,0x87,0x4a,0x21,0xa5,0xa0,0xd3,0xde,0x32,0xa5,
    0x90,0x52,0x0c,0x7b,0xa7,0x98,0x42,0xc8,0x18,0xea,0xa1,0x83,0x90,0x31,0x85,0xb0,
    0xd7,0xda,0x73,0xcf,0xbd,0xf7,0x1e,0x08,0x0d,0x59,0x11,0x00,0x44,0x01,0x00,0x00,
    0xc6,0x20,0xc6,0x10,0x63,0xc8,0x31,0x26,0x25,0x83,0x12,0x31,0xc7,0x24,0x64,0x52,
    0x22,0xe7,0x9c,0x94,0x4e,0x4a,0x26,0xa5,0xa4,0x56,0x5a,0xcc,0xa4,0x84,0x98,0x4a,
    0x8b,0x91,0x73,0x4e,0x4a,0x27,0x25,0x93,0x52,0x5a,0x0b,0xa9,0x65,0x92,0x4a,0x6b,
    0x25,0xa6,0x02,0x00,0x00,0x02,0x1c,0x00,0x00,0x02,0x2c,0x84,0x42,0x43,0x56,0x04,
    0x00,0x51,0x00,0x00,0x88,0x31,0x48,0x29,0xa4,0x14,0x52,0x4a,0x31,0xa7,0x98,0x43,
    0x4a,0x29,0xc7,0x94,0x63,0x48,0x29,0xe5,0x9c,0x72,0x4e,0x39,0xc7,0x98,0x74,0x10,
    0x2a,0xe7,0x18,0x74,0x0e,0x4a,0xa4,0x94,0x72,0x8e,0x39,0xa7,0x9c,0x73,0x12,0x32,
    0x07,0x95,0x73,0x0e,0x42,0x26,0x9d,0x00,0x00,0x80,0x00,0x07,0x00,0x80,0x00,0x0b,
    0xa1,0xd0,0x90,0x15,0x01,0x40,0x9c,0x00,0x00,0x80,0x90,0x73,0x8a,0x31,0x08,0x11,
    0x63,0x10,0x42,0x09,0x29,0x85,0x50,0x52,0xaa,0x9c,0x93,0xd2,0x41,0x49,0xa9,0x83,
    0x92,0x52,0x49,0xa9,0xc5,0x92,0x52,0x8c,0x95,0x73,0x52,0x3a,0x09,0x29,0x75,0x12,
    0x52,0x2a,0x29,0xc5,0x58,0x52,0x8a,0x2d,0xa4,0x54,0x63,0x69,0x2d,0xd7,0xd2,0x52,
    0x8d,0x2d,0xc6,0x9c,0x5b,0x8c,0xbd,0x86,0x94,0x62,0x2d,0xa9,0xd5,0x5a,0x5a,0xab,
    0xb9,0xc5,0x58,0x73,0x8b,0x35,0xf7,0xc8,0x39,0x4a,0x9d,0x94,0xd6,0x3a,0x29,0xad,
    0xa5,0xd6,0x6a,0x4d,0xad,0xd5,0xda,0x49,0x69,0x2d,0xa4,0xd6,0x62,0x69,0x2d,0xc6,
    0xd6,0x62,0xcd,0x29,0xc6,0x9c,0x33,0x29,0xad,0x85,0x96,0x62,0x2b,0xa9,0xc5,0xd8,
    0x62,0xcb,0x35,0xb5,0x98,0x73,0x69,0x2d,0xd7,0x14,0x63,0xcf,0x29,0xc6,0x9e,0x6b,
    0xac,0xb9,0xc7,0x9c,0x83,0x30,0xad,0xd5,0x9c,0x5a,0xcb,0x39,0xc5,0x98,0x7b,0xcc,
    0xb1,0xe7,0x98,0x73,0x0f,0x92,0x73,0x94,0x3a,0x29,0xad,0x75,0x52,0x5a,0x4b,0xad,
    0xd5,0x9a,0x5a,0xab,0x35,0x93,0xd2,0x5a,0x69,0xad,0xc6,0x90,0x5a,0x8b,0x2d,0xc6,
    0x9c,0x5b,0x8b,0x31,0x67,0x52,0x5a,0x2c,0xa9,0xc5,0x58,0x5a,0x8a,0x31,0xc5,0x98,
    0x73,0x8b,0x2d,0xd7,0xd0,0x5a,0xae,0x29,0xc6,0x9c,0x53,0x8b,0x39,0xc7,0x5a,0x83,
    0x92,0xb1,0xf6,0x5e,0x5a,0xab,0x39,0xc5,0x98,0x7b,0x8a,0xad,0xe7,0x98,0x73,0x30,
    0x36,0xc7,0x9e,0x3b,0x4a,0xb9,0x96,0xd6,0x7a,0x2e,0xad,0xf5,0x5e,0x73,0x2e,0x42,
    0xd6,0xdc,0x8b,0x68,0x2d,0xe7,0xd4,0x6a,0x0f,0x2a,0xc6,0x9e,0x73,0xce,0xc1,0xd8,
    0xdc,0x83,0x10,0xad,0xe5,0x9c,0x6a,0xec,0x3d,0xc5,0xd8,0x7b,0xee,0x39,0x18,0xdb,
    0x73,0xf0,0xad,0xd6,0xe0,0x5b,0xcd,0x45,0xc8,0x9c,0x83,0xd0,0xb9,0xf8,0xa6,0x7b,
    0x30,0x46,0xd5,0xda,0x83,0xcc,0xb5,0x08,0x99,0x73,0x10,0x3a,0xe8,0x22,0x74,0xf0,
    0xc9,0x78,0x94,0x6a,0x2e,0xad,0xe5,0x5c,0x5a,0xeb,0x3d,0xd6,0x1a,0x7c,0xcd,0x39,
    0x08,0xd1,0x5a,0xee,0x29,0xc6,0xde,0x53,0x8b,0xbd,0xd7,0x9e,0x9b,0xb0,0xbd,0x07,
    0x21,0x5a,0xcb,0x3d,0xc5,0xd8,0x83,0x8a,0x31,0xf8,0x9a,0x73,0x30,0x3a,0xe7,0x62,
    0x54,0xad,0xc1,0xc7,0x9c,0x83,0x90,0xb5,0x16,0xa1,0x7b,0x2f,0x4a,0xe7,0x20,0x94,
    0xaa,0xb5,0x07,0x99,0x6b,0x50,0x32,0xd7,0x22,0x74,0xf0,0xc5,0xe8,0xa0,0x8b,0x2f,
    0x00,0x00,0x60,0xc0,0x01,0x00,0x20,0xc0,0x84,0x32,0x50,0x68,0xc8,0x8a,0x00,0x20,
    0x4e,0x00,0x80,0x41,0xc8,0x39,0xa5,0x18,0x84,0x4a,0x29,0x08,0xa1,0x84,0x94,0x42,
    0x28,0x29,0x55,0x8c,0x49,0xc8,0x98,0x83,0x92,0x31,0x27,0xa5,0x94,0x52,0x5a,0x08,
    0x25,0xb5,0x8a,0x31,0x08,0x99,0x63,0x52,0x32,0xc7,0xa4,0x84,0x12,0x5a,0x2a,0x25,
    0xb4,0x12,0x4a,0x69,0xa9,0x94,0xd2,0x5a,0x28,0xa5,0xb5,0x96,0x5a,0x8c,0x29,0xb5,
    0x16,0x43,0x29,0xa9,0x85,0x52,0x5a,0x2b,0xa5,0xb4,0x96,0x5a,0xaa,0x31,0xb5,0x56,
    0x63,0xc4,0x98,0x94,0xcc,0x39,0x29,0x99,0x63,0x52,0x4a,0x29,0xad,0x95,0x52,0x5a,
    0xab,0x1c,0x93,0x92,0x31,0x28,0xa9,0x83,0x90,0x4a,0x29,0x29,0xc5,0x52,0x52,0x8b,
    0x95,0x73,0x52,0x32,0xe8,0xa8,0x74,0x10,0x4a,0x2a,0xa9,0xc4,0x54,0x52,0x69,0xad,
    0xa4,0xd2,0x52,0x29,0xa5,0xc5,0x92,0x52,0x6c,0x29,0xc5,0x54,0x5b,0x8b,0xb5,0x86,
    0x52,0x5a,0x2c,0xa9,0xc4,0x56,0x52,0x6a,0x31,0xb5,0x54,0x5b,0x8b,0x31,0xd7,0x88,
    0x31,0x29,0x19,0x73,0x52,0x32,0xe7,0xa4,0x94,0x52,0x52,0x2b,0xa5,0xb4,0x96,0x39,
    0x27,0xa5,0x83,0x8e,0x4a,0xe6,0xa0,0xa4,0x92,0x52,0x6b,0xa5,0xa4,0x14,0x33,0xe6,
    0xa4,0x74,0x0e,0x4a,0xca,0x20,0xa3,0x52,0x52,0x8a,0x2d,0xa5,0x12,0x53,0x28,0xa5,
    0xb5,0x92,0x52,0x6c,0xa5,0xa4,0xd6,0x5a,0x8c,0xb5,0xa6,0xd4,0x5a,0x2d,0x25,0xb5,
    0x56,0x52,0x6a,0xb1,0x94,0x12,0x5b,0x8b,0x31,0xd7,0x16,0x4b,0x4d,0x9d,0x94,0xd6,
    0x4a,0x2a,0x31,0x86,0x52,0x5a,0x6b,0x31,0xe6,0x9a,0x5a,0x8b,0x31,0x94,0x12,0x5b,
    0x29,0x29,0xc6,0x92,0x4a,0x6c,0xad,0xc5,0x9a,0x5b,0x6c,0x39,0x86,0x52,0x5a,0x2c,
    0xa9,0xc4,0x56,0x4a,0x6a,0xb1,0xd5,0x96,0x63,0x6b,0xb1,0xe6,0xd4,0x52,0x8d,0x29,
    0xb5,0x9a,0x5b,0x6c,0xb9,0xc6,0x94,0x53,0x8f,0xb5,0xf6,0x9c,0x5a,0xab,0x35,0xb5,
    0x54,0x63,0x6b,0xb1,0xe6,0x58,0x5b,0x6f,0xb5,0xd6,0x9c,0x3b,0x29,0xad,0x85,0x52,
    0x5a,0x2b,0x25,0xc5,0x98,0x5a,0x8b,0xb1,0xc5,0x58,0x73,0x28,0x25,0xb6,0x92,0x52,
    0x6c,0xa5,0xa4,0x18,0x5b,0x6c,0xb9,0xb6,0x16,0x63,0x0f,0xa1,0xb4,0x58,0x4a,0x6a,
    0xb1,0xa4,0x12,0x63,0x6b,0x31,0xe6,0x18,0x5b,0x8e,0xa9,0xb5,0x5a,0x5b,0x6c,0xb9,
    0xa6,0xd4,0x62,0xad,0xb5,0xf6,0x1c,0x5b,0x6e,0x3d,0xa5,0x16,0x6b,0x8b,0xb1,0xe6,
    0xd2,0x52,0x8d,0x35,0xd7,0xde,0x63,0x4d,0x39,0x15,0x00,0x00,0x30,0xe0,0x00,0x00,
    0x10,0x60,0x42,0x19,0x28,0x34,0x64,0x25,0x00,0x10,0x05,0x00,0x00,0x18,0xc3,0x18,
    0x63,0x10,0x1a,0xa5,0x9c,0x73,0x4e,0x4a,0x83,0x94,0x73,0xce,0x49,0xc9,0x9c,0x83,
    0x10,0x42,0x4a,0x99,0x73,0x10,0x42,0x48,0x29,0x73,0x4e,0x42,0x4a,0x2d,0x65,0xce,
    0x41,0x48,0xa9,0xb5,0x50,0x4a,0x4a,0xad,0xc5,0x16,0x4a,0x49,0xa9,0xb5,0x16,0x0b,
    0x00,0x00,0x28,0x70,0x00,0x00,0x08,0xb0,0x41,0x53,0x62,0x71,0x80,0x42,0x43,0x56,
    0x02,0x00,0x51,0x00,0x00,0x88,0x31,0x4a,0x31,0x06,0xa1,0x31,0x46,0x29,0xe7,0x20,
    0x34,0xc6,0x28,0xc5,0x18,0x84,0x4a,0x29,0xc6,0x9c,0x93,0x50,0x29,0xc5,0x98,0x73,
    0x50,0x32,0xc7,0x9c,0x83,0x50,0x4a,0xe6,0x9c,0x73,0x10,0x4a,0x09,0x21,0x94,0x52,
    0x4a,0x4a,0x21,0x84,0x52,0x4a,0x49,0xa9,0x00,0x00,0x80,0x02,0x07,0x00,0x80,0x00,
    0x1b,0x34,0x25,0x16,0x07,0x28,0x34,0x64,0x45,0x00,0x10,0x05,0x00,0x00,0x18,0x63,
    0x9c,0x33,0xce,0x21,0x0a,0x9d,0xa5,0xce,0x52,0x24,0xa9,0xa3,0xd6,0x51,0x6b,0x28,
    0xa5,0x1a,0x4b,0x8c,0x9d,0xc6,0x56,0x7b,0xeb,0xb9,0xd3,0x1a,0x7b,0x6d,0xb9,0x37,
    0x94,0x4a,0x8d,0xa9,0xd6,0x8e,0x6b,0xcb,0xb9,0xd5,0xde,0x69,0x4d,0x3d,0xb7,0x1c,
    0x0b,0x00,0x00,0x3b,0x70,0x00,0x00,0x3b,0xb0,0x10,0x0a,0x0d,0x59,0x09,0x00,0xe4,
    0x01,0x00,0x10,0xc6,0x28,0xc5,0x98,0x73,0xce,0x19,0x85,0x18,0x73,0xce,0x39,0xe7,
    0x0c,0x52,0x8c,0x39,0xe7,0x9c,0x73,0x8a,0x31,0xe7,0x9c,0x83,0x10,0x42,0xc5,0x98,
    0x73,0xce,0x41,0x08,0x21,0x73,0xce,0x39,0x08,0xa1,0x84,0x92,0x39,0xe7,0x1c,0x84,
    0x10,0x4a,0xe8,0x9c,0x83,0x50,0x4a,0x29,0xa5,0x74,0xce,0x41,0x08,0xa1,0x94,0x52,
    0x3a,0xe7,0x20,0x84,0x52,0x4a,0x29,0x9d,0x73,0x10,0x4a,0x29,0xa5,0x94,0x02,0x00,
    0x80,0x0a,0x1c,0x00,0x00,0x02,0x6c,0x14,0xd9,0x9c,0x60,0x24,0xa8,0xd0,0x90,0x95,
    0x00,0x40,0x1e,0x00,0x00,0x60,0x0c,0x42,0xce,0x49,0x69,0xad,0x61,0xcc,0x39,0x08,
    0x2d,0xd5,0xd8,0x30,0xc6,0x1c,0x94,0x94,0x62,0x8b,0x9c,0x83,0x90,0x52,0x8b,0xb9,
    0x46,0xcc,0x41,0x48,0x29,0xc6,0xa0,0x3b,0x28,0x29,0xb5,0x18,0x6c,0xf0,0x9d,0x84,
    0x94,0x5a,0x8b,0x39,0x07,0x93,0x52,0x8b,0x35,0xe7,0xde,0x83,0x48,0xa9,0xb5,0x9a,
    0x83,0xce,0x3d,0xd5,0x56,0x73,0xcf,0xbd,0xf7,0x9c,0x62,0xac,0x35,0xe7,0xde,0x73,
    0x2f,0x00,0x00,0x77,0xc1,0x01,0x00,0xec,0xc0,0x46,0x91,0xcd,0x09,0x46,0x82,0x0a,
    0x0d,0x59,0x09,0x00,0xe4,0x01,0x00,0x10,0x08,0x29,0xc5,0x98,0x73,0xce,0x19,0xa5,
    0x18,0x73,0xcc,0x39,0xe7,0x8c,0x52,0x8c,0x31,0xe6,0x9c,0x73,0x8a,0x31,0xc6,0x9c,
    0x73,0xce,0x41,0xc5,0x18,0x63,0xce,0x39,0x07,0x21,0x63,0xcc,0x39,0xe7,0x20,0x84,
    0x90,0x31,0xe6,0x9c,0x73,0x10,0x42,0xe8,0x9c,0x73,0x0e,0x42,0x08,0x21,0x74,0xce,
    0x39,0x07,0x21,0x84,0x10,0x3a,0xe7,0xa0,0x83,0x10,0x42,0x08,0x9d,0x73,0x10,0x42,
    0x08,0x21,0x84,0x02,0x00,0x80,0x0a,0x1c,0x00,0x00,0x02,0x6c,0x14,0xd9,0x9c,0x60,
    0x24,0xa8,0xd0,0x90,0x95,0x00,0x40,0x38,0x00,0x00,0x00,0x21,0x84,0x10,0x42,0x08,
    0x21,0x84,0x10,0x42,0x08,0x21,0x84,0x10,0x42,0x08,0x21,0x84,0x10,0x42,0x08,0x21,
    0x84,0x10,0x42,0x08,0x21,0x84,0x10,0x42,0x08,0x21,0x84,0x10,0x42,0x08,0x21,0x84,
    0x10,0x42,0x08,0x21,0x84,0x10,0x42,0x08,0x21,0x84,0x10,0x42,0x08,0x21,0x84,0x10,
    0x42,0x08,0x21,0x84,0x10,0x42,0x08,0x21,0x84,0x10,0x42,0x08,0x21,0x84,0x10,0x42,
    0x08,0x21,0x84,0x10,0x42,0x08,0x21,0x84,0x10,0x42,0x08,0x21,0x84,0x10,0x42,0x08,
    0x21,0x84,0x10,0x42,0x08,0x21,0x84,0x10,0x42,0x08,0x21,0x84,0x10,0x42,0x08,0x21,
    0x84,0x10,0x42,0x08,0x21,0x84,0x10,0x42,0x08,0x21,0x84,0x10,0x42,0x08,0x21,0x84,
    0x10,0x42,0xe8,0x9c,0x73,0xce,0x39,0xe7,0x9c,0x73,0xce,0x39,0xe7,0x9c,0x73,0xce,
    0x39,0xe7,0x9c,0x73,0xce,0x39,0x27,0x00,0xc8,0xb7,0xc2,0x01,0xc0,0xff,0xc1,0xc6,
    0x19,0x56,0x92,0xce,0x0a,0x47,0x83,0x0b,0x0d,0x59,0x09,0x00,0x84,0x03,0x00,0x00,
    0x0a,0x41,0x28,0xa5,0x62,0x10,0x4a,0x29,0x25,0x92,0x4e,0x3a,0x29,0x9d,0x93,0x50,
    0x4a,0x29,0x91,0x83,0x52,0x4a,0xe9,0xa4,0x94,0x52,0x4a,0x09,0xa5,0x94,0x52,0x4a,
    0x08,0xa5,0x94,0x52,0x4a,0x08,0x1d,0x94,0x52,0x42,0x29,0xa5,0x94,0x52,0x4a,0x29,
    0xa5,0x94,0x52,0x4a,0x29,0xa5,0x94,0x52,0x3a,0x29,0xa5,0x94,0x52,0x4a,0x29,0xa5,
    0x94,0xca,0x39,0x29,0xa5,0x93,0x52,0x4a,0x29,0xa5,0x44,0xce,0x49,0x29,0x21,0x94,
    0x52,0x4a,0x29,0xa5,0x84,0x52,0x4a,0x29,0xa5,0x94,0x52,0x4a,0x29,0xa5,0x94,0x52,
    0x4a,0x29,0xa5,0x94,0x52,0x4a,0x29,0xa5,0x84,0x10,0x42,0x08,0x21,0x84,0x10,0x42,
    0x08,0x21,0x84,0x10,0x42,0x08,0x21,0x84,0x10,0x42,0x08,0x21,0x84,0x10,0x42,0x08,
    0x21,0x84,0x10,0x42,0x08,0x21,0x84,0x10,0x42,0x08,0x21,0x84,0x02,0x00,0xb8,0x1b,
    0x1c,0x00,0x20,0x12,0x6c,0x9c,0x61,0x25,0xe9,0xac,0x70,0x34,0xb8,0xd0,0x90,0x95,
    0x00,0x40,0x48,0x00,0x00,0xa0,0x14,0x73,0x8e,0x4a,0x08,0x29,0x94,0x90,0x52,0xa8,
    0x98,0xa2,0x8e,0x42,0x29,0x29,0xa4,0x52,0x4a,0x0a,0x11,0x63,0xce,0x49,0xea,0x1c,
    0x85,0x50,0x52,0x28,0xa9,0x83,0xca,0x39,0x08,0xa5,0xa4,0x94,0x42,0x2a,0x21,0x75,
    0xce,0x41,0x07,0x25,0x85,0x90,0x52,0x09,0x21,0x95,0x8e,0x3a,0xe8,0x28,0x94,0x50,
    0x52,0x2a,0x25,0x94,0xd2,0x39,0x28,0xa5,0x84,0x14,0x4a,0x4a,0x29,0x95,0x90,0x42,
    0x48,0xa9,0x74,0x94,0x52,0x28,0x25,0x95,0x94,0x42,0x2a,0x21,0x95,0x52,0x4a,0x48,
    0x25,0x95,0x10,0x4a,0x0a,0x9d,0xa4,0x54,0x4a,0x0a,0xa9,0xa4,0x54,0x52,0x08,0x9d,
    0x74,0x90,0x42,0x27,0x25,0xa4,0x92,0x4a,0x0a,0xa9,0x93,0x94,0x52,0x2a,0x25,0xa5,
    0x94,0x4a,0x4a,0x25,0x74,0x52,0x42,0x2a,0x29,0xa5,0x10,0x42,0x4a,0xa9,0x94,0x10,
    0x4a,0x48,0x29,0xa5,0x4e,0x52,0x49,0xa9,0xa4,0x14,0x42,0x28,0x21,0x85,0x94,0x52,
    0x4a,0x25,0xa5,0x92,0x4a,0x4a,0x21,0x95,0x54,0x42,0x09,0xa5,0xa4,0x94,0x52,0x28,
    0xa1,0xa4,0x54,0x52,0x4a,0x29,0xa5,0x92,0x52,0x29,0x00,0x00,0xe0,0xc0,0x01,0x00,
    0x20,0xc0,0x08,0x3a,0xc9,0xa8,0xb2,0x08,0x1b,0x4d,0xb8,0xf0,0x00,0x14,0x1a,0xb2,
    0x12,0x00,0x20,0x03,0x00,0x40,0x94,0x74,0xd6,0x69,0xa7,0x49,0x22,0x08,0x31,0x45,
    0x99,0x27,0x0d,0x29,0xc6,0x20,0xb5,0xa4,0x2c,0xc3,0x10,0x53,0x92,0x89,0xf1,0x14,
    0x63,0x8c,0x39,0x28,0x46,0x43,0x0e,0x31,0xe4,0x94,0x18,0x17,0x4a,0x08,0xa1,0x83,
    0x62,0x3c,0x26,0x95,0x43,0xca,0x50,0x51,0xb9,0xb7,0xd4,0x39,0x05,0xc5,0x16,0x63,
    0x7c,0xef,0xb1,0x17,0x01,0x00,0x00,0x08,0x02,0x00,0x04,0x84,0x04,0x00,0x18,0x20,
    0x28,0x98,0x01,0x00,0x06,0x07,0x08,0x23,0x07,0x02,0x1d,0x01,0x04,0x0e,0x6d,0x00,
    0x80,0x81,0x08,0x99,0x09,0x0c,0x0a,0xa1,0xc1,0x41,0x26,0x00,0x3c,0x40,0x44,0x48,
    0x05,0x00,0x89,0x09,0x8a,0xd2,0x85,0x2e,0x08,0x21,0x82,0x74,0x11,0x64,0xf1,0xc0,
    0x85,0x13,0x37,0x9e,0xb8,0xe1,0x84,0x0e,0x6d,0x10,0x00,0x00,0x00,0x00,0x00,0x10,
    0x00,0xf0,0x01,0x00,0x90,0x50,0x00,0x11,0x11,0xd1,0xcc,0x55,0x58,0x5c,0x60,0x64,
    0x68,0x6c,0x70,0x74,0x78,0x7c,0x80,0x84,0x04,0x00,0x00,0x00,0x00,0x00,0x08,0x00,
    0x7c,0x00,0x00,0x24,0x22,0x40,0x44,0x44,0x34,0x73,0x15,0x16,0x17,0x18,0x19,0x1a,
    0x1b,0x1c,0x1d,0x1e,0x1f,0x20,0x21,0x01,0x00,0x00,0x00,0x00,0x00,0x00,0x00,0x00,
    0x40,0x40,0x40,0x00,0x00,0x00,0x00,0x00,0x20,0x00,0x00,0x00,0x40,0x40,0x4f,0x67,
    0x67,0x53,0x00,0x04,0x80,0x22,0x00,0x00,0x00,0x00,0x00,0x00,0xe2,0x86,0x61,0xfe,
    0x02,0x00,0x00,0x00,0xf1,0x1b,0x92,0x0d,0x13,0x41,0x45,0x62,0x52,0x4d,0x4a,0x48,
    0x48,0x43,0x47,0x45,0x44,0x42,0x46,0x41,0x41,0x3f,0x3f,0x57,0x4c,0xad,0x5e,0xaa,
    0x59,0xdf,0x0c,0x3c,0x87,0x4d,0x1c,0xf9,0xb8,0xa7,0x7b,0x30,0x12,0x80,0x07,0xc1,
    0xe0,0xe2,0x51,0x82,0x51,0xc7,0xdd,0x6c,0x68,0x0d,0x28,0x29,0x39,0xc7,0x0c,0x4f,
    0x31,0x8a,0x37,0x41,0x5d,0x3b,0x1e,0x3d,0x19,0x4f,0xa9,0x54,0x0a,0xc1,0xbf,0x11,
    0x4a,0x9a,0xab,0xda,0x3b,0x80,0x95,0xd9,0xfb,0x2d,0x9c,0x41,0x00,0x84,0xb7,0x9d,
    0xb9,0xf1,0xb4,0x4b,0x15,0x98,0x00,0xa9,0xc8,0x48,0xf2,0xc7,0x6e,0xdb,0x93,0x82,
    0x6f,0xeb,0x72,0x1e,0x2e,0xc0,0x94,0x80,0x8a,0xca,0xeb,0x5c,0x89,0x2c,0xe6,0xec,
    0xb9,0xf5,0x80,0xfd,0xae,0xec,0x19,0x81,0x34,0x2e,0xb5,0xa7,0xe5,0xa7,0x69,0x59,
    0x11,0x76,0x47,0xf2,0x71,0x20,0x7f,0x8f,0x45,0x80,0x2d,0x68,0xc5,0xce,0x11,0xa1,
    0x0e,0x00,0x7a,0xfb,0x32,0xb5,0xd6,0x1e,0x84,0x9e,0x86,0xd1,0x33,0xda,0xc3,0x9e,
    0x4c,0xce,0x80,0x03,0xb0,0x00,0xa4,0x7d,0x88,0x42,0x14,0x3a,0x0b,0xae,0x7b,0xa3,
    0x1f,0x85,0x61,0x00,0x06,0x80,0xbf,0xc6,0x2c,0xbd,0x2a,0x04,0x00,0xa8,0x3d,0x60,
    0x01,0xd0,0xad,0x0e,0xfb,0x2b,0x5d,0x99,0x9d,0x16,0x11,0xf8,0xd4,0x38,0x00,0x9f,
    0xa4,0x8b,0x88,0x84,0x49,0xa2,0x1a,0x1b,0xbc,0x1e,0xa1,0x00,0x90,0xf8,0xd7,0x80,
    0x37,0xa1,0xea,0x93,0x48,0xfa,0x8f,0x47,0x01,0x58,0xa5,0x11,0x1b,0xa0,0x57,0x85,
    0x06,0xcd,0x14,0x00,0x5e,0x6b,0x12,0x13,0xcb,0x6f,0x12,0x62,0x6a,0x93,0x1b,0xcd,
    0x1e,0xb6,0x13,0xbe,0x00,0x33,0x17,0x00,0x46,0xa7,0x14,0xb2,0xfc,0x54,0x03,0x17,
    0xcf,0x81,0xd0,0x02,0x40,0x01,0x4c,0x56,0x88,0xd0,0x27,0xf4,0x3f,0xbc,0x05,0x9b,
    0x08,0x8c,0x1e,0x74,0xd2,0x01,0xf8,0x17,0x48,0x30,0x46,0x36,0xde,0x71,0x2a,0x52,
    0x71,0x1d,0xba,0x70,0xb2,0x12,0x10,0xf8,0x4a,0x70,0x48,0x50,0x19,0x80,0x73,0xc5,
    0x04,0x2c,0x00,0x64,0x01,0x00,0x1e,0x4b,0x12,0x13,0x43,0x4e,0x12,0x2b,0x96,0x17,
    0xba,0x31,0xa7,0xf1,0x29,0x00,0x80,0x03,0x90,0x46,0x74,0x0a,0x10,0xb5,0x96,0x02,
    0x52,0x4c,0xc0,0xb1,0x0a,0x5e,0xc0,0x3b,0x70,0x14,0x28,0x13,0x0a,0xa8,0xaf,0x0d,
    0x0c,0x14,0x5c,0x11,0xf8,0x97,0x08,0x30,0x4a,0xcb,0x1e,0x80,0x13,0x7c,0xa1,0xe1,
    0xc4,0x93,0x08,0x2e,0xf2,0x80,0xd1,0x04,0xa7,0x99,0xf0,0x6d,0x60,0x61,0x24,0x01,
    0x8f,0x54,0x00,0xfe,0x4a,0x12,0x3d,0x23,0x6f,0x2a,0xc4,0xd4,0x3a,0x22,0xbd,0x87,
    0x39,0x0c,0xfd,0x64,0x30,0x67,0x9a,0x03,0x00,0xbb,0xf7,0xbe,0x04,0xe5,0x5d,0x88,
    0x75,0x05,0x74,0x19,0xff,0x70,0x9b,0x6c,0x11,0xf0,0xb4,0xa4,0x13,0x0d,0xf8,0x14,
    0x11,0x80,0x57,0xa2,0x80,0x48,0xa0,0x4f,0xf1,0x42,0xc3,0x74,0x12,0x01,0x38,0x41,
    0x03,0x46,0x89,0x49,0x3f,0xa5,0x9b,0xfa,0xf0,0x93,0xa6,0x70,0x00,0xbe,0x4a,0x22,
    0xb5,0x92,0x37,0xa2,0x4e,0x63,0x2e,0x7f,0x0f,0x7b,0x8c,0xef,0x06,0x83,0x31,0x15,
    0x1d,0x00,0xb6,0x77,0xae,0xa4,0xe3,0x2a,0xf8,0xa9,0x07,0x12,0xbf,0xa2,0x4e,0x66,
    0x22,0x50,0x2e,0xd0,0x45,0xb6,0x80,0x9f,0x44,0x11,0xfa,0x85,0x9e,0x18,0x00,0x7b,
    0x89,0x6f,0x34,0x1c,0x2f,0x15,0xc5,0xaf,0xe8,0x60,0x0c,0xc0,0xab,0x6a,0x1d,0xc0,
    0xbd,0x04,0xe8,0x0b,0x00,0xfe,0x5a,0x62,0xd1,0xf0,0x87,0x1d,0x2a,0xb5,0x79,0x9a,
    0xd8,0x83,0x06,0xfc,0x40,0x30,0x4d,0x73,0x74,0x02,0xc0,0x6d,0x53,0x21,0x7f,0x6e,
    0x60,0xa4,0x0f,0xe0,0x1f,0x5e,0xa8,0x13,0xc1,0xfe,0x43,0x5d,0xc6,0xa2,0x71,0x5b,
    0xc6,0x00,0x46,0x96,0x07,0xa8,0x10,0x5c,0x41,0xc3,0xf3,0x12,0x80,0x11,0x00,0x80,
    0x57,0x02,0x4e,0x42,0xaa,0x43,0x43,0x38,0x59,0xc0,0x23,0x38,0x00,0x7e,0x4a,0x42,
    0x85,0xe2,0x27,0x9b,0x3d,0x8d,0xa3,0x6a,0xd2,0x1e,0xa6,0x8b,0x13,0xc9,0x62,0x72,
    0x0d,0x0a,0x80,0xd9,0x7f,0xe1,0x8a,0xd7,0x95,0x30,0x55,0x40,0xe0,0x0f,0x3c,0x04,
    0xe7,0x40,0xe0,0x5a,0xa2,0xc8,0x56,0x01,0xb6,0x8c,0x00,0x43,0xcb,0xc1,0xcc,0xcb,
    0x0e,0x78,0x09,0x2e,0xc2,0x02,0x78,0x03,0xd0,0x88,0x58,0xaf,0x6b,0x38,0xb5,0x06,
    0x1e,0x4a,0x42,0x15,0x18,0xb2,0x37,0x64,0x7a,0x74,0x76,0x43,0x23,0x6a,0x00,0x00,
    0x33,0xa7,0x21,0x0a,0x60,0xd9,0x47,0x45,0xc6,0x74,0xc9,0x2f,0x09,0x0e,0xf0,0x03,
    0x9c,0x2a,0x0c,0x0d,0x34,0x5c,0x0f,0x66,0x91,0x6d,0x04,0xea,0x32,0x02,0xb4,0xa9,
    0x05,0xc8,0x2a,0x01,0x4c,0x3f,0x04,0x36,0x88,0xd1,0x02,0xd4,0x44,0xad,0x07,0xa7,
    0xf1,0x3c,0x8e,0x00,0x04,0x70,0x00,0xfe,0x39,0x22,0x05,0x28,0x4a,0xdf,0x58,0x56,
    0x27,0xba,0xb1,0x83,0xd3,0x00,0x80,0x03,0x90,0x23,0x04,0x00,0x59,0x49,0xc2,0x15,
    0x93,0x20,0xd4,0x02,0x0a,0xbc,0x03,0xbd,0x82,0x5a,0x00,0x05,0xfe,0x02,0xb0,0x82,
    0x67,0xc0,0xb9,0x8c,0x84,0x33,0xb8,0xda,0x0d,0x27,0x29,0x2b,0xe0,0x87,0xd4,0xdc,
    0xe3,0xa5,0x04,0xc3,0x00,0x27,0x39,0x3a,0x32,0xf5,0x06,0x00,0xfe,0x29,0x22,0x19,
    0x0c,0xc4,0x13,0xeb,0xea,0x28,0x6e,0x28,0xf8,0x1c,0x00,0x90,0xf2,0x34,0x04,0x00,
    0xb1,0x71,0x05,0xbb,0x3f,0x05,0x53,0xa1,0x14,0xf8,0x2e,0x88,0x50,0xc7,0x34,0x12,
    0xf5,0xaa,0x33,0x2a,0xe0,0x55,0x44,0x82,0x0d,0x14,0x07,0x33,0x9b,0x1c,0x38,0x7e,
    0x08,0x48,0xb2,0x62,0x82,0x0b,0x1d,0x23,0x02,0x48,0x00,0x4d,0x73,0x5e,0x63,0x01,
    0x9e,0x19,0x42,0x19,0x2c,0xd4,0x37,0x32,0xa3,0x7d,0x63,0x16,0xbf,0x01,0x00,0x93,
    0xe7,0x2e,0x0a,0x40,0x96,0x91,0x79,0xf8,0x20,0x98,0x84,0x0a,0x80,0x57,0x40,0x05,
    0x8e,0x60,0x07,0xbc,0x0b,0x36,0x91,0x80,0x57,0x22,0xc0,0xcc,0xf2,0x30,0x13,0x55,
    0x02,0xd3,0x0f,0xf4,0x59,0x01,0xce,0x45,0x68,0x7c,0x02,0x40,0x77,0x95,0x00,0x0a,
    0x14,0x00,0x7e,0xf9,0x01,0x0f,0x16,0xd5,0x1f,0x18,0x4c,0xd6,0x0d,0x15,0xcd,0x09,
    0x00,0x2c,0x00,0x39,0xed,0x02,0x80,0xd1,0x05,0x95,0x50,0xeb,0x0b,0x95,0x04,0x04,
    0xf8,0x06,0x1e,0x15,0xca,0x04,0x28,0xe0,0x15,0x40,0x00,0x02,0x7f,0x2f,0x92,0x0e,
    0x06,0xd5,0x59,0xc5,0xc9,0xa8,0x02,0xf8,0xa1,0xd1,0x38,0x4a,0x40,0x57,0x84,0xc5,
    0x2d,0x80,0x00,0xd0,0xe2,0xad,0x5c,0x07,0x1e,0xe9,0xe1,0x1a,0x0c,0x52,0x1f,0xd8,
    0x5a,0xae,0x1b,0xdb,0x42,0x47,0x00,0x00,0x33,0x73,0x5f,0x14,0x40,0xe8,0x15,0xb8,
    0x55,0x1b,0x1c,0x01,0x00,0xf5,0x0e,0x84,0x4c,0x08,0x4c,0x80,0xdf,0xc9,0x26,0xe7,
    0x45,0xe0,0x77,0xd0,0x07,0x82,0xd6,0xd0,0x41,0x82,0x0a,0xe0,0x79,0x14,0xb5,0xfb,
    0x8a,0xdd,0x40,0xbf,0xc0,0x03,0x0b,0x20,0x00,0x9e,0xe9,0xc1,0x5c,0xf1,0x21,0xe3,
    0x3b,0x6d,0x5b,0xb5,0xee,0x3d,0x28,0xf8,0x05,0x90,0x79,0x1a,0x94,0x02,0x68,0xfc,
    0x55,0x08,0x63,0x77,0x70,0xa2,0x03,0x12,0x5f,0x78,0xc3,0x2b,0xa1,0x75,0x06,0xd7,
    0xe7,0xf8,0x9c,0x20,0xa2,0xeb,0x1e,0x66,0x51,0x15,0x98,0x7e,0x48,0x6c,0x30,0x9c,
    0x02,0x2b,0x80,0x0d,0x80,0xdd,0x6d,0x01,0x14,0x00,0x1e,0xe9,0xa1,0x5c,0xda,0xe0,
    0xf5,0x9f,0x76,0xeb,0xd9,0x7b,0x98,0x1e,0xfe,0x04,0x98,0x5c,0x5d,0x00,0x30,0x58,
    0x94,0x38,0x0f,0x56,0x41,0x5c,0x0f,0x24,0xde,0xf0,0x09,0xfd,0x02,0xf8,0x3f,0xdc,
    0x13,0x01,0xb8,0xac,0xc0,0x36,0x18,0xe3,0x40,0xa2,0x8a,0x00,0x2f,0x84,0xe6,0x8a,
    0x7b,0x09,0x60,0x00,0xc0,0x79,0x04,0x40,0x07,0x3e,0xe9,0x41,0x20,0xcb,0xb8,0x59,
    0x99,0xb6,0xcc,0x4c,0x7b,0xd0,0xc6,0xa7,0x60,0x31,0x83,0x37,0x04,0x00,0xdb,0xbf,
    0x12,0x79,0x3c,0x46,0xce,0x35,0xb0,0x8d,0x2f,0xcc,0xe4,0x2d,0x00,0xd5,0xc9,0x26,
    0x5d,0x42,0x42,0x09,0x01,0x2a,0xeb,0x3c,0x02,0xaf,0xa2,0x0e,0x9e,0x17,0x60,0xc7,
    0x41,0x05,0x80,0x01,0xc4,0x03,0x08,0x00,0xde,0x38,0x62,0x02,0x0c,0x56,0x6f,0x60,
    0xb4,0xe3,0xe3,0x9b,0x90,0x32,0x49,0x52,0xcc,0xf1,0x62,0x7b,0x33,0x74,0xeb,0xb3,
    0x71,0xea,0xd4,0x50,0x99,0xf4,0x9e,0xc9,0x9b,0x38,0xdb,0x63,0x99,0x59,0x71,0xc3,
    0xec,0xed,0xbf,0x1f,0x07,0x02,0xaf,0xa6,0x64,0x87,0x75,0xbc,0x3c,0x02,0x00,0xf9,
    0x05,0x1e,0xee,0x2b,0x85,0x82,0x65,0xad,0x08,0x11,0x6b,0x05,0x11,0x96,0x25,0x04,
    0xa7,0x69,0x9c,0xb3,0xd3,0xda,0x69,0xcd,0xd9,0xb1,0xe3,0x68,0x87,0xd6,0x00,
};

static const unsigned char s_flute[] = {
    0x4f,0x67,0x67,0x53,0x00,0x02,0x00,0x00,0x00,0x00,0x00,0x00,0x00,0x00,0x1c,0x09,
    0x1e,0x0b,0x00,0x00,0x00,0x00,0xb5,0x6b,0xac,0x5f,0x01,0x1e,0x01,0x76,0x6f,0x72,
    0x62,0x69,0x73,0x00,0x00,0x00,0x00,0x01,0x09,0x56,0x00,0x00,0xff,0xff,0xff,0xff,
    0x00,0x7d,0x00,0x00,0xff,0xff,0xff,0xff,0xa9,0x01,0x4f,0x67,0x67,0x53,0x00,0x00,
    0x00,0x00,0x00,0x00,0x00,0x00,0x00,0x00,0x1c,0x09,0x1e,0x0b,0x01,0x00,0x00,0x00,
    0xf6,0xb4,0x14,0x2f,0x0e,0x32,0xff,0xff,0xff,0xff,0xff,0xff,0xff,0xff,0xff,0xff,
    0xff,0xff,0xc5,0x03,0x76,0x6f,0x72,0x62,0x69,0x73,0x0b,0x00,0x00,0x00,0x4c,0x61,
    0x76,0x66,0x35,0x33,0x2e,0x32,0x34,0x2e,0x32,0x01,0x00,0x00,0x00,0x13,0x00,0x00,
    0x00,0x65,0x6e,0x63,0x6f,0x64,0x65,0x72,0x3d,0x4c,0x61,0x76,0x66,0x35,0x33,0x2e,
    0x32,0x34,0x2e,0x32,0x01,0x05,0x76,0x6f,0x72,0x62,0x69,0x73,0x22,0x42,0x43,0x56,
    0x01,0x00,0x40,0x00,0x00,0x18,0x42,0x10,0x2a,0x05,0xad,0x63,0x8e,0x3a,0xc8,0x15,
    0x21,0x8c,0x19,0xa2,0xa0,0x42,0xca,0x29,0xc7,0x1d,0x42,0xd0,0x21,0xa3,0x24,0x43,
    0x88,0x3a,0xc6,0x35,0xc7,0x18,0x63,0x47,0xb9,0x64,0x8a,0x42,0xc9,0x81,0xd0,0x90,
    0x55,0x00,0x00,0x40,0x00,0x00,0xa4,0x1c,0x57,0x50,0x72,0x49,0x2d,0xe7,0x9c,0x73,
    0xa3,0x18,0x57,0xcc,0x71,0xe8,0x20,0xe7,0x9c,0x73,0xe5,0x20,0x67,0xcc,0x71,0x09,
    0x25,0xe7,0x9c,0x73,0x8e,0x39,0xe7,0x92,0x72,0x8e,0x31,0xe7,0x9c,0x73,0xa3,0x18,
    0x57,0x0e,0x72,0x29,0x2d,0xe7,0x9c,0x73,0x81,0x14,0x47,0x8a,0x71,0xa7,0x18,0xe7,
    0x9c,0x73,0xa4,0x1c,0x47,0x8a,0x71,0xa8,0x18,0xe7,0x9c,0x73,0x6d,0x31,0xb7,0x92,
    0x72,0xce,0x39,0xe7,0x9c,0x73,0xe6,0x20,0x87,0x52,0x72,0xae,0x35,0xe7,0x9c,0x73,
    0xa4,0x18,0x67,0x0e,0x72,0x0b,0x25,0xe7,0x9c,0x73,0xc6,0x20,0x67,0xcc,0x71,0xeb,
    0x20,0xe7,0x9c,0x73,0x8c,0x35,0xb7,0xd4,0x72,0xce,0x39,0xe7,0x9c,0x73,0xce,0x39,
    0xe7,0x9c,0x73,0xce,0x39,0xe7,0x9c,0x73,0x8c,0x31,0xe7,0x9c,0x73,0xce,0x39,0xe7,
    0x9c,0x73,0x6e,0x31,0xe7,0x16,0x73,0xae,0x39,0xe7,0x9c,0x73,0xce,0x39,0xe7,0x1c,
    0x73,0xce,0x39,0xe7,0x9c,0x73,0x20,0x34,0x64,0x15,0x00,0x90,0x00,0x00,0xa0,0xa1,
    0x28,0x8a,0xe2,0x28,0x0e,0x10,0x1a,0xb2,0x0a,0x00,0xc8,0x00,0x00,0x10,0x40,0x71,
    0x14,0x47,0x91,0x14,0x4b,0xb1,0x1c,0xcb,0xd1,0x24,0x0d,0x08,0x0d,0x59,0x05,0x00,
    0x00,0x01,0x00,0x08,0x00,0x00,0xa0,0x48,0x86,0xa4,0x48,0x8a,0xa5,0x58,0x8e,0x66,
    0x69,0x9e,0x26,0x7a,0xa2,0x28,0x9a,0xa2,0x2a,0xab,0xb2,0x69,0xca,0xb2,0x2c,0xcb,
    0xb2,0xeb,0xba,0x2e,0x10,0x1a,0xb2,0x0a,0x00,0x48,0x00,0x00,0x50,0x51,0x14,0xc5,
    0x70,0x14,0x07,0x08,0x0d,0x59,0x05,0x00,0x64,0x00,0x00,0x08,0x60,0x28,0x8a,0xa3,
    0x38,0x8e,0xe4,0x58,0x92,0xa5,0x59,0x9e,0x07,0x84,0x86,0xac,0x02,0x00,0x80,0x00,
    0x00,0x04,0x00,0x00,0x50,0x0c,0x47,0xb1,0x14,0x4d,0xf1,0x24,0xcf,0xf2,0x3c,0xcf,
    0xf3,0x3c,0xcf,0xf3,0x3c,0xcf,0xf3,0x3c,0xcf,0xf3,0x3c,0xcf,0xf3,0x3c,0xcf,0xf3,
    0x3c,0x0d,0x08,0x0d,0x59,0x05,0x00,0x20,0x00,0x00,0x00,0x82,0x28,0x64,0x18,0x03,
    0x42,0x43,0x56,0x01,0x00,0x40,0x00,0x00,0x08,0x21,0x1a,0x19,0x43,0x9d,0x52,0x12,
    0x5c,0x0a,0x16,0x42,0x1c,0x11,0x43,0x1d,0x42,0xce,0x43,0xa9,0xa5,0x83,0xe0,0x29,
    0x85,0x25,0x63,0xd2,0x53,0xac,0x41,0x08,0x21,0x7c,0xef,0x3d,0xf7,0xde,0x7b,0xef,
    0x81,0xd0,0x90,0x55,0x00,0x00,0x10,0x00,0x00,0x61,0x14,0x38,0x88,0x81,0xc7,0x24,
    0x08,0x21,0x84,0x62,0x14,0x27,0x44,0x71,0xa6,0x20,0x08,0x21,0x84,0xe5,0x24,0x58,
    0xca,0x79,0xe8,0x24,0x08,0xdd,0x83,0x10,0x42,0xb8,0x9c,0x7b,0xcb,0xb9,0xf7,0xde,
    0x7b,0x20,0x34,0x64,0x15,0x00,0x00,0x08,0x00,0xc0,0x20,0x84,0x10,0x42,0x08,0x21,
    0x84,0x10,0x42,0x08,0x29,0xa4,0x94,0x52,0x48,0x29,0xa6,0x98,0x62,0x8a,0x29,0xc7,
    0x1c,0x73,0xcc,0x31,0xc7,0x20,0x83,0x0c,0x32,0xe8,0xa0,0x93,0x4e,0x3a,0xc9,0xa4,
    0x92,0x4e,0x3a,0xca,0x24,0xa3,0x8e,0x52,0x6b,0x29,0xb5,0x14,0x53,0x4c,0xb1,0xe5,
    0x16,0x63,0xad,0xb5,0xd6,0x9c,0x73,0xaf,0x41,0x29,0x63,0x8c,0x31,0xc6,0x18,0x63,
    0x8c,0x31,0xc6,0x18,0x63,0x8c,0x31,0xc6,0x18,0x23,0x08,0x0d,0x59,0x05,0x00,0x80,
    0x00,0x00,0x10,0x06,0x19,0x64,0x90,0x41,0x08,0x21,0x84,0x14,0x52,0x48,0x29,0xa6,
    0x98,0x72,0xcc,0x31,0xc7,0x1c,0x03,0x42,0x43,0x56,0x01,0x00,0x80,0x00,0x00,0x02,
    0x00,0x00,0x00,0x1c,0x45,0x52,0x24,0x47,0x72,0x24,0x47,0x92,0x24,0xc9,0x92,0x2c,
    0x49,0x93,0x3c,0xcb,0xb3,0x3c,0xcb,0xb3,0x3c,0x4d,0xd4,0x44,0x4d,0x15,0x55,0xd5,
    0x55,0x6d,0xd7,0xf6,0x6d,0x5f,0xf6,0x6d,0xdf,0xd5,0x65,0xdf,0xf6,0x65,0xdb,0xd5,
    0x65,0x5d,0x96,0x65,0xdd,0xb5,0x6d,0x5d,0xd6,0x5d,0x5d,0xd7,0x75,0x5d,0xd7,0x75,
    0x5d,0xd7,0x75,0x5d,0xd7,0x75,0x5d,0xd7,0x75,0x5d,0xd7,0x81,0xd0,0x90,0x55,0x00,
    0x80,0x04,0x00,0x80,0x8e,0xe4,0x38,0x8e,0xe4,0x38,0x8e,0xe4,0x48,0x8e,0xa4,0x48,
    0x0a,0x10,0x1a,0xb2,0x0a,0x00,0x90,0x01,0x00,0x10,0x00,0x80,0xa3,0x38,0x8a,0xe3,
    0x48,0x8e,0xe4,0x58,0x8e,0x25,0x59,0x92,0x26,0x69,0x96,0x67,0x79,0x96,0xa7,0x79,
    0x9a,0xa8,0x89,0x1e,0x10,0x1a,0xb2,0x0a,0x00,0x00,0x04,0x00,0x10,0x00,0x00,0x00,
    0x00,0x00,0x80,0xa2,0x28,0x8a,0xa3,0x38,0x8e,0x24,0x59,0x96,0xa6,0x69,0x9e,0xa7,
    0x7a,0xa2,0x28,0x9a,0xaa,0xaa,0x8a,0xa6,0xa9,0xaa,0xaa,0x6a,0x9a,0xa6,0x69,0x9a,
    0xa6,0x69,0x9a,0xa6,0x69,0x9a,0xa6,0x69,0x9a,0xa6,0x69,0x9a,0xa6,0x69,0x9a,0xa6,
    0x69,0x9a,0xa6,0x69,0x9a,0xa6,0x69,0x9a,0xa6,0x69,0x9a,0xa6,0x69,0x02,0xa1,0x21,
    0xab,0x00,0x00,0x09,0x00,0x00,0x1d,0xc7,0x71,0x1c,0x47,0x71,0x1c,0xc7,0x71,0x24,
    0x47,0x92,0x24,0x20,0x34,0x64,0x15,0x00,0x20,0x03,0x00,0x20,0x00,0x00,0x43,0x51,
    0x1c,0x45,0x72,0x2c,0xc7,0x92,0x34,0x4b,0xb3,0x3c,0xcb,0xd3,0x44,0xcf,0xf4,0x5c,
    0x51,0x36,0x75,0x53,0x57,0x6d,0x20,0x34,0x64,0x15,0x00,0x00,0x08,0x00,0x20,0x00,
    0x00,0x00,0x00,0x00,0x00,0xc7,0x73,0x3c,0xc7,0x73,0x3c,0xc9,0x93,0x3c,0xcb,0x73,
    0x3c,0xc7,0x93,0x3c,0x49,0xd3,0x34,0x4d,0xd3,0x34,0x4d,0xd3,0x34,0x4d,0xd3,0x34,
    0x4d,0xd3,0x34,0x4d,0xd3,0x34,0x4d,0xd3,0x34,0x4d,0xd3,0x34,0x4d,0xd3,0x34,0x4d,
    0xd3,0x34,0x4d,0xd3,0x34,0x4d,0xd3,0x34,0x4d,0xd3,0x34,0x4d,0xd3,0x34,0x4d,0x03,
    0x42,0x43,0x56,0x02,0x00,0x64,0x00,0x00,0x10,0x93,0x90,0x4a,0x4e,0xb1,0x57,0x46,
    0x29,0xc6,0x24,0xb4,0x5e,0x2a,0xa4,0x14,0x93,0xd4,0x7b,0xa8,0x98,0x62,0x4c,0x3a,
    0xed,0xa9,0x42,0x06,0x29,0x07,0xb9,0x87,0x4a,0x21,0xa5,0xa0,0xd3,0xde,0x32,0xa5,
    0x90,0x52,0x0c,0x7b,0xa7,0x98,0x42,0xc8,0x18,0xea,0xa1,0x83,0x90,0x31,0x85,0xb0,
    0xd7,0xda,0x73,0xcf,0xbd,0xf7,0x1e,0x08,0x0d,0x59,0x11,0x00,0x44,0x01,0x00,0x00,
    0xc6,0x20,0xc6,0x10,0x63,0xc8,0x31,0x26,0x25,0x83,0x12,0x31,0xc7,0x24,0x64,0x52,
    0x22,0xe7,0x9c,0x94,0x4e,0x4a,0x26,0xa5,0xa4,0x56,0x5a,0xcc,0xa4,0x84,0x98,0x4a,
    0x8b,0x91,0x73,0x4e,0x4a,0x27,0x25,0x93,0x52,0x5a,0x0b,0xa9,0x65,0x92,0x4a,0x6b,
    0x25,0xa6,0x02,0x00,0x00,0x02,0x1c,0x00,0x00,0x02,0x2c,0x84,0x42,0x43,0x56,0x04,
    0x00,0x51,0x00,0x00,0x88,0x31,0x48,0x29,0xa4,0x14,0x52,0x4a,0x31,0xa7,0x98,0x43,
    0x4a,0x29,0xc7,0x94,0x63,0x48,0x29,0xe5,0x9c,0x72,0x4e,0x39,0xc7,0x98,0x74,0x10,
    0x2a,0xe7,0x18,0x74,0x0e,0x4a,0xa4,0x94,0x72,0x8e,0x39,0xa7,0x9c,0x73,0x12,0x32,
    0x07,0x95,0x73,0x0e,0x42,0x26,0x9d,0x00,0x00,0x80,0x00,0x07,0x00,0x80,0x00,0x0b,
    0xa1,0xd0,0x90,0x15,0x01,0x40,0x9c,0x00,0x00,0x80,0x90,0x73,0x8a,0x31,0x08,0x11,
    0x63,0x10,0x42,0x09,0x29,0x85,0x50,0x52,0xaa,0x9c,0x93,0xd2,0x41,0x49,0xa9,0x83,
    0x92,0x52,0x49,0xa9,0xc5,0x92,0x52,0x8c,0x95,0x73,0x52,0x3a,0x09,0x29,0x75,0x12,
    0x52,0x2a,0x29,0xc5,0x58,0x52,0x8a,0x2d,0xa4,0x54,0x63,0x69,0x2d,0xd7,0xd2,0x52,
    0x8d,0x2d,0xc6,0x9c,0x5b,0x8c,0xbd,0x86,0x94,0x62,0x2d,0xa9,0xd5,0x5a,0x5a,0xab,
    0xb9,0xc5,0x58,0x73,0x8b,0x35,0xf7,0xc8,0x39,0x4a,0x9d,0x94,0xd6,0x3a,0x29,0xad,
    0xa5,0xd6,0x6a,0x4d,0xad,0xd5,0xda,0x49,0x69,0x2d,0xa4,0xd6,0x62,0x69,0x2d,0xc6,
    0xd6,0x62,0xcd,0x29,0xc6,0x9c,0x33,0x29,0xad,0x85,0x96,0x62,0x2b,0xa9,0xc5,0xd8,
    0x62,0xcb,0x35,0xb5,0x98,0x73,0x69,0x2d,0xd7,0x14,0x63,0xcf,0x29,0xc6,0x9e,0x6b,
    0xac,0xb9,0xc7,0x9c,0x83,0x30,0xad,0xd5,0x9c,0x5a,0xcb,0x39,0xc5,0x98,0x7b,0xcc,
    0xb1,0xe7,0x98,0x73,0x0f,0x92,0x73,0x94,0x3a,0x29,0xad,0x75,0x52,0x5a,0x4b,0xad,
    0xd5,0x9a,0x5a,0xab,0x35,0x93,0xd2,0x5a,0x69,0xad,0xc6,0x90,0x5a,0x8b,0x2d,0xc6,
    0x9c,0x5b,0x8b,0x31,0x67,0x52,0x5a,0x2c,0xa9,0xc5,0x58,0x5a,0x8a,0x31,0xc5,0x98,
    0x73,0x8b,0x2d,0xd7,0xd0,0x5a,0xae,0x29,0xc6,0x9c,0x53,0x8b,0x39,0xc7,0x5a,0x83,
    0x92,0xb1,0xf6,0x5e,0x5a,0xab,0x39,0xc5,0x98,0x7b,0x8a,0xad,0xe7,0x98,0x73,0x30,
    0x36,0xc7,0x9e,0x3b,0x4a,0xb9,0x96,0xd6,0x7a,0x2e,0xad,0xf5,0x5e,0x73,0x2e,0x42,
    0xd6,0xdc,0x8b,0x68,0x2d,0xe7,0xd4,0x6a,0x0f,0x2a,0xc6,0x9e,0x73,0xce,0xc1,0xd8,
    0xdc,0x83,0x10,0xad,0xe5,0x9c,0x6a,0xec,0x3d,0xc5,0xd8,0x7b,0xee,0x39,0x18,0xdb,
    0x73,0xf0,0xad,0xd6,0xe0,0x5b,0xcd,0x45,0xc8,0x9c,0x83,0xd0,0xb9,0xf8,0xa6,0x7b,
    0x30,0x46,0xd5,0xda,0x83,0xcc,0xb5,0x08,0x99,0x73,0x10,0x3a,0xe8,0x22,0x74,0xf0,
    0xc9,0x78,0x94,0x6a,0x2e,0xad,0xe5,0x5c,0x5a,0xeb,0x3d,0xd6,0x1a,0x7c,0xcd,0x39,
    0x08,0xd1,0x5a,0xee,0x29,0xc6,0xde,0x53,0x8b,0xbd,0xd7,0x9e,0x9b,0xb0,0xbd,0x07,
    0x21,0x5a,0xcb,0x3d,0xc5,0xd8,0x83,0x8a,0x31,0xf8,0x9a,0x73,0x30,0x3a,0xe7,0x62,
    0x54,0xad,0xc1,0xc7,0x9c,0x83,0x90,0xb5,0x16,0xa1,0x7b,0x2f,0x4a,0xe7,0x20,0x94,
    0xaa,0xb5,0x07,0x99,0x6b,0x50,0x32,0xd7,0x22,0x74,0xf0,0xc5,0xe8,0xa0,0x8b,0x2f,
    0x00,0x00,0x60,0xc0,0x01,0x00,0x20,0xc0,0x84,0x32,0x50,0x68,0xc8,0x8a,0x00,0x20,
    0x4e,0x00,0x80,0x41,0xc8,0x39,0xa5,0x18,0x84,0x4a,0x29,0x08,0xa1,0x84,0x94,0x42,
    0x28,0x29,0x55,0x8c,0x49,0xc8,0x98,0x83,0x92,0x31,0x27,0xa5,0x94,0x52,0x5a,0x08,
    0x25,0xb5,0x8a,0x31,0x08,0x99,0x63,0x52,0x32,0xc7,0xa4,0x84,0x12,0x5a,0x2a,0x25,
    0xb4,0x12,0x4a,0x69,0xa9,0x94,0xd2,0x5a,0x28,0xa5,0xb5,0x96,0x5a,0x8c,0x29,0xb5,
    0x16,0x43,0x29,0xa9,0x85,0x52,0x5a,0x2b,0xa5,0xb4,0x96,0x5a,0xaa,0x31,0xb5,0x56,
    0x63,0xc4,0x98,0x94,0xcc,0x39,0x29,0x99,0x63,0x52,0x4a,0x29,0xad,0x95,0x52,0x5a,
    0xab,0x1c,0x93,0x92,0x31,0x28,0xa9,0x83,0x90,0x4a,0x29,0x29,0xc5,0x52,0x52,0x8b,
    0x95,0x73,0x52,0x32,0xe8,0xa8,0x74,0x10,0x4a,0x2a,0xa9,0xc4,0x54,0x52,0x69,0xad,
    0xa4,0xd2,0x52,0x29,0xa5,0xc5,0x92,0x52,0x6c,0x29,0xc5,0x54,0x5b,0x8b,0xb5,0x86,
    0x52,0x5a,0x2c,0xa9,0xc4,0x56,0x52,0x6a,0x31,0xb5,0x54,0x5b,0x8b,0x31,0xd7,0x88,
    0x31,0x29,0x19,0x73,0x52,0x32,0xe7,0xa4,0x94,0x52,0x52,0x2b,0xa5,0xb4,0x96,0x39,
    0x27,0xa5,0x83,0x8e,0x4a,0xe6,0xa0,0xa4,0x92,0x52,0x6b,0xa5,0xa4,0x14,0x33,0xe6,
    0xa4,0x74,0x0e,0x4a,0xca,0x20,0xa3,0x52,0x52,0x8a,0x2d,0xa5,0x12,0x53,0x28,0xa5,
    0xb5,0x92,0x52,0x6c,0xa5,0xa4,0xd6,0x5a,0x8c,0xb5,0xa6,0xd4,0x5a,0x2d,0x25,0xb5,
    0x56,0x52,0x6a,0xb1,0x94,0x12,0x5b,0x8b,0x31,0xd7,0x16,0x4b,0x4d,0x9d,0x94,0xd6,
    0x4a,0x2a,0x31,0x86,0x52,0x5a,0x6b,0x31,0xe6,0x9a,0x5a,0x8b,0x31,0x94,0x12,0x5b,
    0x29,0x29,0xc6,0x92,0x4a,0x6c,0xad,0xc5,0x9a,0x5b,0x6c,0x39,0x86,0x52,0x5a,0x2c,
    0xa9,0xc4,0x56,0x4a,0x6a,0xb1,0xd5,0x96,0x63,0x6b,0xb1,0xe6,0xd4,0x52,0x8d,0x29,
    0xb5,0x9a,0x5b,0x6c,0xb9,0xc6,0x94,0x53,0x8f,0xb5,0xf6,0x9c,0x5a,0xab,0x35,0xb5,
    0x54,0x63,0x6b,0xb1,0xe6,0x58,0x5b,0x6f,0xb5,0xd6,0x9c,0x3b,0x29,0xad,0x85,0x52,
    0x5a,0x2b,0x25,0xc5,0x98,0x5a,0x8b,0xb1,0xc5,0x58,0x73,0x28,0x25,0xb6,0x92,0x52,
    0x6c,0xa5,0xa4,0x18,0x5b,0x6c,0xb9,0xb6,0x16,0x63,0x0f,0xa1,0xb4,0x58,0x4a,0x6a,
    0xb1,0xa4,0x12,0x63,0x6b,0x31,0xe6,0x18,0x5b,0x8e,0xa9,0xb5,0x5a,0x5b,0x6c,0xb9,
    0xa6,0xd4,0x62,0xad,0xb5,0xf6,0x1c,0x5b,0x6e,0x3d,0xa5,0x16,0x6b,0x8b,0xb1,0xe6,
    0xd2,0x52,0x8d,0x35,0xd7,0xde,0x63,0x4d,0x39,0x15,0x00,0x00,0x30,0xe0,0x00,0x00,
    0x10,0x60,0x42,0x19,0x28,0x34,0x64,0x25,0x00,0x10,0x05,0x00,0x00,0x18,0xc3,0x18,
    0x63,0x10,0x1a,0xa5,0x9c,0x73,0x4e,0x4a,0x83,0x94,0x73,0xce,0x49,0xc9,0x9c,0x83,
    0x10,0x42,0x4a,0x99,0x73,0x10,0x42,0x48,0x29,0x73,0x4e,0x42,0x4a,0x2d,0x65,0xce,
    0x41,0x48,0xa9,0xb5,0x50,0x4a,0x4a,0xad,0xc5,0x16,0x4a,0x49,0xa9,0xb5,0x16,0x0b,
    0x00,0x00,0x28,0x70,0x00,0x00,0x08,0xb0,0x41,0x53,0x62,0x71,0x80,0x42,0x43,0x56,
    0x02,0x00,0x51,0x00,0x00,0x88,0x31,0x4a,0x31,0x06,0xa1,0x31,0x46,0x29,0xe7,0x20,
    0x34,0xc6,0x28,0xc5,0x18,0x84,0x4a,0x29,0xc6,0x9c,0x93,0x50,0x29,0xc5,0x98,0x73,
    0x50,0x32,0xc7,0x9c,0x83,0x50,0x4a,0xe6,0x9c,0x73,0x10,0x4a,0x09,0x21,0x94,0x52,
    0x4a,0x4a,0x21,0x84,0x52,0x4a,0x49,0xa9,0x00,0x00,0x80,0x02,0x07,0x00,0x80,0x00,
    0x1b,0x34,0x25,0x16,0x07,0x28,0x34,0x64,0x45,0x00,0x10,0x05,0x00,0x00,0x18,0x63,
    0x9c,0x33,0xce,0x21,0x0a,0x9d,0xa5,0xce,0x52,0x24,0xa9,0xa3,0xd6,0x51,0x6b,0x28,
    0xa5,0x1a,0x4b,0x8c,0x9d,0xc6,0x56,0x7b,0xeb,0xb9,0xd3,0x1a,0x7b,0x6d,0xb9,0x37,
    0x94,0x4a,0x8d,0xa9,0xd6,0x8e,0x6b,0xcb,0xb9,0xd5,0xde,0x69,0x4d,0x3d,0xb7,0x1c,
    0x0b,0x00,0x00,0x3b,0x70,0x00,0x00,0x3b,0xb0,0x10,0x0a,0x0d,0x59,0x09,0x00,0xe4,
    0x01,0x00,0x10,0xc6,0x28,0xc5,0x98,0x73,0xce,0x19,0x85,0x18,0x73,0xce,0x39,0xe7,
    0x0c,0x52,0x8c,0x39,0xe7,0x9c,0x73,0x8a,0x31,0xe7,0x9c,0x83,0x10,0x42,0xc5,0x98,
    0x73,0xce,0x41,0x08,0x21,0x73,0xce,0x39,0x08,0xa1,0x84,0x92,0x39,0xe7,0x1c,0x84,
    0x10,0x4a,0xe8,0x9c,0x83,0x50,0x4a,0x29,0xa5,0x74,0xce,0x41,0x08,0xa1,0x94,0x52,
    0x3a,0xe7,0x20,0x84,0x52,0x4a,0x29,0x9d,0x73,0x10,0x4a,0x29,0xa5,0x94,0x02,0x00,
    0x80,0x0a,0x1c,0x00,0x00,0x02,0x6c,0x14,0xd9,0x9c,0x60,0x24,0xa8,0xd0,0x90,0x95,
    0x00,0x40,0x1e,0x00,0x00,0x60,0x0c,0x42,0xce,0x49,0x69,0xad,0x61,0xcc,0x39,0x08,
    0x2d,0xd5,0xd8,0x30,0xc6,0x1c,0x94,0x94,0x62,0x8b,0x9c,0x83,0x90,0x52,0x8b,0xb9,
    0x46,0xcc,0x41,0x48,0x29,0xc6,0xa0,0x3b,0x28,0x29,0xb5,0x18,0x6c,0xf0,0x9d,0x84,
    0x94,0x5a,0x8b,0x39,0x07,0x93,0x52,0x8b,0x35,0xe7,0xde,0x83,0x48,0xa9,0xb5,0x9a,
    0x83,0xce,0x3d,0xd5,0x56,0x73,0xcf,0xbd,0xf7,0x9c,0x62,0xac,0x35,0xe7,0xde,0x73,
    0x2f,0x00,0x00,0x77,0xc1,0x01,0x00,0xec,0xc0,0x46,0x91,0xcd,0x09,0x46,0x82,0x0a,
    0x0d,0x59,0x09,0x00,0xe4,0x01,0x00,0x10,0x08,0x29,0xc5,0x98,0x73,0xce,0x19,0xa5,
    0x18,0x73,0xcc,0x39,0xe7,0x8c,0x52,0x8c,0x31,0xe6,0x9c,0x73,0x8a,0x31,0xc6,0x9c,
    0x73,0xce,0x41,0xc5,0x18,0x63,0xce,0x39,0x07,0x21,0x63,0xcc,0x39,0xe7,0x20,0x84,
    0x90,0x31,0xe6,0x9c,0x73,0x10,0x42,0xe8,0x9c,0x73,0x0e,0x42,0x08,0x21,0x74,0xce,
    0x39,0x07,0x21,0x84,0x10,0x3a,0xe7,0xa0,0x83,0x10,0x42,0x08,0x9d,0x73,0x10,0x42,
    0x08,0x21,0x84,0x02,0x00,0x80,0x0a,0x1c,0x00,0x00,0x02,0x6c,0x14,0xd9,0x9c,0x60,
    0x24,0xa8,0xd0,0x90,0x95,0x00,0x40,0x38,0x00,0x00,0x00,0x21,0x84,0x10,0x42,0x08,
    0x21,0x84,0x10,0x42,0x08,0x21,0x84,0x10,0x42,0x08,0x21,0x84,0x10,0x42,0x08,0x21,
    0x84,0x10,0x42,0x08,0x21,0x84,0x10,0x42,0x08,0x21,0x84,0x10,0x42,0x08,0x21,0x84,
    0x10,0x42,0x08,0x21,0x84,0x10,0x42,0x08,0x21,0x84,0x10,0x42,0x08,0x21,0x84,0x10,
    0x42,0x08,0x21,0x84,0x10,0x42,0x08,0x21,0x84,0x10,0x42,0x08,0x21,0x84,0x10,0x42,
    0x08,0x21,0x84,0x10,0x42,0x08,0x21,0x84,0x10,0x42,0x08,0x21,0x84,0x10,0x42,0x08,
    0x21,0x84,0x10,0x42,0x08,0x21,0x84,0x10,0x42,0x08,0x21,0x84,0x10,0x42,0x08,0x21,
    0x84,0x10,0x42,0x08,0x21,0x84,0x10,0x42,0x08,0x21,0x84,0x10,0x42,0x08,0x21,0x84,
    0x10,0x42,0xe8,0x9c,0x73,0xce,0x39,0xe7,0x9c,0x73,0xce,0x39,0xe7,0x9c,0x73,0xce,
    0x39,0xe7,0x9c,0x73,0xce,0x39,0x27,0x00,0xc8,0xb7,0xc2,0x01,0xc0,0xff,0xc1,0xc6,
    0x19,0x56,0x92,0xce,0x0a,0x47,0x83,0x0b,0x0d,0x59,0x09,0x00,0x84,0x03,0x00,0x00,
    0x0a,0x41,0x28,0xa5,0x62,0x10,0x4a,0x29,0x25,0x92,0x4e,0x3a,0x29,0x9d,0x93,0x50,
    0x4a,0x29,0x91,0x83,0x52,0x4a,0xe9,0xa4,0x94,0x52,0x4a,0x09,0xa5,0x94,0x52,0x4a,
    0x08,0xa5,0x94,0x52,0x4a,0x08,0x1d,0x94,0x52,0x42,0x29,0xa5,0x94,0x52,0x4a,0x29,
    0xa5,0x94,0x52,0x4a,0x29,0xa5,0x94,0x52,0x3a,0x29,0xa5,0x94,0x52,0x4a,0x29,0xa5,
    0x94,0xca,0x39,0x29,0xa5,0x93,0x52,0x4a,0x29,0xa5,0x44,0xce,0x49,0x29,0x21,0x94,
    0x52,0x4a,0x29,0xa5,0x84,0x52,0x4a,0x29,0xa5,0x94,0x52,0x4a,0x29,0xa5,0x94,0x52,
    0x4a,0x29,0xa5,0x94,0x52,0x4a,0x29,0xa5,0x84,0x10,0x42,0x08,0x21,0x84,0x10,0x42,
    0x08,0x21,0x84,0x10,0x42,0x08,0x21,0x84,0x10,0x42,0x08,0x21,0x84,0x10,0x42,0x08,
    0x21,0x84,0x10,0x42,0x08,0x21,0x84,0x10,0x42,0x08,0x21,0x84,0x02,0x00,0xb8,0x1b,
    0x1c,0x00,0x20,0x12,0x6c,0x9c,0x61,0x25,0xe9,0xac,0x70,0x34,0xb8,0xd0,0x90,0x95,
    0x00,0x40,0x48,0x00,0x00,0xa0,0x14,0x73,0x8e,0x4a,0x08,0x29,0x94,0x90,0x52,0xa8,
    0x98,0xa2,0x8e,0x42,0x29,0x29,0xa4,0x52,0x4a,0x0a,0x11,0x63,0xce,0x49,0xea,0x1c,
    0x85,0x50,0x52,0x28,0xa9,0x83,0xca,0x39,0x08,0xa5,0xa4,0x94,0x42,0x2a,0x21,0x75,
    0xce,0x41,0x07,0x25,0x85,0x90,0x52,0x09,0x21,0x95,0x8e,0x3a,0xe8,0x28,0x94,0x50,
    0x52,0x2a,0x25,0x94,0xd2,0x39,0x28,0xa5,0x84,0x14,0x4a,0x4a,0x29,0x95,0x90,0x42,
    0x48,0xa9,0x74,0x94,0x52,0x28,0x25,0x95,0x94,0x42,0x2a,0x21,0x95,0x52,0x4a,0x48,
    0x25,0x95,0x10,0x4a,0x0a,0x9d,0xa4,0x54,0x4a,0x0a,0xa9,0xa4,0x54,0x52,0x08,0x9d,
    0x74,0x90,0x42,0x27,0x25,0xa4,0x92,0x4a,0x0a,0xa9,0x93,0x94,0x52,0x2a,0x25,0xa5,
    0x94,0x4a,0x4a,0x25,0x74,0x52,0x42,0x2a,0x29,0xa5,0x10,0x42,0x4a,0xa9,0x94,0x10,
    0x4a,0x48,0x29,0xa5,0x4e,0x52,0x49,0xa9,0xa4,0x14,0x42,0x28,0x21,0x85,0x94,0x52,
    0x4a,0x25,0xa5,0x92,0x4a,0x4a,0x21,0x95,0x54,0x42,0x09,0xa5,0xa4,0x94,0x52,0x28,
    0xa1,0xa4,0x54,0x52,0x4a,0x29,0xa5,0x92,0x52,0x29,0x00,0x00,0xe0,0xc0,0x01,0x00,
    0x20,0xc0,0x08,0x3a,0xc9,0xa8,0xb2,0x08,0x1b,0x4d,0xb8,0xf0,0x00,0x14,0x1a,0xb2,
    0x12,0x00,0x20,0x03,0x00,0x40,0x94,0x74,0xd6,0x69,0xa7,0x49,0x22,0x08,0x31,0x45,
    0x99,0x27,0x0d,0x29,0xc6,0x20,0xb5,0xa4,0x2c,0xc3,0x10,0x53,0x92,0x89,0xf1,0x14,
    0x63,0x8c,0x39,0x28,0x46,0x43,0x0e,0x31,0xe4,0x94,0x18,0x17,0x4a,0x08,0xa1,0x83,
    0x62,0x3c,0x26,0x95,0x43,0xca,0x50,0x51,0xb9,0xb7,0xd4,0x39,0x05,0xc5,0x16,0x63,
    0x7c,0xef,0xb1,0x17,0x01,0x00,0x00,0x08,0x02,0x00,0x04,0x84,0x04,0x00,0x18,0x20,
    0x28,0x98,0x01,0x00,0x06,0x07,0x08,0x23,0x07,0x02,0x1d,0x01,0x04,0x0e,0x6d,0x00,
    0x80,0x81,0x08,0x99,0x09,0x0c,0x0a,0xa1,0xc1,0x41,0x26,0x00,0x3c,0x40,0x44,0x48,
    0x05,0x00,0x89,0x09,0x8a,0xd2,0x85,0x2e,0x08,0x21,0x82,0x74,0x11,0x64,0xf1,0xc0,
    0x85,0x13,0x37,0x9e,0xb8,0xe1,0x84,0x0e,0x6d,0x10,0x00,0x00,0x00,0x00,0x00,0x10,
    0x00,0xf0,0x01,0x00,0x90,0x50,0x00,0x11,0x11,0xd1,0xcc,0x55,0x58,0x5c,0x60,0x64,
    0x68,0x6c,0x70,0x74,0x78,0x7c,0x80,0x84,0x04,0x00,0x00,0x00,0x00,0x00,0x08,0x00,
    0x7c,0x00,0x00,0x24,0x22,0x40,0x44,0x44,0x34,0x73,0x15,0x16,0x17,0x18,0x19,0x1a,
    0x1b,0x1c,0x1d,0x1e,0x1f,0x20,0x21,0x01,0x00,0x00,0x00,0x00,0x00,0x00,0x00,0x00,
    0x40,0x40,0x40,0x00,0x00,0x00,0x00,0x00,0x20,0x00,0x00,0x00,0x40,0x40,0x4f,0x67,
    0x67,0x53,0x00,0x04,0x40,0x17,0x00,0x00,0x00,0x00,0x00,0x00,0x1c,0x09,0x1e,0x0b,
    0x02,0x00,0x00,0x00,0x27,0xa9,0x93,0x47,0x0e,0x43,0x41,0x48,0x43,0x49,0x40,0x45,
    0x48,0x3e,0x44,0x47,0x3f,0x38,0x10,0x04,0x1d,0x56,0xed,0x6e,0x92,0x95,0x26,0x8a,
    0x8a,0x3c,0xc7,0x96,0x1f,0x9f,0x57,0xe3,0xab,0xc2,0x71,0xc9,0x96,0x5c,0xdf,0x2c,
    0xed,0x7f,0x66,0xdb,0x9c,0x97,0x06,0xbe,0xdf,0x21,0x4f,0x74,0xc0,0xcc,0x6c,0x3c,
    0xbe,0x4a,0xdd,0x0c,0x80,0x73,0x7b,0x57,0xa7,0x72,0xb4,0xba,0x79,0xfd,0xbf,0xc3,
    0x0d,0xf7,0xb5,0x39,0x29,0x59,0x9d,0x1f,0x07,0x00,0x34,0xa9,0x4b,0x03,0xa3,0x7e,
    0x37,0x61,0x13,0x13,0x80,0xa4,0x2d,0xac,0x54,0x26,0x37,0xed,0x07,0x55,0x00,0xca,
    0x1a,0x00,0x50,0xdf,0xd7,0x9a,0xc5,0x6c,0xef,0x85,0x8d,0x63,0x3c,0xb7,0xaa,0x50,
    0xde,0xe2,0x81,0x62,0xfc,0xeb,0xb1,0x76,0x80,0xce,0xbf,0xb8,0x78,0x76,0xbf,0xd4,
    0x77,0xd5,0x89,0xf4,0xd9,0x6c,0xa5,0x0c,0x53,0xd6,0x03,0xda,0x1a,0x5b,0x59,0x8e,
    0x3f,0xb5,0xdb,0x7e,0x39,0xfd,0x9a,0x2d,0x69,0x04,0x98,0xf5,0x21,0x46,0x71,0xfc,
    0x18,0x01,0x00,0x00,0x80,0xf5,0x3c,0xfb,0xe4,0x48,0x88,0x90,0xa0,0x4f,0x46,0xd8,
    0x31,0x09,0x60,0xcb,0x0b,0x00,0xc3,0x8d,0x16,0xa0,0x0a,0x1e,0xa6,0x2f,0x52,0x0b,
    0xa9,0x80,0xed,0x03,0x10,0x4b,0x16,0xab,0xd6,0x50,0x85,0xb2,0x2a,0xb3,0xf7,0xd7,
    0x95,0x18,0x03,0xfe,0x1a,0x5b,0xd9,0x1c,0x7f,0x2a,0xdb,0xfd,0x35,0xfc,0x99,0x8d,
    0xb1,0x03,0xea,0xb3,0xc4,0x04,0xb9,0x00,0x00,0x00,0x00,0xf0,0x26,0xe1,0xef,0x22,
    0x40,0x00,0x62,0xe0,0xf4,0xc0,0x80,0xa1,0x11,0xd4,0x86,0x3d,0x52,0x80,0xf3,0x05,
    0xa0,0x0d,0xdf,0x29,0x30,0x20,0x27,0x35,0x26,0xdb,0x51,0x40,0x29,0x34,0xd0,0x74,
    0xff,0x1c,0x2b,0x49,0x05,0x00,0xde,0x1a,0x5b,0xdd,0x1d,0xff,0xe4,0xb7,0xfd,0xb5,
    0xbd,0x42,0x93,0x61,0x5c,0x80,0x0d,0xa0,0x67,0x71,0x41,0x33,0x00,0x00,0x00,0xc0,
    0x07,0x05,0x00,0x00,0x1c,0xdf,0x80,0xc7,0x08,0x4a,0x2b,0xef,0x03,0x3b,0x02,0x80,
    0xde,0x26,0xd0,0x86,0x0f,0x87,0xf3,0x27,0xbd,0x4e,0x56,0xe9,0x83,0x0c,0x50,0x45,
    0x2c,0xde,0x12,0x97,0xa0,0x74,0x77,0x86,0x50,0x79,0xe4,0x34,0xc8,0x00,0x00,0xde,
    0xca,0x5a,0x59,0x1f,0x7f,0xdb,0xb2,0xbe,0xb6,0x5f,0x9b,0x68,0x30,0x67,0x97,0x24,
    0x60,0xad,0xe4,0xf3,0x8b,0x00,0x00,0x4f,0x2f,0x00,0x00,0x3e,0x57,0x64,0x26,0x00,
    0xb6,0x1a,0x00,0x4a,0xad,0x1d,0x12,0x29,0xae,0x1c,0xb7,0x05,0x9e,0xea,0xde,0xbb,
    0x7a,0xfa,0x0a,0xfd,0x61,0xda,0xf3,0x60,0x45,0xfd,0xbe,0x81,0x25,0xe3,0x01,0xbe,
    0x0a,0x5b,0xd9,0x1c,0x7f,0x87,0x5b,0xfb,0x3a,0xfd,0xde,0xf1,0x05,0xf2,0x0e,0x38,
    0x06,0x08,0x89,0x09,0xc1,0x7a,0x01,0x00,0x00,0x00,0x2e,0x17,0x00,0x00,0x40,0xf3,
    0xa9,0x0c,0x3b,0x01,0xbc,0x14,0xa0,0xda,0x3b,0x90,0xf6,0xaf,0x42,0x59,0x80,0xfb,
    0x58,0x40,0x0a,0x4b,0xb7,0x72,0xa2,0xbf,0x9b,0xd1,0x6e,0xa8,0x7c,0x76,0xb2,0x95,
    0xde,0xd4,0x1c,0x00,0x7e,0xea,0x5a,0x59,0x1f,0x7f,0x87,0x65,0x7f,0x6f,0xbf,0x37,
    0xc9,0xc4,0xb8,0x00,0x1b,0x40,0x96,0x18,0xc5,0x70,0x9d,0x02,0x00,0x00,0x00,0x6f,
    0x11,0x00,0x00,0x80,0xbe,0x36,0x86,0x5f,0xf7,0xff,0x0f,0x52,0x70,0x2d,0x80,0x46,
    0x0a,0x80,0x97,0xa5,0xfa,0x26,0x17,0xd0,0xf6,0xcd,0x71,0xf8,0x5a,0x48,0xfd,0x7e,
    0xf2,0xbb,0xcc,0x16,0x97,0xc3,0x0d,0x25,0xb3,0x84,0x57,0x00,0x5e,0xca,0x5a,0xd9,
    0x1c,0x7f,0xc7,0xbd,0x13,0x96,0x3f,0x1b,0x19,0x90,0x8d,0x2c,0x31,0x8a,0x87,0xf7,
    0x26,0x00,0xe0,0xfd,0x05,0x00,0xd1,0xfc,0xa3,0x9f,0x67,0x2f,0xc2,0xa8,0x00,0xd9,
    0x7b,0x0a,0xa0,0xbc,0x1f,0x6e,0x38,0x7b,0x00,0x71,0xed,0x40,0xcf,0xb0,0x3e,0xba,
    0xd1,0xda,0x07,0xe2,0x24,0xe4,0x79,0xcc,0x3d,0x1d,0x1e,0xca,0x5a,0x59,0x1f,0x7f,
    0x1a,0xb6,0xfd,0x7a,0x73,0x4d,0xae,0x89,0x8c,0x1d,0xd0,0x73,0x10,0x4e,0x98,0x4e,
    0x14,0x00,0x00,0x00,0xd0,0x02,0xf6,0x5a,0x03,0x20,0xec,0x63,0xf7,0xdb,0x07,0xa3,
    0x02,0x7e,0x32,0x29,0x74,0x6a,0xf5,0xa9,0xa8,0x6d,0x10,0x70,0x8e,0x47,0x00,0x89,
    0xab,0xb2,0xb1,0x5a,0x67,0x5f,0x4a,0x39,0xfe,0xaf,0x14,0x8a,0x07,0x00,0xde,0x99,
    0x5a,0xd9,0x1d,0x7f,0xc7,0x6d,0x5f,0x4f,0xbf,0xa7,0x8d,0xcc,0x91,0x25,0xee,0x40,
    0x2f,0x1d,0x17,0xef,0x19,0x00,0x40,0xff,0x0c,0x00,0x93,0xfa,0xcb,0xc4,0x96,0xb4,
    0x1d,0x73,0x57,0xc0,0xbc,0x37,0xa6,0x3c,0x05,0xa7,0x51,0xca,0x13,0x00,0xef,0xc0,
    0x98,0x35,0x9d,0x4c,0xd7,0xe0,0x1f,0xcd,0x53,0xbb,0xd9,0x8f,0xcb,0x64,0x2f,0x69,
    0x49,0x06,0xf4,0x07,0x00,0xfe,0x38,0x5a,0x59,0x8e,0x77,0x3c,0xed,0x78,0x87,0x0c,
    0x03,0x93,0x25,0x24,0x17,0x40,0x34,0xce,0xbb,0x51,0x01,0x80,0x03,0x6f,0xf0,0x7b,
    0xd9,0xd0,0x84,0xa5,0xc1,0x26,0x2b,0x08,0xf7,0xcb,0xed,0xdc,0x54,0x03,0x79,0xf1,
    0x31,0x00,0x7c,0x03,0xa0,0xab,0x43,0xa0,0xec,0x3e,0xc0,0x6d,0xf8,0xee,0x61,0x57,
    0x11,0xbc,0xcf,0x00,0x7e,0xf8,0x91,0xc7,0xe3,0x6c,0xb6,0x36,0x35,0x31,0x82,0xea,
    0x13,0x12,0x01,0x70,0x1d,0xdf,0xbc,0x49,0xad,0x0a,0xcc,0xb7,0xbf,0x18,0x59,0x00,
    0x01,0xe3,0x48,0x2d,0x0d,0xe0,0xe5,0x01,0x9e,0xbe,0xb5,0xe8,0x86,0x41,0x3b,0xbe,
    0xe7,0x0b,0x2f,0x96,0xe4,0xd0,0x5b,0x7a,0xe2,0x66,0xf8,0x09,0x9e,0x18,0xfa,0xa6,
    0x09,0x00,0x3c,0x90,0x02,0x00,0x80,0xff,0xfc,0x75,0x23,0x00,
};

static const unsigned char s_bell[] = {
    0x4f,0x67,0x67,0x53,0x00,0x02,0x00,0x00,0x00,0x00,0x00,0x00,0x00,0x00,0xbe,0xf9,
    0xce,0xc1,0x00,0x00,0x00,0x00,0x63,0xaa,0x7e,0x5f,0x01,0x1e,0x01,0x76,0x6f,0x72,
    0x62,0x69,0x73,0x00,0x00,0x00,0x00,0x01,0x09,0x56,0x00,0x00,0xff,0xff,0xff,0xff,
    0x00,0x7d,0x00,0x00,0xff,0xff,0xff,0xff,0xa9,0x01,0x4f,0x67,0x67,0x53,0x00,0x00,
    0x00,0x00,0x00,0x00,0x00,0x00,0x00,0x00,0xbe,0xf9,0xce,0xc1,0x01,0x00,0x00,0x00,
    0xd0,0x0d,0x05,0x09,0x0e,0x32,0xff,0xff,0xff,0xff,0xff,0xff,0xff,0xff,0xff,0xff,
    0xff,0xff,0xc5,0x03,0x76,0x6f,0x72,0x62,0x69,0x73,0x0b,0x00,0x00,0x00,0x4c,0x61,
    0x76,0x66,0x35,0x33,0x2e,0x32,0x34,0x2e,0x32,0x01,0x00,0x00,0x00,0x13,0x00,0x00,
    0x00,0x65,0x6e,0x63,0x6f,0x64,0x65,0x72,0x3d,0x4c,0x61,0x76,0x66,0x35,0x33,0x2e,
    0x32,0x34,0x2e,0x32,0x01,0x05,0x76,0x6f,0x72,0x62,0x69,0x73,0x22,0x42,0x43,0x56,
    0x01,0x00,0x40,0x00,0x00,0x18,0x42,0x10,0x2a,0x05,0xad,0x63,0x8e,0x3a,0xc8,0x15,
    0x21,0x8c,0x19,0xa2,0xa0,0x42,0xca,0x29,0xc7,0x1d,0x42,0xd0,0x21,0xa3,0x24,0x43,
    0x88,0x3a,0xc6,0x35,0xc7,0x18,0x63,0x47,0xb9,0x64,0x8a,0x42,0xc9,0x81,0xd0,0x90,
    0x55,0x00,0x00,0x40,0x00,0x00,0xa4,0x1c,0x57,0x50,0x72,0x49,0x2d,0xe7,0x9c,0x73,
    0xa3,0x18,0x57,0xcc,0x71,0xe8,0x20,0xe7,0x9c,0x73,0xe5,0x20,0x67,0xcc,0x71,0x09,
    0x25,0xe7,0x9c,0x73,0x8e,0x39,0xe7,0x92,0x72,0x8e,0x31,0xe7,0x9c,0x73,0xa3,0x18,
    0x57,0x0e,0x72,0x29,0x2d,0xe7,0x9c,0x73,0x81,0x14,0x47,0x8a,0x71,0xa7,0x18,0xe7,
    0x9c,0x73,0xa4,0x1c,0x47,0x8a,0x71,0xa8,0x18,0xe7,0x9c,0x73,0x6d,0x31,0xb7,0x92,
    0x72,0xce,0x39,0xe7,0x9c,0x73,0xe6,0x20,0x87,0x52,0x72,0xae,0x35,0xe7,0x9c,0x73,
    0xa4,0x18,0x67,0x0e,0x72,0x0b,0x25,0xe7,0x9c,0x73,0xc6,0x20,0x67,0xcc,0x71,0xeb,
    0x20,0xe7,0x9c,0x73,0x8c,0x35,0xb7,0xd4,0x72,0xce,0x39,0xe7,0x9c,0x73,0xce,0x39,
    0xe7,0x9c,0x73,0xce,0x39,0xe7,0x9c,0x73,0x8c,0x31,0xe7,0x9c,0x73,0xce,0x39,0xe7,
    0x9c,0x73,0x6e,0x31,0xe7,0x16,0x73,0xae,0x39,0xe7,0x9c,0x73,0xce,0x39,0xe7,0x1c,
    0x73,0xce,0x39,0xe7,0x9c,0x73,0x20,0x34,0x64,0x15,0x00,0x90,0x00,0x00,0xa0,0xa1,
    0x28,0x8a,0xe2,0x28,0x0e,0x10,0x1a,0xb2,0x0a,0x00,0xc8,0x00,0x00,0x10,0x40,0x71,
    0x14,0x47,0x91,0x14,0x4b,0xb1,0x1c,0xcb,0xd1,0x24,0x0d,0x08,0x0d,0x59,0x05,0x00,
    0x00,0x01,0x00,0x08,0x00,0x00,0xa0,0x48,0x86,0xa4,0x48,0x8a,0xa5,0x58,0x8e,0x66,
    0x69,0x9e,0x26,0x7a,0xa2,0x28,0x9a,0xa2,0x2a,0xab,0xb2,0x69,0xca,0xb2,0x2c,0xcb,
    0xb2,0xeb,0xba,0x2e,0x10,0x1a,0xb2,0x0a,0x00,0x48,0x00,0x00,0x50,0x51,0x14,0xc5,
    0x70,0x14,0x07,0x08,0x0d,0x59,0x05,0x00,0x64,0x00,0x00,0x08,0x60,0x28,0x8a,0xa3,
    0x38,0x8e,0xe4,0x58,0x92,0xa5,0x59,0x9e,0x07,0x84,0x86,0xac,0x02,0x00,0x80,0x00,
    0x00,0x04,0x00,0x00,0x50,0x0c,0x47,0xb1,0x14,0x4d,0xf1,0x24,0xcf,0xf2,0x3c,0xcf,
    0xf3,0x3c,0xcf,0xf3,0x3c,0xcf,0xf3,0x3c,0xcf,0xf3,0x3c,0xcf,0xf3,0x3c,0xcf,0xf3,
    0x3c,0x0d,0x08,0x0d,0x59,0x05,0x00,0x20,0x00,0x00,0x00,0x82,0x28,0x64,0x18,0x03,
    0x42,0x43,0x56,0x01,0x00,0x40,0x00,0x00,0x08,0x21,0x1a,0x19,0x43,0x9d,0x52,0x12,
    0x5c,0x0a,0x16,0x42,0x1c,0x11,0x43,0x1d,0x42,0xce,0x43,0xa9,0xa5,0x83,0xe0,0x29,
    0x85,0x25,0x63,0xd2,0x53,0xac,0x41,0x08,0x21,0x7c,0xef,0x3d,0xf7,0xde,0x7b,0xef,
    0x81,0xd0,0x90,0x55,0x00,0x00,0x10,0x00,0x00,0x61,0x14,0x38,0x88,0x81,0xc7,0x24,
    0x08,0x21,0x84,0x62,0x14,0x27,0x44,0x71,0xa6,0x20,0x08,0x21,0x84,0xe5,0x24,0x58,
    0xca,0x79,0xe8,0x24,0x08,0xdd,0x83,0x10,0x42,0xb8,0x9c,0x7b,0xcb,0xb9,0xf7,0xde,
    0x7b,0x20,0x34,0x64,0x15,0x00,0x00,0x08,0x00,0xc0,0x20,0x84,0x10,0x42,0x08,0x21,
    0x84,0x10,0x42,0x08,0x29,0xa4,0x94,0x52,0x48,0x29,0xa6,0x98,0x62,0x8a,0x29,0xc7,
    0x1c,0x73,0xcc,0x31,0xc7,0x20,0x83,0x0c,0x32,0xe8,0xa0,0x93,0x4e,0x3a,0xc9,0xa4,
    0x92,0x4e,0x3a,0xca,0x24,0xa3,0x8e,0x52,0x6b,0x29,0xb5,0x14,0x53,0x4c,0xb1,0xe5,
    0x16,0x63,0xad,0xb5,0xd6,0x9c,0x73,0xaf,0x41,0x29,0x63,0x8c,0x31,0xc6,0x18,0x63,
    0x8c,0x31,0xc6,0x18,0x63,0x8c,0x31,0xc6,0x18,0x23,0x08,0x0d,0x59,0x05,0x00,0x80,
    0x00,0x00,0x10,0x06,0x19,0x64,0x90,0x41,0x08,0x21,0x84,0x14,0x52,0x48,0x29,0xa6,
    0x98,0x72,0xcc,0x31,0xc7,0x1c,0x03,0x42,0x43,0x56,0x01,0x00,0x80,0x00,0x00,0x02,
    0x00,0x00,0x00,0x1c,0x45,0x52,0x24,0x47,0x72,0x24,0x47,0x92,0x24,0xc9,0x92,0x2c,
    0x49,0x93,0x3c,0xcb,0xb3,0x3c,0xcb,0xb3,0x3c,0x4d,0xd4,0x44,0x4d,0x15,0x55,0xd5,
    0x55,0x6d,0xd7,0xf6,0x6d,0x5f,0xf6,0x6d,0xdf,0xd5,0x65,0xdf,0xf6,0x65,0xdb,0xd5,
    0x65,0x5d,0x96,0x65,0xdd,0xb5,0x6d,0x5d,0xd6,0x5d,0x5d,0xd7,0x75,0x5d,0xd7,0x75,
    0x5d,0xd7,0x75,0x5d,0xd7,0x75,0x5d,0xd7,0x75,0x5d,0xd7,0x81,0xd0,0x90,0x55,0x00,
    0x80,0x04,0x00,0x80,0x8e,0xe4,0x38,0x8e,0xe4,0x38,0x8e,0xe4,0x48,0x8e,0xa4,0x48,
    0x0a,0x10,0x1a,0xb2,0x0a,0x00,0x90,0x01,0x00,0x10,0x00,0x80,0xa3,0x38,0x8a,0xe3,
    0x48,0x8e,0xe4,0x58,0x8e,0x25,0x59,0x92,0x26,0x69,0x96,0x67,0x79,0x96,0xa7,0x79,
    0x9a,0xa8,0x89,0x1e,0x10,0x1a,0xb2,0x0a,0x00,0x00,0x04,0x00,0x10,0x00,0x00,0x00,
    0x00,0x00,0x80,0xa2,0x28,0x8a,0xa3,0x38,0x8e,0x24,0x59,0x96,0xa6,0x69,0x9e,0xa7,
    0x7a,0xa2,0x28,0x9a,0xaa,0xaa,0x8a,0xa6,0xa9,0xaa,0xaa,0x6a,0x9a,0xa6,0x69,0x9a,
    0xa6,0x69,0x9a,0xa6,0x69,0x9a,0xa6,0x69,0x9a,0xa6,0x69,0x9a,0xa6,0x69,0x9a,0xa6,
    0x69,0x9a,0xa6,0x69,0x9a,0xa6,0x69,0x9a,0xa6,0x69,0x9a,0xa6,0x69,0x02,0xa1,0x21,
    0xab,0x00,0x00,0x09,0x00,0x00,0x1d,0xc7,0x71,0x1c,0x47,0x71,0x1c,0xc7,0x71,0x24,
    0x47,0x92,0x24,0x20,0x34,0x64,0x15,0x00,0x20,0x03,0x00,0x20,0x00,0x00,0x43,0x51,
    0x1c,0x45,0x72,0x2c,0xc7,0x92,0x34,0x4b,0xb3,0x3c,0xcb,0xd3,0x44,0xcf,0xf4,0x5c,
    0x51,0x36,0x75,0x53,0x57,0x6d,0x20,0x34,0x64,0x15,0x00,0x00,0x08,0x00,0x20,0x00,
    0x00,0x00,0x00,0x00,0x00,0xc7,0x73,0x3c,0xc7,0x73,0x3c,0xc9,0x93,0x3c,0xcb,0x73,
    0x3c,0xc7,0x93,0x3c,0x49,0xd3,0x34,0x4d,0xd3,0x34,0x4d,0xd3,0x34,0x4d,0xd3,0x34,
    0x4d,0xd3,0x34,0x4d,0xd3,0x34,0x4d,0xd3,0x34,0x4d,0xd3,0x34,0x4d,0xd3,0x34,0x4d,
    0xd3,0x34,0x4d,0xd3,0x34,0x4d,0xd3,0x34,0x4d,0xd3,0x34,0x4d,0xd3,0x34,0x4d,0x03,
    0x42,0x43,0x56,0x02,0x00,0x64,0x00,0x00,0x10,0x93,0x90,0x4a,0x4e,0xb1,0x57,0x46,
    0x29,0xc6,0x24,0xb4,0x5e,0x2a,0xa4,0x14,0x93,0xd4,0x7b,0xa8,0x98,0x62,0x4c,0x3a,
    0xed,0xa9,0x42,0x06,0x29,0x07,0xb9,0x87,0x4a,0x21,0xa5,0xa0,0xd3,0xde,0x32,0xa5,
    0x90,0x52,0x0c,0x7b,0xa7,0x98,0x42,0xc8,0x18,0xea,0xa1,0x83,0x90,0x31,0x85,0xb0,
    0xd7,0xda,0x73,0xcf,0xbd,0xf7,0x1e,0x08,0x0d,0x59,0x11,0x00,0x44,0x01,0x00,0x00,
    0xc6,0x20,0xc6,0x10,0x63,0xc8,0x31,0x26,0x25,0x83,0x12,0x31,0xc7,0x24,0x64,0x52,
    0x22,0xe7,0x9c,0x94,0x4e,0x4a,0x26,0xa5,0xa4,0x56,0x5a,0xcc,0xa4,0x84,0x98,0x4a,
    0x8b,0x91,0x73,0x4e,0x4a,0x27,0x25,0x93,0x52,0x5a,0x0b,0xa9,0x65,0x92,0x4a,0x6b,
    0x25,0xa6,0x02,0x00,0x00,0x02,0x1c,0x00,0x00,0x02,0x2c,0x84,0x42,0x43,0x56,0x04,
    0x00,0x51,0x00,0x00,0x88,0x31,0x48,0x29,0xa4,0x14,0x52,0x4a,0x31,0xa7,0x98,0x43,
    0x4a,0x29,0xc7,0x94,0x63,0x48,0x29,0xe5,0x9c,0x72,0x4e,0x39,0xc7,0x98,0x74,0x10,
    0x2a,0xe7,0x18,0x74,0x0e,0x4a,0xa4,0x94,0x72,0x8e,0x39,0xa7,0x9c,0x73,0x12,0x32,
    0x07,0x95,0x73,0x0e,0x42,0x26,0x9d,0x00,0x00,0x80,0x00,0x07,0x00,0x80,0x00,0x0b,
    0xa1,0xd0,0x90,0x15,0x01,0x40,0x9c,0x00,0x00,0x80,0x90,0x73,0x8a,0x31,0x08,0x11,
    0x63,0x10,0x42,0x09,0x29,0x85,0x50,0x52,0xaa,0x9c,0x93,0xd2,0x41,0x49,0xa9,0x83,
    0x92,0x52,0x49,0xa9,0xc5,0x92,0x52,0x8c,0x95,0x73,0x52,0x3a,0x09,0x29,0x75,0x12,
    0x52,0x2a,0x29,0xc5,0x58,0x52,0x8a,0x2d,0xa4,0x54,0x63,0x69,0x2d,0xd7,0xd2,0x52,
    0x8d,0x2d,0xc6,0x9c,0x5b,0x8c,0xbd,0x86,0x94,0x62,0x2d,0xa9,0xd5,0x5a,0x5a,0xab,
    0xb9,0xc5,0x58,0x73,0x8b,0x35,0xf7,0xc8,0x39,0x4a,0x9d,0x94,0xd6,0x3a,0x29,0xad,
    0xa5,0xd6,0x6a,0x4d,0xad,0xd5,0xda,0x49,0x69,0x2d,0xa4,0xd6,0x62,0x69,0x2d,0xc6,
    0xd6,0x62,0xcd,0x29,0xc6,0x9c,0x33,0x29,0xad,0x85,0x96,0x62,0x2b,0xa9,0xc5,0xd8,
    0x62,0xcb,0x35,0xb5,0x98,0x73,0x69,0x2d,0xd7,0x14,0x63,0xcf,0x29,0xc6,0x9e,0x6b,
    0xac,0xb9,0xc7,0x9c,0x83,0x30,0xad,0xd5,0x9c,0x5a,0xcb,0x39,0xc5,0x98,0x7b,0xcc,
    0xb1,0xe7,0x98,0x73,0x0f,0x92,0x73,0x94,0x3a,0x29,0xad,0x75,0x52,0x5a,0x4b,0xad,
    0xd5,0x9a,0x5a,0xab,0x35,0x93,0xd2,0x5a,0x69,0xad,0xc6,0x90,0x5a,0x8b,0x2d,0xc6,
    0x9c,0x5b,0x8b,0x31,0x67,0x52,0x5a,0x2c,0xa9,0xc5,0x58,0x5a,0x8a,0x31,0xc5,0x98,
    0x73,0x8b,0x2d,0xd7,0xd0,0x5a,0xae,0x29,0xc6,0x9c,0x53,0x8b,0x39,0xc7,0x5a,0x83,
    0x92,0xb1,0xf6,0x5e,0x5a,0xab,0x39,0xc5,0x98,0x7b,0x8a,0xad,0xe7,0x98,0x73,0x30,
    0x36,0xc7,0x9e,0x3b,0x4a,0xb9,0x96,0xd6,0x7a,0x2e,0xad,0xf5,0x5e,0x73,0x2e,0x42,
    0xd6,0xdc,0x8b,0x68,0x2d,0xe7,0xd4,0x6a,0x0f,0x2a,0xc6,0x9e,0x73,0xce,0xc1,0xd8,
    0xdc,0x83,0x10,0xad,0xe5,0x9c,0x6a,0xec,0x3d,0xc5,0xd8,0x7b,0xee,0x39,0x18,0xdb,
    0x73,0xf0,0xad,0xd6,0xe0,0x5b,0xcd,0x45,0xc8,0x9c,0x83,0xd0,0xb9,0xf8,0xa6,0x7b,
    0x30,0x46,0xd5,0xda,0x83,0xcc,0xb5,0x08,0x99,0x73,0x10,0x3a,0xe8,0x22,0x74,0xf0,
    0xc9,0x78,0x94,0x6a,0x2e,0xad,0xe5,0x5c,0x5a,0xeb,0x3d,0xd6,0x1a,0x7c,0xcd,0x39,
    0x08,0xd1,0x5a,0xee,0x29,0xc6,0xde,0x53,0x8b,0xbd,0xd7,0x9e,0x9b,0xb0,0xbd,0x07,
    0x21,0x5a,0xcb,0x3d,0xc5,0xd8,0x83,0x8a,0x31,0xf8,0x9a,0x73,0x30,0x3a,0xe7,0x62,
    0x54,0xad,0xc1,0xc7,0x9c,0x83,0x90,0xb5,0x16,0xa1,0x7b,0x2f,0x4a,0xe7,0x20,0x94,
    0xaa,0xb5,0x07,0x99,0x6b,0x50,0x32,0xd7,0x22,0x74,0xf0,0xc5,0xe8,0xa0,0x8b,0x2f,
    0x00,0x00,0x60,0xc0,0x01,0x00,0x20,0xc0,0x84,0x32,0x50,0x68,0xc8,0x8a,0x00,0x20,
    0x4e,0x00,0x80,0x41,0xc8,0x39,0xa5,0x18,0x84,0x4a,0x29,0x08,0xa1,0x84,0x94,0x42,
    0x28,0x29,0x55,0x8c,0x49,0xc8,0x98,0x83,0x92,0x31,0x27,0xa5,0x94,0x52,0x5a,0x08,
    0x25,0xb5,0x8a,0x31,0x08,0x99,0x63,0x52,0x32,0xc7,0xa4,0x84,0x12,0x5a,0x2a,0x25,
    0xb4,0x12,0x4a,0x69,0xa9,0x94,0xd2,0x5a,0x28,0xa5,0xb5,0x96,0x5a,0x8c,0x29,0xb5,
    0x16,0x43,0x29,0xa9,0x85,0x52,0x5a,0x2b,0xa5,0xb4,0x96,0x5a,0xaa,0x31,0xb5,0x56,
    0x63,0xc4,0x98,0x94,0xcc,0x39,0x29,0x99,0x63,0x52,0x4a,0x29,0xad,0x95,0x52,0x5a,
    0xab,0x1c,0x93,0x92,0x31,0x28,0xa9,0x83,0x90,0x4a,0x29,0x29,0xc5,0x52,0x52,0x8b,
    0x95,0x73,0x52,0x32,0xe8,0xa8,0x74,0x10,0x4a,0x2a,0xa9,0xc4,0x54,0x52,0x69,0xad,
    0xa4,0xd2,0x52,0x29,0xa5,0xc5,0x92,0x52,0x6c,0x29,0xc5,0x54,0x5b,0x8b,0xb5,0x86,
    0x52,0x5a,0x2c,0xa9,0xc4,0x56,0x52,0x6a,0x31,0xb5,0x54,0x5b,0x8b,0x31,0xd7,0x88,
    0x31,0x29,0x19,0x73,0x52,0x32,0xe7,0xa4,0x94,0x52,0x52,0x2b,0xa5,0xb4,0x96,0x39,
    0x27,0xa5,0x83,0x8e,0x4a,0xe6,0xa0,0xa4,0x92,0x52,0x6b,0xa5,0xa4,0x14,0x33,0xe6,
    0xa4,0x74,0x0e,0x4a,0xca,0x20,0xa3,0x52,0x52,0x8a,0x2d,0xa5,0x12,0x53,0x28,0xa5,
    0xb5,0x92,0x52,0x6c,0xa5,0xa4,0xd6,0x5a,0x8c,0xb5,0xa6,0xd4,0x5a,0x2d,0x25,0xb5,
    0x56,0x52,0x6a,0xb1,0x94,0x12,0x5b,0x8b,0x31,0xd7,0x16,0x4b,0x4d,0x9d,0x94,0xd6,
    0x4a,0x2a,0x31,0x86,0x52,0x5a,0x6b,0x31,0xe6,0x9a,0x5a,0x8b,0x31,0x94,0x12,0x5b,
    0x29,0x29,0xc6,0x92,0x4a,0x6c,0xad,0xc5,0x9a,0x5b,0x6c,0x39,0x86,0x52,0x5a,0x2c,
    0xa9,0xc4,0x56,0x4a,0x6a,0xb1,0xd5,0x96,0x63,0x6b,0xb1,0xe6,0xd4,0x52,0x8d,0x29,
    0xb5,0x9a,0x5b,0x6c,0xb9,0xc6,0x94,0x53,0x8f,0xb5,0xf6,0x9c,0x5a,0xab,0x35,0xb5,
    0x54,0x63,0x6b,0xb1,0xe6,0x58,0x5b,0x6f,0xb5,0xd6,0x9c,0x3b,0x29,0xad,0x85,0x52,
    0x5a,0x2b,0x25,0xc5,0x98,0x5a,0x8b,0xb1,0xc5,0x58,0x73,0x28,0x25,0xb6,0x92,0x52,
    0x6c,0xa5,0xa4,0x18,0x5b,0x6c,0xb9,0xb6,0x16,0x63,0x0f,0xa1,0xb4,0x58,0x4a,0x6a,
    0xb1,0xa4,0x12,0x63,0x6b,0x31,0xe6,0x18,0x5b,0x8e,0xa9,0xb5,0x5a,0x5b,0x6c,0xb9,
    0xa6,0xd4,0x62,0xad,0xb5,0xf6,0x1c,0x5b,0x6e,0x3d,0xa5,0x16,0x6b,0x8b,0xb1,0xe6,
    0xd2,0x52,0x8d,0x35,0xd7,0xde,0x63,0x4d,0x39,0x15,0x00,0x00,0x30,0xe0,0x00,0x00,
    0x10,0x60,0x42,0x19,0x28,0x34,0x64,0x25,0x00,0x10,0x05,0x00,0x00,0x18,0xc3,0x18,
    0x63,0x10,0x1a,0xa5,0x9c,0x73,0x4e,0x4a,0x83,0x94,0x73,0xce,0x49,0xc9,0x9c,0x83,
    0x10,0x42,0x4a,0x99,0x73,0x10,0x42,0x48,0x29,0x73,0x4e,0x42,0x4a,0x2d,0x65,0xce,
    0x41,0x48,0xa9,0xb5,0x50,0x4a,0x4a,0xad,0xc5,0x16,0x4a,0x49,0xa9,0xb5,0x16,0x0b,
    0x00,0x00,0x28,0x70,0x00,0x00,0x08,0xb0,0x41,0x53,0x62,0x71,0x80,0x42,0x43,0x56,
    0x02,0x00,0x51,0x00,0x00,0x88,0x31,0x4a,0x31,0x06,0xa1,0x31,0x46,0x29,0xe7,0x20,
    0x34,0xc6,0x28,0xc5,0x18,0x84,0x4a,0x29,0xc6,0x9c,0x93,0x50,0x29,0xc5,0x98,0x73,
    0x50,0x32,0xc7,0x9c,0x83,0x50,0x4a,0xe6,0x9c,0x73,0x10,0x4a,0x09,0x21,0x94,0x52,
    0x4a,0x4a,0x21,0x84,0x52,0x4a,0x49,0xa9,0x00,0x00,0x80,0x02,0x07,0x00,0x80,0x00,
    0x1b,0x34,0x25,0x16,0x07,0x28,0x34,0x64,0x45,0x00,0x10,0x05,0x00,0x00,0x18,0x63,
    0x9c,0x33,0xce,0x21,0x0a,0x9d,0xa5,0xce,0x52,0x24,0xa9,0xa3,0xd6,0x51,0x6b,0x28,
    0xa5,0x1a,0x4b,0x8c,0x9d,0xc6,0x56,0x7b,0xeb,0xb9,0xd3,0x1a,0x7b,0x6d,0xb9,0x37,
    0x94,0x4a,0x8d,0xa9,0xd6,0x8e,0x6b,0xcb,0xb9,0xd5,0xde,0x69,0x4d,0x3d,0xb7,0x1c,
    0x0b,0x00,0x00,0x3b,0x70,0x00,0x00,0x3b,0xb0,0x10,0x0a,0x0d,0x59,0x09,0x00,0xe4,
    0x01,0x00,0x10,0xc6,0x28,0xc5,0x98,0x73,0xce,0x19,0x85,0x18,0x73,0xce,0x39,0xe7,
    0x0c,0x52,0x8c,0x39,0xe7,0x9c,0x73,0x8a,0x31,0xe7,0x9c,0x83,0x10,0x42,0xc5,0x98,
    0x73,0xce,0x41,0x08,0x21,0x73,0xce,0x39,0x08,0xa1,0x84,0x92,0x39,0xe7,0x1c,0x84,
    0x10,0x4a,0xe8,0x9c,0x83,0x50,0x4a,0x29,0xa5,0x74,0xce,0x41,0x08,0xa1,0x94,0x52,
    0x3a,0xe7,0x20,0x84,0x52,0x4a,0x29,0x9d,0x73,0x10,0x4a,0x29,0xa5,0x94,0x02,0x00,
    0x80,0x0a,0x1c,0x00,0x00,0x02,0x6c,0x14,0xd9,0x9c,0x60,0x24,0xa8,0xd0,0x90,0x95,
    0x00,0x40,0x1e,0x00,0x00,0x60,0x0c,0x42,0xce,0x49,0x69,0xad,0x61,0xcc,0x39,0x08,
    0x2d,0xd5,0xd8,0x30,0xc6,0x1c,0x94,0x94,0x62,0x8b,0x9c,0x83,0x90,0x52,0x8b,0xb9,
    0x46,0xcc,0x41,0x48,0x29,0xc6,0xa0,0x3b,0x28,0x29,0xb5,0x18,0x6c,0xf0,0x9d,0x84,
    0x94,0x5a,0x8b,0x39,0x07,0x93,0x52,0x8b,0x35,0xe7,0xde,0x83,0x48,0xa9,0xb5,0x9a,
    0x83,0xce,0x3d,0xd5,0x56,0x73,0xcf,0xbd,0xf7,0x9c,0x62,0xac,0x35,0xe7,0xde,0x73,
    0x2f,0x00,0x00,0x77,0xc1,0x01,0x00,0xec,0xc0,0x46,0x91,0xcd,0x09,0x46,0x82,0x0a,
    0x0d,0x59,0x09,0x00,0xe4,0x01,0x00,0x10,0x08,0x29,0xc5,0x98,0x73,0xce,0x19,0xa5,
    0x18,0x73,0xcc,0x39,0xe7,0x8c,0x52,0x8c,0x31,0xe6,0x9c,0x73,0x8a,0x31,0xc6,0x9c,
    0x73,0xce,0x41,0xc5,0x18,0x63,0xce,0x39,0x07,0x21,0x63,0xcc,0x39,0xe7,0x20,0x84,
    0x90,0x31,0xe6,0x9c,0x73,0x10,0x42,0xe8,0x9c,0x73,0x0e,0x42,0x08,0x21,0x74,0xce,
    0x39,0x07,0x21,0x84,0x10,0x3a,0xe7,0xa0,0x83,0x10,0x42,0x08,0x9d,0x73,0x10,0x42,
    0x08,0x21,0x84,0x02,0x00,0x80,0x0a,0x1c,0x00,0x00,0x02,0x6c,0x14,0xd9,0x9c,0x60,
    0x24,0xa8,0xd0,0x90,0x95,0x00,0x40,0x38,0x00,0x00,0x00,0x21,0x84,0x10,0x42,0x08,
    0x21,0x84,0x10,0x42,0x08,0x21,0x84,0x10,0x42,0x08,0x21,0x84,0x10,0x42,0x08,0x21,
    0x84,0x10,0x42,0x08,0x21,0x84,0x10,0x42,0x08,0x21,0x84,0x10,0x42,0x08,0x21,0x84,
    0x10,0x42,0x08,0x21,0x84,0x10,0x42,0x08,0x21,0x84,0x10,0x42,0x08,0x21,0x84,0x10,
    0x42,0x08,0x21,0x84,0x10,0x42,0x08,0x21,0x84,0x10,0x42,0x08,0x21,0x84,0x10,0x42,
    0x08,0x21,0x84,0x10,0x42,0x08,0x21,0x84,0x10,0x42,0x08,0x21,0x84,0x10,0x42,0x08,
    0x21,0x84,0x10,0x42,0x08,0x21,0x84,0x10,0x42,0x08,0x21,0x84,0x10,0x42,0x08,0x21,
    0x84,0x10,0x42,0x08,0x21,0x84,0x10,0x42,0x08,0x21,0x84,0x10,0x42,0x08,0x21,0x84,
    0x10,0x42,0xe8,0x9c,0x73,0xce,0x39,0xe7,0x9c,0x73,0xce,0x39,0xe7,0x9c,0x73,0xce,
    0x39,0xe7,0x9c,0x73,0xce,0x39,0x27,0x00,0xc8,0xb7,0xc2,0x01,0xc0,0xff,0xc1,0xc6,
    0x19,0x56,0x92,0xce,0x0a,0x47,0x83,0x0b,0x0d,0x59,0x09,0x00,0x84,0x03,0x00,0x00,
    0x0a,0x41,0x28,0xa5,0x62,0x10,0x4a,0x29,0x25,0x92,0x4e,0x3a,0x29,0x9d,0x93,0x50,
    0x4a,0x29,0x91,0x83,0x52,0x4a,0xe9,0xa4,0x94,0x52,0x4a,0x09,0xa5,0x94,0x52,0x4a,
    0x08,0xa5,0x94,0x52,0x4a,0x08,0x1d,0x94,0x52,0x42,0x29,0xa5,0x94,0x52,0x4a,0x29,
    0xa5,0x94,0x52,0x4a,0x29,0xa5,0x94,0x52,0x3a,0x29,0xa5,0x94,0x52,0x4a,0x29,0xa5,
    0x94,0xca,0x39,0x29,0xa5,0x93,0x52,0x4a,0x29,0xa5,0x44,0xce,0x49,0x29,0x21,0x94,
    0x52,0x4a,0x29,0xa5,0x84,0x52,0x4a,0x29,0xa5,0x94,0x52,0x4a,0x29,0xa5,0x94,0x52,
    0x4a,0x29,0xa5,0x94,0x52,0x4a,0x29,0xa5,0x84,0x10,0x42,0x08,0x21,0x84,0x10,0x42,
    0x08,0x21,0x84,0x10,0x42,0x08,0x21,0x84,0x10,0x42,0x08,0x21,0x84,0x10,0x42,0x08,
    0x21,0x84,0x10,0x42,0x08,0x21,0x84,0x10,0x42,0x08,0x21,0x84,0x02,0x00,0xb8,0x1b,
    0x1c,0x00,0x20,0x12,0x6c,0x9c,0x61,0x25,0xe9,0xac,0x70,0x34,0xb8,0xd0,0x90,0x95,
    0x00,0x40,0x48,0x00,0x00,0xa0,0x14,0x73,0x8e,0x4a,0x08,0x29,0x94,0x90,0x52,0xa8,
    0x98,0xa2,0x8e,0x42,0x29,0x29,0xa4,0x52,0x4a,0x0a,0x11,0x63,0xce,0x49,0xea,0x1c,
    0x85,0x50,0x52,0x28,0xa9,0x83,0xca,0x39,0x08,0xa5,0xa4,0x94,0x42,0x2a,0x21,0x75,
    0xce,0x41,0x07,0x25,0x85,0x90,0x52,0x09,0x21,0x95,0x8e,0x3a,0xe8,0x28,0x94,0x50,
    0x52,0x2a,0x25,0x94,0xd2,0x39,0x28,0xa5,0x84,0x14,0x4a,0x4a,0x29,0x95,0x90,0x42,
    0x48,0xa9,0x74,0x94,0x52,0x28,0x25,0x95,0x94,0x42,0x2a,0x21,0x95,0x52,0x4a,0x48,
    0x25,0x95,0x10,0x4a,0x0a,0x9d,0xa4,0x54,0x4a,0x0a,0xa9,0xa4,0x54,0x52,0x08,0x9d,
    0x74,0x90,0x42,0x27,0x25,0xa4,0x92,0x4a,0x0a,0xa9,0x93,0x94,0x52,0x2a,0x25,0xa5,
    0x94,0x4a,0x4a,0x25,0x74,0x52,0x42,0x2a,0x29,0xa5,0x10,0x42,0x4a,0xa9,0x94,0x10,
    0x4a,0x48,0x29,0xa5,0x4e,0x52,0x49,0xa9,0xa4,0x14,0x42,0x28,0x21,0x85,0x94,0x52,
    0x4a,0x25,0xa5,0x92,0x4a,0x4a,0x21,0x95,0x54,0x42,0x09,0xa5,0xa4,0x94,0x52,0x28,
    0xa1,0xa4,0x54,0x52,0x4a,0x29,0xa5,0x92,0x52,0x29,0x00,0x00,0xe0,0xc0,0x01,0x00,
    0x20,0xc0,0x08,0x3a,0xc9,0xa8,0xb2,0x08,0x1b,0x4d,0xb8,0xf0,0x00,0x14,0x1a,0xb2,
    0x12,0x00,0x20,0x03,0x00,0x40,0x94,0x74,0xd6,0x69,0xa7,0x49,0x22,0x08,0x31,0x45,
    0x99,0x27,0x0d,0x29,0xc6,0x20,0xb5,0xa4,0x2c,0xc3,0x10,0x53,0x92,0x89,0xf1,0x14,
    0x63,0x8c,0x39,0x28,0x46,0x43,0x0e,0x31,0xe4,0x94,0x18,0x17,0x4a,0x08,0xa1,0x83,
    0x62,0x3c,0x26,0x95,0x43,0xca,0x50,0x51,0xb9,0xb7,0xd4,0x39,0x05,0xc5,0x16,0x63,
    0x7c,0xef,0xb1,0x17,0x01,0x00,0x00,0x08,0x02,0x00,0x04,0x84,0x04,0x00,0x18,0x20,
    0x28,0x98,0x01,0x00,0x06,0x07,0x08,0x23,0x07,0x02,0x1d,0x01,0x04,0x0e,0x6d,0x00,
    0x80,0x81,0x08,0x99,0x09,0x0c,0x0a,0xa1,0xc1,0x41,0x26,0x00,0x3c,0x40,0x44,0x48,
    0x05,0x00,0x89,0x09,0x8a,0xd2,0x85,0x2e,0x08,0x21,0x82,0x74,0x11,0x64,0xf1,0xc0,
    0x85,0x13,0x37,0x9e,0xb8,0xe1,0x84,0x0e,0x6d,0x10,0x00,0x00,0x00,0x00,0x00,0x10,
    0x00,0xf0,0x01,0x00,0x90,0x50,0x00,0x11,0x11,0xd1,0xcc,0x55,0x58,0x5c,0x60,0x64,
    0x68,0x6c,0x70,0x74,0x78,0x7c,0x80,0x84,0x04,0x00,0x00,0x00,0x00,0x00,0x08,0x00,
    0x7c,0x00,0x00,0x24,0x22,0x40,0x44,0x44,0x34,0x73,0x15,0x16,0x17,0x18,0x19,0x1a,
    0x1b,0x1c,0x1d,0x1e,0x1f,0x20,0x21,0x01,0x00,0x00,0x00,0x00,0x00,0x00,0x00,0x00,
    0x40,0x40,0x40,0x00,0x00,0x00,0x00,0x00,0x20,0x00,0x00,0x00,0x40,0x40,0x4f,0x67,
    0x67,0x53,0x00,0x04,0x00,0x1b,0x00,0x00,0x00,0x00,0x00,0x00,0xbe,0xf9,0xce,0xc1,
    0x02,0x00,0x00,0x00,0xbc,0xff,0xad,0xc5,0x10,0x4a,0x37,0x33,0x30,0x2f,0x29,0x29,
    0x25,0x26,0x28,0x26,0x23,0x23,0x24,0x21,0x4d,0x14,0x43,0xea,0x28,0xbb,0xfc,0x66,
    0x76,0x77,0x02,0x1a,0xc6,0x1f,0x0d,0x60,0xb3,0x19,0x35,0x7c,0x24,0x2b,0x0d,0x78,
    0x69,0x50,0x8d,0xe7,0xd6,0x87,0x7f,0x2d,0x0d,0x00,0x00,0xcc,0xb5,0x8c,0x1e,0x7c,
    0x1d,0xb4,0x26,0xcf,0x3b,0xb8,0x95,0x7a,0x2a,0x71,0x7e,0x73,0xe1,0x63,0x92,0x9c,
    0xa7,0xea,0xeb,0x51,0xb0,0x25,0x5b,0xc2,0xda,0x4d,0xcf,0x4e,0x18,0xd0,0x57,0xd9,
    0xe2,0xb6,0x1f,0x3c,0xc9,0x66,0xb4,0xf7,0xde,0xb4,0x87,0xc0,0x6b,0x06,0x00,0x68,
    0xd0,0x62,0x00,0xfb,0x06,0x2e,0x00,0xc0,0x5b,0x0c,0x4f,0xd6,0x0a,0x20,0x54,0xe5,
    0xd3,0xae,0x2b,0x00,0x00,0x80,0x08,0xd9,0xae,0x33,0x2a,0x4a,0x51,0x00,0x02,0xb3,
    0x07,0xbe,0x00,0x00,0xaf,0x3f,0xbe,0x6a,0x35,0x00,0xfa,0x59,0x5c,0xf7,0xbe,0xdf,
    0x77,0xf2,0xfd,0xce,0x07,0xa1,0x7e,0xd5,0x6a,0x55,0x00,0x58,0x43,0x07,0xb0,0x06,
    0xf6,0x81,0xc1,0x63,0x16,0x00,0x00,0x00,0x00,0xa8,0xa5,0x40,0x01,0x00,0x00,0x00,
    0x7c,0x68,0xb7,0x2e,0xc3,0x84,0x7a,0x54,0x77,0x00,0x70,0x08,0x00,0xfe,0x09,0x5c,
    0xcb,0x9f,0xf7,0x7d,0xb2,0x4a,0x3e,0x89,0xdb,0x69,0x8e,0x56,0x25,0x80,0x35,0xec,
    0x03,0x58,0x05,0x3a,0x30,0xbc,0x57,0x00,0x00,0x00,0x00,0x80,0xe1,0x47,0x00,0x00,
    0x00,0x00,0xc0,0xd6,0x0a,0x4c,0xd6,0x4f,0xfb,0x15,0x00,0xbe,0x00,0xde,0xe9,0x5b,
    0x7a,0xdf,0x9f,0xfb,0xf2,0xf9,0x15,0x02,0x7d,0xdf,0x6a,0x55,0x01,0xd8,0x00,0x80,
    0x55,0x60,0xa1,0x1c,0x7f,0x01,0x00,0x00,0x00,0x00,0x98,0xbf,0x50,0x00,0x00,0x00,
    0x00,0xfc,0x8b,0x00,0x78,0xf4,0x19,0x00,0x8c,0x04,0x0d,0x00,0xbe,0xb9,0x5b,0xaa,
    0xef,0xcf,0x7d,0x7e,0xff,0x45,0xfa,0x7c,0xa3,0x55,0x01,0x60,0x0d,0x0f,0x60,0x15,
    0x00,0x04,0xcb,0x05,0x00,0x00,0x00,0x00,0xe0,0x1f,0x01,0x00,0x00,0x00,0x80,0x1f,
    0x00,0x64,0x02,0xc0,0x01,0x9e,0x69,0x5b,0xe7,0xef,0xe7,0x1f,0xf8,0xf9,0xc9,0x07,
    0x7a,0x3f,0xd3,0x55,0x09,0x60,0x0d,0x07,0xa0,0x41,0xe9,0xef,0x06,0x00,0x00,0x00,
    0x00,0x80,0xa7,0x0a,0x00,0x60,0x81,0x2f,0x00,0xe0,0xd7,0x22,0x14,0x00,0x7e,0xf9,
    0x5a,0xa6,0x3f,0xef,0xfb,0xd7,0xdf,0x99,0x4f,0x7c,0xbd,0x87,0x55,0x05,0x60,0x00,
    0xbe,0xcf,0xf1,0xb9,0x02,0x00,0x00,0x00,0xf8,0x4b,0x00,0x8c,0x04,0xf8,0xba,0x09,
    0x68,0x0b,0x00,0x5e,0xc9,0x5a,0x26,0x3f,0xef,0xfb,0x37,0xef,0xc8,0x17,0xde,0xef,
    0x61,0x55,0x00,0xe8,0xc0,0x2a,0x00,0x45,0x16,0x00,0x00,0x00,0x00,0x00,0x00,0xf0,
    0x23,0x00,0xb8,0x21,0x00,0x76,0xc0,0x06,0x00,0x1e,0xa9,0x9a,0xeb,0xef,0xcf,0xfd,
    0xeb,0xa7,0x0a,0x81,0xe7,0x0d,0x56,0x01,0xb0,0x01,0x00,0x8d,0x06,0x9b,0xff,0x05,
    0x00,0x00,0x00,0x00,0x80,0x75,0x00,0x00,0x5e,0x00,0x00,0xfd,0x8b,0x03,0xe0,0x05,
    0x00,0x1e,0x99,0x1a,0xfd,0xaf,0xf7,0x1d,0xf8,0xe7,0x13,0x7b,0x87,0x55,0x8d,0x00,
    0x36,0x00,0xa0,0x41,0x39,0xfe,0xa7,0x00,0x00,0x00,0x00,0x00,0x6a,0x0f,0x00,0xe0,
    0xb5,0x00,0xc0,0x50,0x0e,0x18,0x02,0xbe,0x68,0x4a,0xf8,0x9f,0xff,0x16,0x78,0x78,
    0x76,0x4a,0xac,0x0a,0x00,0x03,0x68,0xf8,0x64,0x0c,0x00,0x00,0x80,0x06,0x00,0x88,
    0x51,0x00,0xf0,0x01,0x00,0xe0,0x7d,0x09,0x55,0x00,0xbe,0x58,0x4a,0xf0,0xef,0xff,
    0x2d,0xf0,0xe6,0xd9,0x29,0x56,0x01,0x90,0x02,0x0d,0x9f,0xcd,0xdf,0x05,0x00,0x00,
    0x00,0xff,0x07,0x00,0xf4,0x63,0x00,0x80,0xfe,0xa3,0x61,0x30,0x00,0x96,0x08,0x4a,
    0xf0,0x9f,0xff,0x16,0xb8,0xf3,0x81,0x3d,0xc6,0xaa,0x04,0x30,0x81,0x86,0xcf,0xe2,
    0x8b,0x08,0x00,0x00,0x00,0xb0,0xcf,0x00,0x00,0x7d,0x0a,0x00,0xe0,0xdf,0x84,0x66,
    0x03,0x0c,0x9f,0x33,0xa5,0x6e,0x3e,0x0a,0xca,0xb7,0x00,0x00,0xd0,0x40,0xe4,0xf0,
    0xad,0x06,0x00,0x00,0x00,0x48,0x1e,0xfc,0x2c,0x00,0xae,0x24,0x1e,0xc0,0x28,0xc1,
    0x4b,0x00,0x04,0xa9,0x33,0x39,0x1e,0xc1,0x07,0xb0,0xdb,0x01,0xd0,0xc4,0x39,0x3e,
    0x0f,0xda,0x2d,0xc9,0x2f,0xee,0xad,0x58,0x02,0xba,0x87,0xce,0x88,0x66,0x57,0x34,
    0xc7,0xf2,0x26,0x9a,0x37,0x6c,0x3f,0x3a,0x92,0x3c,0xb5,0xa3,0x96,0x78,0x22,0xc9,
    0xf3,0x9e,0xea,0x7e,0x7d,0x44,0xa3,0xad,0xfb,0xf5,0x69,0x12,0x35,0x0d,0xdb,0x8f,
    0x8e,0xa8,0xa9,0xed,0xbd,0x3e,0x92,0xd1,0x76,0x84,0x7d,0x7a,0x44,0x4d,0x2d,
};

static const unsigned char s_chime[] = {
    0x4f,0x67,0x67,0x53,0x00,0x02,0x00,0x00,0x00,0x00,0x00,0x00,0x00,0x00,0x58,0x9b,
    0x1b,0x2a,0x00,0x00,0x00,0x00,0x1e,0x62,0x77,0xd7,0x01,0x1e,0x01,0x76,0x6f,0x72,
    0x62,0x69,0x73,0x00,0x00,0x00,0x00,0x01,0x09,0x56,0x00,0x00,0xff,0xff,0xff,0xff,
    0x00,0x7d,0x00,0x00,0xff,0xff,0xff,0xff,0xa9,0x01,0x4f,0x67,0x67,0x53,0x00,0x00,
    0x00,0x00,0x00,0x00,0x00,0x00,0x00,0x00,0x58,0x9b,0x1b,0x2a,0x01,0x00,0x00,0x00,
    0x33,0x57,0xb6,0xb8,0x0e,0x32,0xff,0xff,0xff,0xff,0xff,0xff,0xff,0xff,0xff,0xff,
    0xff,0xff,0xc5,0x03,0x76,0x6f,0x72,0x62,0x69,0x73,0x0b,0x00,0x00,0x00,0x4c,0x61,
    0x76,0x66,0x35,0x33,0x2e,0x32,0x34,0x2e,0x32,0x01,0x00,0x00,0x00,0x13,0x00,0x00,
    0x00,0x65,0x6e,0x63,0x6f,0x64,0x65,0x72,0x3d,0x4c,0x61,0x76,0x66,0x35,0x33,0x2e,
    0x32,0x34,0x2e,0x32,0x01,0x05,0x76,0x6f,0x72,0x62,0x69,0x73,0x22,0x42,0x43,0x56,
    0x01,0x00,0x40,0x00,0x00,0x18,0x42,0x10,0x2a,0x05,0xad,0x63,0x8e,0x3a,0xc8,0x15,
    0x21,0x8c,0x19,0xa2,0xa0,0x42,0xca,0x29,0xc7,0x1d,0x42,0xd0,0x21,0xa3,0x24,0x43,
    0x88,0x3a,0xc6,0x35,0xc7,0x18,0x63,0x47,0xb9,0x64,0x8a,0x42,0xc9,0x81,0xd0,0x90,
    0x55,0x00,0x00,0x40,0x00,0x00,0xa4,0x1c,0x57,0x50,0x72,0x49,0x2d,0xe7,0x9c,0x73,
    0xa3,0x18,0x57,0xcc,0x71,0xe8,0x20,0xe7,0x9c,0x73,0xe5,0x20,0x67,0xcc,0x71,0x09,
    0x25,0xe7,0x9c,0x73,0x8e,0x39,0xe7,0x92,0x72,0x8e,0x31,0xe7,0x9c,0x73,0xa3,0x18,
    0x57,0x0e,0x72,0x29,0x2d,0xe7,0x9c,0x73,0x81,0x14,0x47,0x8a,0x71,0xa7,0x18,0xe7,
    0x9c,0x73,0xa4,0x1c,0x47,0x8a,0x71,0xa8,0x18,0xe7,0x9c,0x73,0x6d,0x31,0xb7,0x92,
    0x72,0xce,0x39,0xe7,0x9c,0x73,0xe6,0x20,0x87,0x52,0x72,0xae,0x35,0xe7,0x9c,0x73,
    0xa4,0x18,0x67,0x0e,0x72,0x0b,0x25,0xe7,0x9c,0x73,0xc6,0x20,0x67,0xcc,0x71,0xeb,
    0x20,0xe7,0x9c,0x73,0x8c,0x35,0xb7,0xd4,0x72,0xce,0x39,0xe7,0x9c,0x73,0xce,0x39,
    0xe7,0x9c,0x73,0xce,0x39,0xe7,0x9c,0x73,0x8c,0x31,0xe7,0x9c,0x73,0xce,0x39,0xe7,
    0x9c,0x73,0x6e,0x31,0xe7,0x16,0x73,0xae,0x39,0xe7,0x9c,0x73,0xce,0x39,0xe7,0x1c,
    0x73,0xce,0x39,0xe7,0x9c,0x73,0x20,0x34,0x64,0x15,0x00,0x90,0x00,0x00,0xa0,0xa1,
    0x28,0x8a,0xe2,0x28,0x0e,0x10,0x1a,0xb2,0x0a,0x00,0xc8,0x00,0x00,0x10,0x40,0x71,
    0x14,0x47,0x91,0x14,0x4b,0xb1,0x1c,0xcb,0xd1,0x24,0x0d,0x08,0x0d,0x59,0x05,0x00,
    0x00,0x01,0x00,0x08,0x00,0x00,0xa0,0x48,0x86,0xa4,0x48,0x8a,0xa5,0x58,0x8e,0x66,
    0x69,0x9e,0x26,0x7a,0xa2,0x28,0x9a,0xa2,0x2a,0xab,0xb2,0x69,0xca,0xb2,0x2c,0xcb,
    0xb2,0xeb,0xba,0x2e,0x10,0x1a,0xb2,0x0a,0x00,0x48,0x00,0x00,0x50,0x51,0x14,0xc5,
    0x70,0x14,0x07,0x08,0x0d,0x59,0x05,0x00,0x64,0x00,0x00,0x08,0x60,0x28,0x8a,0xa3,
    0x38,0x8e,0xe4,0x58,0x92,0xa5,0x59,0x9e,0x07,0x84,0x86,0xac,0x02,0x00,0x80,0x00,
    0x00,0x04,0x00,0x00,0x50,0x0c,0x47,0xb1,0x14,0x4d,0xf1,0x24,0xcf,0xf2,0x3c,0xcf,
    0xf3,0x3c,0xcf,0xf3,0x3c,0xcf,0xf3,0x3c,0xcf,0xf3,0x3c,0xcf,0xf3,0x3c,0xcf,0xf3,
    0x3c,0x0d,0x08,0x0d,0x59,0x05,0x00,0x20,0x00,0x00,0x00,0x82,0x28,0x64,0x18,0x03,
    0x42,0x43,0x56,0x01,0x00,0x40,0x00,0x00,0x08,0x21,0x1a,0x19,0x43,0x9d,0x52,0x12,
    0x5c,0x0a,0x16,0x42,0x1c,0x11,0x43,0x1d,0x42,0xce,0x43,0xa9,0xa5,0x83,0xe0,0x29,
    0x85,0x25,0x63,0xd2,0x53,0xac,0x41,0x08,0x21,0x7c,0xef,0x3d,0xf7,0xde,0x7b,0xef,
    0x81,0xd0,0x90,0x55,0x00,0x00,0x10,0x00,0x00,0x61,0x14,0x38,0x88,0x81,0xc7,0x24,
    0x08,0x21,0x84,0x62,0x14,0x27,0x44,0x71,0xa6,0x20,0x08,0x21,0x84,0xe5,0x24,0x58,
    0xca,0x79,0xe8,0x24,0x08,0xdd,0x83,0x10,0x42,0xb8,0x9c,0x7b,0xcb,0xb9,0xf7,0xde,
    0x7b,0x20,0x34,0x64,0x15,0x00,0x00,0x08,0x00,0xc0,0x20,0x84,0x10,0x42,0x08,0x21,
    0x84,0x10,0x42,0x08,0x29,0xa4,0x94,0x52,0x48,0x29,0xa6,0x98,0x62,0x8a,0x29,0xc7,
    0x1c,0x73,0xcc,0x31,0xc7,0x20,0x83,0x0c,0x32,0xe8,0xa0,0x93,0x4e,0x3a,0xc9,0xa4,
    0x92,0x4e,0x3a,0xca,0x24,0xa3,0x8e,0x52,0x6b,0x29,0xb5,0x14,0x53,0x4c,0xb1,0xe5,
    0x16,0x63,0xad,0xb5,0xd6,0x9c,0x73,0xaf,0x41,0x29,0x63,0x8c,0x31,0xc6,0x18,0x63,
    0x8c,0x31,0xc6,0x18,0x63,0x8c,0x31,0xc6,0x18,0x23,0x08,0x0d,0x59,0x05,0x00,0x80,
    0x00,0x00,0x10,0x06,0x19,0x64,0x90,0x41,0x08,0x21,0x84,0x14,0x52,0x48,0x29,0xa6,
    0x98,0x72,0xcc,0x31,0xc7,0x1c,0x03,0x42,0x43,0x56,0x01,0x00,0x80,0x00,0x00,0x02,
    0x00,0x00,0x00,0x1c,0x45,0x52,0x24,0x47,0x72,0x24,0x47,0x92,0x24,0xc9,0x92,0x2c,
    0x49,0x93,0x3c,0xcb,0xb3,0x3c,0xcb,0xb3,0x3c,0x4d,0xd4,0x44,0x4d,0x15,0x55,0xd5,
    0x55,0x6d,0xd7,0xf6,0x6d,0x5f,0xf6,0x6d,0xdf,0xd5,0x65,0xdf,0xf6,0x65,0xdb,0xd5,
    0x65,0x5d,0x96,0x65,0xdd,0xb5,0x6d,0x5d,0xd6,0x5d,0x5d,0xd7,0x75,0x5d,0xd7,0x75,
    0x5d,0xd7,0x75,0x5d,0xd7,0x75,0x5d,0xd7,0x75,0x5d,0xd7,0x81,0xd0,0x90,0x55,0x00,
    0x80,0x04,0x00,0x80,0x8e,0xe4,0x38,0x8e,0xe4,0x38,0x8e,0xe4,0x48,0x8e,0xa4,0x48,
    0x0a,0x10,0x1a,0xb2,0x0a,0x00,0x90,0x01,0x00,0x10,0x00,0x80,0xa3,0x38,0x8a,0xe3,
    0x48,0x8e,0xe4,0x58,0x8e,0x25,0x59,0x92,0x26,0x69,0x96,0x67,0x79,0x96,0xa7,0x79,
    0x9a,0xa8,0x89,0x1e,0x10,0x1a,0xb2,0x0a,0x00,0x00,0x04,0x00,0x10,0x00,0x00,0x00,
    0x00,0x00,0x80,0xa2,0x28,0x8a,0xa3,0x38,0x8e,0x24,0x59,0x96,0xa6,0x69,0x9e,0xa7,
    0x7a,0xa2,0x28,0x9a,0xaa,0xaa,0x8a,0xa6,0xa9,0xaa,0xaa,0x6a,0x9a,0xa6,0x69,0x9a,
    0xa6,0x69,0x9a,0xa6,0x69,0x9a,0xa6,0x69,0x9a,0xa6,0x69,0x9a,0xa6,0x69,0x9a,0xa6,
    0x69,0x9a,0xa6,0x69,0x9a,0xa6,0x69,0x9a,0xa6,0x69,0x9a,0xa6,0x69,0x02,0xa1,0x21,
    0xab,0x00,0x00,0x09,0x00,0x00,0x1d,0xc7,0x71,0x1c,0x47,0x71,0x1c,0xc7,0x71,0x24,
    0x47,0x92,0x24,0x20,0x34,0x64,0x15,0x00,0x20,0x03,0x00,0x20,0x00,0x00,0x43,0x51,
    0x1c,0x45,0x72,0x2c,0xc7,0x92,0x34,0x4b,0xb3,0x3c,0xcb,0xd3,0x44,0xcf,0xf4,0x5c,
    0x51,0x36,0x75,0x53,0x57,0x6d,0x20,0x34,0x64,0x15,0x00,0x00,0x08,0x00,0x20,0x00,
    0x00,0x00,0x00,0x00,0x00,0xc7,0x73,0x3c,0xc7,0x73,0x3c,0xc9,0x93,0x3c,0xcb,0x73,
    0x3c,0xc7,0x93,0x3c,0x49,0xd3,0x34,0x4d,0xd3,0x34,0x4d,0xd3,0x34,0x4d,0xd3,0x34,
    0x4d,0xd3,0x34,0x4d,0xd3,0x34,0x4d,0xd3,0x34,0x4d,0xd3,0x34,0x4d,0xd3,0x34,0x4d,
    0xd3,0x34,0x4d,0xd3,0x34,0x4d,0xd3,0x34,0x4d,0xd3,0x34,0x4d,0xd3,0x34,0x4d,0x03,
    0x42,0x43,0x56,0x02,0x00,0x64,0x00,0x00,0x10,0x93,0x90,0x4a,0x4e,0xb1,0x57,0x46,
    0x29,0xc6,0x24,0xb4,0x5e,0x2a,0xa4,0x14,0x93,0xd4,0x7b,0xa8,0x98,0x62,0x4c,0x3a,
    0xed,0xa9,0x42,0x06,0x29,0x07,0xb9,0x87,0x4a,0x21,0xa5,0xa0,0xd3,0xde,0x32,0xa5,
    0x90,0x52,0x0c,0x7b,0xa7,0x98,0x42,0xc8,0x18,0xea,0xa1,0x83,0x90,0x31,0x85,0xb0,
    0xd7,0xda,0x73,0xcf,0xbd,0xf7,0x1e,0x08,0x0d,0x59,0x11,0x00,0x44,0x01,0x00,0x00,
    0xc6,0x20,0xc6,0x10,0x63,0xc8,0x31,0x26,0x25,0x83,0x12,0x31,0xc7,0x24,0x64,0x52,
    0x22,0xe7,0x9c,0x94,0x4e,0x4a,0x26,0xa5,0xa4,0x56,0x5a,0xcc,0xa4,0x84,0x98,0x4a,
    0x8b,0x91,0x73,0x4e,0x4a,0x27,0x25,0x93,0x52,0x5a,0x0b,0xa9,0x65,0x92,0x4a,0x6b,
    0x25,0xa6,0x02,0x00,0x00,0x02,0x1c,0x00,0x00,0x02,0x2c,0x84,0x42,0x43,0x56,0x04,
    0x00,0x51,0x00,0x00,0x88,0x31,0x48,0x29,0xa4,0x14,0x52,0x4a,0x31,0xa7,0x98,0x43,
    0x4a,0x29,0xc7,0x94,0x63,0x48,0x29,0xe5,0x9c,0x72,0x4e,0x39,0xc7,0x98,0x74,0x10,
    0x2a,0xe7,0x18,0x74,0x0e,0x4a,0xa4,0x94,0x72,0x8e,0x39,0xa7,0x9c,0x73,0x12,0x32,
    0x07,0x95,0x73,0x0e,0x42,0x26,0x9d,0x00,0x00,0x80,0x00,0x07,0x00,0x80,0x00,0x0b,
    0xa1,0xd0,0x90,0x15,0x01,0x40,0x9c,0x00,0x00,0x80,0x90,0x73,0x8a,0x31,0x08,0x11,
    0x63,0x10,0x42,0x09,0x29,0x85,0x50,0x52,0xaa,0x9c,0x93,0xd2,0x41,0x49,0xa9,0x83,
    0x92,0x52,0x49,0xa9,0xc5,0x92,0x52,0x8c,0x95,0x73,0x52,0x3a,0x09,0x29,0x75,0x12,
    0x52,0x2a,0x29,0xc5,0x58,0x52,0x8a,0x2d,0xa4,0x54,0x63,0x69,0x2d,0xd7,0xd2,0x52,
    0x8d,0x2d,0xc6,0x9c,0x5b,0x8c,0xbd,0x86,0x94,0x62,0x2d,0xa9,0xd5,0x5a,0x5a,0xab,
    0xb9,0xc5,0x58,0x73,0x8b,0x35,0xf7,0xc8,0x39,0x4a,0x9d,0x94,0xd6,0x3a,0x29,0xad,
    0xa5,0xd6,0x6a,0x4d,0xad,0xd5,0xda,0x49,0x69,0x2d,0xa4,0xd6,0x62,0x69,0x2d,0xc6,
    0xd6,0x62,0xcd,0x29,0xc6,0x9c,0x33,0x29,0xad,0x85,0x96,0x62,0x2b,0xa9,0xc5,0xd8,
    0x62,0xcb,0x35,0xb5,0x98,0x73,0x69,0x2d,0xd7,0x14,0x63,0xcf,0x29,0xc6,0x9e,0x6b,
    0xac,0xb9,0xc7,0x9c,0x83,0x30,0xad,0xd5,0x9c,0x5a,0xcb,0x39,0xc5,0x98,0x7b,0xcc,
    0xb1,0xe7,0x98,0x73,0x0f,0x92,0x73,0x94,0x3a,0x29,0xad,0x75,0x52,0x5a,0x4b,0xad,
    0xd5,0x9a,0x5a,0xab,0x35,0x93,0xd2,0x5a,0x69,0xad,0xc6,0x90,0x5a,0x8b,0x2d,0xc6,
    0x9c,0x5b,0x8b,0x31,0x67,0x52,0x5a,0x2c,0xa9,0xc5,0x58,0x5a,0x8a,0x31,0xc5,0x98,
    0x73,0x8b,0x2d,0xd7,0xd0,0x5a,0xae,0x29,0xc6,0x9c,0x53,0x8b,0x39,0xc7,0x5a,0x83,
    0x92,0xb1,0xf6,0x5e,0x5a,0xab,0x39,0xc5,0x98,0x7b,0x8a,0xad,0xe7,0x98,0x73,0x30,
    0x36,0xc7,0x9e,0x3b,0x4a,0xb9,0x96,0xd6,0x7a,0x2e,0xad,0xf5,0x5e,0x73,0x2e,0x42,
    0xd6,0xdc,0x8b,0x68,0x2d,0xe7,0xd4,0x6a,0x0f,0x2a,0xc6,0x9e,0x73,0xce,0xc1,0xd8,
    0xdc,0x83,0x10,0xad,0xe5,0x9c,0x6a,0xec,0x3d,0xc5,0xd8,0x7b,0xee,0x39,0x18,0xdb,
    0x73,0xf0,0xad,0xd6,0xe0,0x5b,0xcd,0x45,0xc8,0x9c,0x83,0xd0,0xb9,0xf8,0xa6,0x7b,
    0x30,0x46,0xd5,0xda,0x83,0xcc,0xb5,0x08,0x99,0x73,0x10,0x3a,0xe8,0x22,0x74,0xf0,
    0xc9,0x78,0x94,0x6a,0x2e,0xad,0xe5,0x5c,0x5a,0xeb,0x3d,0xd6,0x1a,0x7c,0xcd,0x39,
    0x08,0xd1,0x5a,0xee,0x29,0xc6,0xde,0x53,0x8b,0xbd,0xd7,0x9e,0x9b,0xb0,0xbd,0x07,
    0x21,0x5a,0xcb,0x3d,0xc5,0xd8,0x83,0x8a,0x31,0xf8,0x9a,0x73,0x30,0x3a,0xe7,0x62,
    0x54,0xad,0xc1,0xc7,0x9c,0x83,0x90,0xb5,0x16,0xa1,0x7b,0x2f,0x4a,0xe7,0x20,0x94,
    0xaa,0xb5,0x07,0x99,0x6b,0x50,0x32,0xd7,0x22,0x74,0xf0,0xc5,0xe8,0xa0,0x8b,0x2f,
    0x00,0x00,0x60,0xc0,0x01,0x00,0x20,0xc0,0x84,0x32,0x50,0x68,0xc8,0x8a,0x00,0x20,
    0x4e,0x00,0x80,0x41,0xc8,0x39,0xa5,0x18,0x84,0x4a,0x29,0x08,0xa1,0x84,0x94,0x42,
    0x28,0x29,0x55,0x8c,0x49,0xc8,0x98,0x83,0x92,0x31,0x27,0xa5,0x94,0x52,0x5a,0x08,
    0x25,0xb5,0x8a,0x31,0x08,0x99,0x63,0x52,0x32,0xc7,0xa4,0x84,0x12,0x5a,0x2a,0x25,
    0xb4,0x12,0x4a,0x69,0xa9,0x94,0xd2,0x5a,0x28,0xa5,0xb5,0x96,0x5a,0x8c,0x29,0xb5,
    0x16,0x43,0x29,0xa9,0x85,0x52,0x5a,0x2b,0xa5,0xb4,0x96,0x5a,0xaa,0x31,0xb5,0x56,
    0x63,0xc4,0x98,0x94,0xcc,0x39,0x29,0x99,0x63,0x52,0x4a,0x29,0xad,0x95,0x52,0x5a,
    0xab,0x1c,0x93,0x92,0x31,0x28,0xa9,0x83,0x90,0x4a,0x29,0x29,0xc5,0x52,0x52,0x8b,
    0x95,0x73,0x52,0x32,0xe8,0xa8,0x74,0x10,0x4a,0x2a,0xa9,0xc4,0x54,0x52,0x69,0xad,
    0xa4,0xd2,0x52,0x29,0xa5,0xc5,0x92,0x52,0x6c,0x29,0xc5,0x54,0x5b,0x8b,0xb5,0x86,
    0x52,0x5a,0x2c,0xa9,0xc4,0x56,0x52,0x6a,0x31,0xb5,0x54,0x5b,0x8b,0x31,0xd7,0x88,
    0x31,0x29,0x19,0x73,0x52,0x32,0xe7,0xa4,0x94,0x52,0x52,0x2b,0xa5,0xb4,0x96,0x39,
    0x27,0xa5,0x83,0x8e,0x4a,0xe6,0xa0,0xa4,0x92,0x52,0x6b,0xa5,0xa4,0x14,0x33,0xe6,
    0xa4,0x74,0x0e,0x4a,0xca,0x20,0xa3,0x52,0x52,0x8a,0x2d,0xa5,0x12,0x53,0x28,0xa5,
    0xb5,0x92,0x52,0x6c,0xa5,0xa4,0xd6,0x5a,0x8c,0xb5,0xa6,0xd4,0x5a,0x2d,0x25,0xb5,
    0x56,0x52,0x6a,0xb1,0x94,0x12,0x5b,0x8b,0x31,0xd7,0x16,0x4b,0x4d,0x9d,0x94,0xd6,
    0x4a,0x2a,0x31,0x86,0x52,0x5a,0x6b,0x31,0xe6,0x9a,0x5a,0x8b,0x31,0x94,0x12,0x5b,
    0x29,0x29,0xc6,0x92,0x4a,0x6c,0xad,0xc5,0x9a,0x5b,0x6c,0x39,0x86,0x52,0x5a,0x2c,
    0xa9,0xc4,0x56,0x4a,0x6a,0xb1,0xd5,0x96,0x63,0x6b,0xb1,0xe6,0xd4,0x52,0x8d,0x29,
    0xb5,0x9a,0x5b,0x6c,0xb9,0xc6,0x94,0x53,0x8f,0xb5,0xf6,0x9c,0x5a,0xab,0x35,0xb5,
    0x54,0x63,0x6b,0xb1,0xe6,0x58,0x5b,0x6f,0xb5,0xd6,0x9c,0x3b,0x29,0xad,0x85,0x52,
    0x5a,0x2b,0x25,0xc5,0x98,0x5a,0x8b,0xb1,0xc5,0x58,0x73,0x28,0x25,0xb6,0x92,0x52,
    0x6c,0xa5,0xa4,0x18,0x5b,0x6c,0xb9,0xb6,0x16,0x63,0x0f,0xa1,0xb4,0x58,0x4a,0x6a,
    0xb1,0xa4,0x12,0x63,0x6b,0x31,0xe6,0x18,0x5b,0x8e,0xa9,0xb5,0x5a,0x5b,0x6c,0xb9,
    0xa6,0xd4,0x62,0xad,0xb5,0xf6,0x1c,0x5b,0x6e,0x3d,0xa5,0x16,0x6b,0x8b,0xb1,0xe6,
    0xd2,0x52,0x8d,0x35,0xd7,0xde,0x63,0x4d,0x39,0x15,0x00,0x00,0x30,0xe0,0x00,0x00,
    0x10,0x60,0x42,0x19,0x28,0x34,0x64,0x25,0x00,0x10,0x05,0x00,0x00,0x18,0xc3,0x18,
    0x63,0x10,0x1a,0xa5,0x9c,0x73,0x4e,0x4a,0x83,0x94,0x73,0xce,0x49,0xc9,0x9c,0x83,
    0x10,0x42,0x4a,0x99,0x73,0x10,0x42,0x48,0x29,0x73,0x4e,0x42,0x4a,0x2d,0x65,0xce,
    0x41,0x48,0xa9,0xb5,0x50,0x4a,0x4a,0xad,0xc5,0x16,0x4a,0x49,0xa9,0xb5,0x16,0x0b,
    0x00,0x00,0x28,0x70,0x00,0x00,0x08,0xb0,0x41,0x53,0x62,0x71,0x80,0x42,0x43,0x56,
    0x02,0x00,0x51,0x00,0x00,0x88,0x31,0x4a,0x31,0x06,0xa1,0x31,0x46,0x29,0xe7,0x20,
    0x34,0xc6,0x28,0xc5,0x18,0x84,0x4a,0x29,0xc6,0x9c,0x93,0x50,0x29,0xc5,0x98,0x73,
    0x50,0x32,0xc7,0x9c,0x83,0x50,0x4a,0xe6,0x9c,0x73,0x10,0x4a,0x09,0x21,0x94,0x52,
    0x4a,0x4a,0x21,0x84,0x52,0x4a,0x49,0xa9,0x00,0x00,0x80,0x02,0x07,0x00,0x80,0x00,
    0x1b,0x34,0x25,0x16,0x07,0x28,0x34,0x64,0x45,0x00,0x10,0x05,0x00,0x00,0x18,0x63,
    0x9c,0x33,0xce,0x21,0x0a,0x9d,0xa5,0xce,0x52,0x24,0xa9,0xa3,0xd6,0x51,0x6b,0x28,
    0xa5,0x1a,0x4b,0x8c,0x9d,0xc6,0x56,0x7b,0xeb,0xb9,0xd3,0x1a,0x7b,0x6d,0xb9,0x37,
    0x94,0x4a,0x8d,0xa9,0xd6,0x8e,0x6b,0xcb,0xb9,0xd5,0xde,0x69,0x4d,0x3d,0xb7,0x1c,
    0x0b,0x00,0x00,0x3b,0x70,0x00,0x00,0x3b,0xb0,0x10,0x0a,0x0d,0x59,0x09,0x00,0xe4,
    0x01,0x00,0x10,0xc6,0x28,0xc5,0x98,0x73,0xce,0x19,0x85,0x18,0x73,0xce,0x39,0xe7,
    0x0c,0x52,0x8c,0x39,0xe7,0x9c,0x73,0x8a,0x31,0xe7,0x9c,0x83,0x10,0x42,0xc5,0x98,
    0x73,0xce,0x41,0x08,0x21,0x73,0xce,0x39,0x08,0xa1,0x84,0x92,0x39,0xe7,0x1c,0x84,
    0x10,0x4a,0xe8,0x9c,0x83,0x50,0x4a,0x29,0xa5,0x74,0xce,0x41,0x08,0xa1,0x94,0x52,
    0x3a,0xe7,0x20,0x84,0x52,0x4a,0x29,0x9d,0x73,0x10,0x4a,0x29,0xa5,0x94,0x02,0x00,
    0x80,0x0a,0x1c,0x00,0x00,0x02,0x6c,0x14,0xd9,0x9c,0x60,0x24,0xa8,0xd0,0x90,0x95,
    0x00,0x40,0x1e,0x00,0x00,0x60,0x0c,0x42,0xce,0x49,0x69,0xad,0x61,0xcc,0x39,0x08,
    0x2d,0xd5,0xd8,0x30,0xc6,0x1c,0x94,0x94,0x62,0x8b,0x9c,0x83,0x90,0x52,0x8b,0xb9,
    0x46,0xcc,0x41,0x48,0x29,0xc6,0xa0,0x3b,0x28,0x29,0xb5,0x18,0x6c,0xf0,0x9d,0x84,
    0x94,0x5a,0x8b,0x39,0x07,0x93,0x52,0x8b,0x35,0xe7,0xde,0x83,0x48,0xa9,0xb5,0x9a,
    0x83,0xce,0x3d,0xd5,0x56,0x73,0xcf,0xbd,0xf7,0x9c,0x62,0xac,0x35,0xe7,0xde,0x73,
    0x2f,0x00,0x00,0x77,0xc1,0x01,0x00,0xec,0xc0,0x46,0x91,0xcd,0x09,0x46,0x82,0x0a,
    0x0d,0x59,0x09,0x00,0xe4,0x01,0x00,0x10,0x08,0x29,0xc5,0x98,0x73,0xce,0x19,0xa5,
    0x18,0x73,0xcc,0x39,0xe7,0x8c,0x52,0x8c,0x31,0xe6,0x9c,0x73,0x8a,0x31,0xc6,0x9c,
    0x73,0xce,0x41,0xc5,0x18,0x63,0xce,0x39,0x07,0x21,0x63,0xcc,0x39,0xe7,0x20,0x84,
    0x90,0x31,0xe6,0x9c,0x73,0x10,0x42,0xe8,0x9c,0x73,0x0e,0x42,0x08,0x21,0x74,0xce,
    0x39,0x07,0x21,0x84,0x10,0x3a,0xe7,0xa0,0x83,0x10,0x42,0x08,0x9d,0x73,0x10,0x42,
    0x08,0x21,0x84,0x02,0x00,0x80,0x0a,0x1c,0x00,0x00,0x02,0x6c,0x14,0xd9,0x9c,0x60,
    0x24,0xa8,0xd0,0x90,0x95,0x00,0x40,0x38,0x00,0x00,0x00,0x21,0x84,0x10,0x42,0x08,
    0x21,0x84,0x10,0x42,0x08,0x21,0x84,0x10,0x42,0x08,0x21,0x84,0x10,0x42,0x08,0x21,
    0x84,0x10,0x42,0x08,0x21,0x84,0x10,0x42,0x08,0x21,0x84,0x10,0x42,0x08,0x21,0x84,
    0x10,0x42,0x08,0x21,0x84,0x10,0x42,0x08,0x21,0x84,0x10,0x42,0x08,0x21,0x84,0x10,
    0x42,0x08,0x21,0x84,0x10,0x42,0x08,0x21,0x84,0x10,0x42,0x08,0x21,0x84,0x10,0x42,
    0x08,0x21,0x84,0x10,0x42,0x08,0x21,0x84,0x10,0x42,0x08,0x21,0x84,0x10,0x42,0x08,
    0x21,0x84,0x10,0x42,0x08,0x21,0x84,0x10,0x42,0x08,0x21,0x84,0x10,0x42,0x08,0x21,
    0x84,0x10,0x42,0x08,0x21,0x84,0x10,0x42,0x08,0x21,0x84,0x10,0x42,0x08,0x21,0x84,
    0x10,0x42,0xe8,0x9c,0x73,0xce,0x39,0xe7,0x9c,0x73,0xce,0x39,0xe7,0x9c,0x73,0xce,
    0x39,0xe7,0x9c,0x73,0xce,0x39,0x27,0x00,0xc8,0xb7,0xc2,0x01,0xc0,0xff,0xc1,0xc6,
    0x19,0x56,0x92,0xce,0x0a,0x47,0x83,0x0b,0x0d,0x59,0x09,0x00,0x84,0x03,0x00,0x00,
    0x0a,0x41,0x28,0xa5,0x62,0x10,0x4a,0x29,0x25,0x92,0x4e,0x3a,0x29,0x9d,0x93,0x50,
    0x4a,0x29,0x91,0x83,0x52,0x4a,0xe9,0xa4,0x94,0x52,0x4a,0x09,0xa5,0x94,0x52,0x4a,
    0x08,0xa5,0x94,0x52,0x4a,0x08,0x1d,0x94,0x52,0x42,0x29,0xa5,0x94,0x52,0x4a,0x29,
    0xa5,0x94,0x52,0x4a,0x29,0xa5,0x94,0x52,0x3a,0x29,0xa5,0x94,0x52,0x4a,0x29,0xa5,
    0x94,0xca,0x39,0x29,0xa5,0x93,0x52,0x4a,0x29,0xa5,0x44,0xce,0x49,0x29,0x21,0x94,
    0x52,0x4a,0x29,0xa5,0x84,0x52,0x4a,0x29,0xa5,0x94,0x52,0x4a,0x29,0xa5,0x94,0x52,
    0x4a,0x29,0xa5,0x94,0x52,0x4a,0x29,0xa5,0x84,0x10,0x42,0x08,0x21,0x84,0x10,0x42,
    0x08,0x21,0x84,0x10,0x42,0x08,0x21,0x84,0x10,0x42,0x08,0x21,0x84,0x10,0x42,0x08,
    0x21,0x84,0x10,0x42,0x08,0x21,0x84,0x10,0x42,0x08,0x21,0x84,0x02,0x00,0xb8,0x1b,
    0x1c,0x00,0x20,0x12,0x6c,0x9c,0x61,0x25,0xe9,0xac,0x70,0x34,0xb8,0xd0,0x90,0x95,
    0x00,0x40,0x48,0x00,0x00,0xa0,0x14,0x73,0x8e,0x4a,0x08,0x29,0x94,0x90,0x52,0xa8,
    0x98,0xa2,0x8e,0x42,0x29,0x29,0xa4,0x52,0x4a,0x0a,0x11,0x63,0xce,0x49,0xea,0x1c,
    0x85,0x50,0x52,0x28,0xa9,0x83,0xca,0x39,0x08,0xa5,0xa4,0x94,0x42,0x2a,0x21,0x75,
    0xce,0x41,0x07,0x25,0x85,0x90,0x52,0x09,0x21,0x95,0x8e,0x3a,0xe8,0x28,0x94,0x50,
    0x52,0x2a,0x25,0x94,0xd2,0x39,0x28,0xa5,0x84,0x14,0x4a,0x4a,0x29,0x95,0x90,0x42,
    0x48,0xa9,0x74,0x94,0x52,0x28,0x25,0x95,0x94,0x42,0x2a,0x21,0x95,0x52,0x4a,0x48,
    0x25,0x95,0x10,0x4a,0x0a,0x9d,0xa4,0x54,0x4a,0x0a,0xa9,0xa4,0x54,0x52,0x08,0x9d,
    0x74,0x90,0x42,0x27,0x25,0xa4,0x92,0x4a,0x0a,0xa9,0x93,0x94,0x52,0x2a,0x25,0xa5,
    0x94,0x4a,0x4a,0x25,0x74,0x52,0x42,0x2a,0x29,0xa5,0x10,0x42,0x4a,0xa9,0x94,0x10,
    0x4a,0x48,0x29,0xa5,0x4e,0x52,0x49,0xa9,0xa4,0x14,0x42,0x28,0x21,0x85,0x94,0x52,
    0x4a,0x25,0xa5,0x92,0x4a,0x4a,0x21,0x95,0x54,0x42,0x09,0xa5,0xa4,0x94,0x52,0x28,
    0xa1,0xa4,0x54,0x52,0x4a,0x29,0xa5,0x92,0x52,0x29,0x00,0x00,0xe0,0xc0,0x01,0x00,
    0x20,0xc0,0x08,0x3a,0xc9,0xa8,0xb2,0x08,0x1b,0x4d,0xb8,0xf0,0x00,0x14,0x1a,0xb2,
    0x12,0x00,0x20,0x03,0x00,0x40,0x94,0x74,0xd6,0x69,0xa7,0x49,0x22,0x08,0x31,0x45,
    0x99,0x27,0x0d,0x29,0xc6,0x20,0xb5,0xa4,0x2c,0xc3,0x10,0x53,0x92,0x89,0xf1,0x14,
    0x63,0x8c,0x39,0x28,0x46,0x43,0x0e,0x31,0xe4,0x94,0x18,0x17,0x4a,0x08,0xa1,0x83,
    0x62,0x3c,0x26,0x95,0x43,0xca,0x50,0x51,0xb9,0xb7,0xd4,0x39,0x05,0xc5,0x16,0x63,
    0x7c,0xef,0xb1,0x17,0x01,0x00,0x00,0x08,0x02,0x00,0x04,0x84,0x04,0x00,0x18,0x20,
    0x28,0x98,0x01,0x00,0x06,0x07,0x08,0x23,0x07,0x02,0x1d,0x01,0x04,0x0e,0x6d,0x00,
    0x80,0x81,0x08,0x99,0x09,0x0c,0x0a,0xa1,0xc1,0x41,0x26,0x00,0x3c,0x40,0x44,0x48,
    0x05,0x00,0x89,0x09,0x8a,0xd2,0x85,0x2e,0x08,0x21,0x82,0x74,0x11,0x64,0xf1,0xc0,
    0x85,0x13,0x37,0x9e,0xb8,0xe1,0x84,0x0e,0x6d,0x10,0x00,0x00,0x00,0x00,0x00,0x10,
    0x00,0xf0,0x01,0x00,0x90,0x50,0x00,0x11,0x11,0xd1,0xcc,0x55,0x58,0x5c,0x60,0x64,
    0x68,0x6c,0x70,0x74,0x78,0x7c,0x80,0x84,0x04,0x00,0x00,0x00,0x00,0x00,0x08,0x00,
    0x7c,0x00,0x00,0x24,0x22,0x40,0x44,0x44,0x34,0x73,0x15,0x16,0x17,0x18,0x19,0x1a,
    0x1b,0x1c,0x1d,0x1e,0x1f,0x20,0x21,0x01,0x00,0x00,0x00,0x00,0x00,0x00,0x00,0x00,
    0x40,0x40,0x40,0x00,0x00,0x00,0x00,0x00,0x20,0x00,0x00,0x00,0x40,0x40,0x4f,0x67,
    0x67,0x53,0x00,0x04,0x40,0x2f,0x00,0x00,0x00,0x00,0x00,0x00,0x58,0x9b,0x1b,0x2a,
    0x02,0x00,0x00,0x00,0xb7,0x2e,0x0c,0x18,0x1a,0x46,0x37,0x41,0x3c,0x33,0x38,0x32,
    0x2a,0x2c,0x2c,0x2a,0x2f,0x2e,0x29,0x29,0x2d,0x2e,0x28,0x2b,0x2f,0x2f,0x2c,0x2b,
    0x2e,0x2e,0x1e,0x04,0xb3,0xf6,0x20,0xda,0x5e,0x26,0xbb,0xdd,0x00,0x3c,0x01,0xc0,
    0xc7,0xaf,0x1d,0xf8,0x69,0x4f,0x00,0x24,0x8e,0x4f,0xdb,0x96,0x5d,0x00,0x1a,0x0f,
    0x2d,0xd4,0x71,0x32,0xc2,0x21,0x92,0xb5,0x86,0xd3,0xed,0x55,0x95,0xa7,0xfb,0xee,
    0xd6,0xda,0xfa,0x22,0x21,0x10,0x00,0x80,0x8c,0x53,0x7c,0x18,0x47,0x71,0x33,0xba,
    0x3f,0xca,0x00,0x00,0xd8,0x9f,0xa7,0x00,0x00,0x24,0xbb,0xd6,0x20,0xde,0x3e,0x5d,
    0xda,0x68,0xfa,0x00,0x40,0x17,0x00,0xd8,0xef,0xa4,0x12,0x3a,0x80,0x5f,0x3f,0x6e,
    0x84,0xc4,0x24,0x00,0x00,0x00,0x00,0x4c,0x71,0x4f,0x57,0xb6,0xc2,0x3e,0x13,0x4e,
    0xec,0x05,0x00,0x20,0xc4,0xce,0xc7,0x91,0x81,0x39,0x37,0x03,0x50,0xdf,0x12,0x01,
    0x3a,0xa9,0xdb,0x7d,0xfe,0xeb,0xf6,0x7b,0xd7,0x91,0x47,0xf4,0xf4,0x6b,0x5d,0x6b,
    0x04,0x4c,0xac,0x82,0x63,0x95,0x85,0x07,0x10,0xff,0x73,0xaf,0xa8,0x00,0xa0,0x00,
    0xe0,0xbd,0x02,0x0f,0x31,0x02,0xe0,0x9a,0x04,0x00,0x35,0x4c,0x67,0x50,0x58,0x30,
    0xef,0x2f,0xbb,0xf4,0xd9,0xf6,0x90,0x02,0xde,0x02,0x27,0x00,0x00,0xbf,0x50,0x19,
    0x00,0x7e,0x89,0x3b,0xfe,0xb3,0xaf,0xdb,0x1f,0xac,0xa7,0x48,0xbf,0x76,0xb5,0x06,
    0x30,0x02,0x83,0x58,0x05,0x58,0x05,0x1e,0x00,0x5f,0x58,0x00,0x00,0x70,0x05,0x00,
    0x00,0xa8,0xab,0x19,0x00,0xa0,0x57,0xa0,0xdb,0x00,0x00,0xb2,0x0d,0x00,0xd4,0x9e,
    0x76,0xd8,0x2f,0xbe,0x3f,0x9b,0x05,0xe0,0xa0,0x6b,0x2b,0x80,0x02,0x5e,0x69,0x5b,
    0x7f,0xfa,0xf5,0x6c,0xdb,0xb3,0xe4,0x29,0x5f,0x79,0x7c,0x15,0xc0,0x08,0x80,0xc6,
    0x2a,0x20,0x01,0xca,0xde,0x06,0x00,0x00,0x00,0x00,0x00,0xe0,0xee,0x54,0x05,0xc0,
    0x4d,0x00,0xc0,0x62,0xa3,0xd0,0xec,0x5f,0x22,0x80,0xfe,0x00,0xe8,0xc4,0xfb,0x12,
    0xbe,0x39,0x3b,0x7d,0xfe,0xfb,0xda,0xda,0xea,0xad,0x28,0x45,0x3c,0xe5,0xf0,0x55,
    0x03,0x18,0x81,0x82,0x55,0x80,0x55,0xe0,0x12,0x80,0x90,0x09,0x00,0x00,0x00,0x00,
    0x00,0xf8,0xc1,0x54,0x00,0x00,0x00,0xde,0x01,0x00,0xaa,0x07,0x00,0x7f,0xb0,0x03,
    0x67,0x8c,0xdc,0x87,0xe5,0x01,0x1e,0x00,0x5e,0xb9,0x3a,0xff,0xf3,0x8f,0x71,0xb3,
    0x51,0x93,0xa3,0xff,0x52,0xbe,0xaa,0x00,0x72,0xa0,0xa0,0xb1,0x0a,0x1c,0x00,0xd6,
    0xd8,0x02,0x00,0x00,0x00,0x00,0x00,0x1e,0x6e,0x03,0x00,0x66,0x00,0xf0,0xc7,0x08,
    0xac,0x75,0x6f,0xfc,0x5a,0x22,0x00,0xe0,0xbf,0x00,0x1e,0x89,0x5a,0xff,0x57,0xbe,
    0xef,0xb6,0xe7,0x9c,0x79,0xc2,0x57,0x3f,0x35,0xc8,0x08,0xda,0x00,0x40,0x8b,0xfd,
    0x7d,0x07,0x9c,0xff,0xef,0x14,0x00,0x00,0xe0,0x6a,0x09,0x34,0x00,0x3b,0x40,0x0f,
    0x40,0xff,0x11,0x00,0x1e,0xe9,0x19,0xff,0x2b,0x3f,0xef,0x61,0x7b,0xb6,0x7c,0xa2,
    0xff,0x7d,0xf8,0xaa,0x02,0xc8,0x08,0xea,0x03,0xb0,0x26,0x02,0x00,0x00,0xe0,0x92,
    0xf4,0x62,0xfb,0xd2,0x02,0x00,0xe0,0x7f,0xd5,0xa0,0x00,0x78,0x00,0x9f,0x13,0x00,
    0xfe,0xd8,0x99,0xff,0xd7,0xcf,0x73,0xdc,0xee,0x8d,0xa7,0x2d,0xad,0xd1,0xaa,0x04,
    0xc8,0x81,0x01,0xea,0x03,0x60,0x67,0x03,0x00,0x00,0x00,0x00,0x00,0xd4,0x6b,0x03,
    0x0a,0xea,0xdf,0xc1,0x6b,0x58,0xdb,0x02,0xd0,0x01,0x36,0x09,0xde,0xc8,0x19,0xfe,
    0xcb,0xaf,0x67,0xd8,0xd9,0x87,0x48,0x5b,0xb4,0xad,0xab,0x06,0x30,0x01,0x1f,0xa0,
    0xf6,0x15,0x00,0x00,0x00,0x10,0xa8,0xcb,0xb3,0xc6,0x66,0xaf,0x10,0x40,0x07,0x00,
    0xf0,0xa3,0x0c,0xf0,0x48,0x00,0x9e,0xb8,0x19,0xff,0x2b,0xdf,0x4f,0xb7,0x67,0xb5,
    0x7c,0xe1,0xab,0x9f,0x75,0x55,0x01,0x64,0x04,0x6d,0x00,0xf0,0x3c,0x11,0x00,0x00,
    0x60,0xa1,0xa8,0xfe,0xfc,0x23,0xcc,0xf6,0xa5,0x39,0x00,0x00,0xbf,0x1c,0x01,0x05,
    0xc0,0x03,0x00,0x7c,0x26,0xbe,0xb8,0x99,0xff,0x2b,0xbf,0xce,0xb6,0x7b,0x0d,0x1e,
    0x4f,0xeb,0xa5,0xab,0x06,0x20,0x07,0x0a,0xd0,0x00,0xe0,0xad,0x1d,0x00,0x00,0x00,
    0x00,0x00,0xf0,0x5f,0x60,0x81,0x30,0x76,0xee,0xd2,0xcb,0x2e,0x94,0x0a,0x00,0x00,
    0x00,0x7c,0x12,0x7e,0xc8,0x29,0xff,0xe9,0xd7,0xbb,0x6c,0xd7,0x92,0x3f,0xf4,0xdf,
    0x79,0x55,0x01,0x64,0x80,0x0f,0xe0,0x4b,0x89,0x00,0x00,0x00,0xa4,0xcc,0xe5,0xeb,
    0x69,0xf3,0xc9,0x0c,0x00,0x40,0xbf,0x95,0x00,0xfe,0x65,0x6f,0x7e,0xb8,0x19,0xfe,
    0xe9,0xe7,0xd9,0x76,0xce,0x91,0x4f,0xbc,0x7b,0x62,0x55,0x02,0x64,0x40,0x03,0xc0,
    0x0f,0x18,0x00,0x00,0x00,0x8b,0x74,0x41,0x33,0xeb,0x1e,0x5d,0x2c,0x00,0x00,0x57,
    0x2b,0x00,0x00,0xfb,0x05,0x9e,0x88,0x19,0x3f,0xff,0xf3,0xf6,0xfb,0x9d,0x96,0x4f,
    0x2c,0xab,0x5c,0x05,0x30,0x02,0x00,0x0d,0x00,0xec,0x0c,0x00,0x00,0x00,0x00,0x00,
    0xa0,0xfe,0x18,0x00,0x00,0x8c,0x6e,0x41,0xe2,0xc9,0x7e,0x9f,0x02,0x74,0x00,0x00,
    0x3e,0x09,0x7e,0x98,0x19,0x3e,0xe7,0xe7,0x59,0xb6,0xfb,0xca,0x57,0xee,0x54,0xeb,
    0xaa,0x04,0xc8,0x81,0x41,0xc0,0x07,0x01,0x5d,0x06,0x00,0x00,0x00,0x00,0x00,0x50,
    0xd7,0x05,0x30,0x05,0x32,0xae,0x7c,0x03,0x9f,0x01,0x14,0x00,0x7e,0x27,0x02,0x0a,
    0x7e,0xa8,0x69,0x9f,0xfe,0x3c,0xcb,0x46,0xac,0x7c,0x45,0xaf,0xb4,0xae,0x1a,0x80,
    0x0c,0x68,0x00,0x54,0x82,0x15,0x00,0x00,0x00,0x3b,0x9d,0xaa,0xea,0x19,0x3e,0x03,
    0x00,0xe0,0xe6,0x08,0x00,0xa0,0x2e,0x03,0x9e,0xa8,0x19,0x3e,0xfd,0xf5,0x0c,0x5b,
    0xb1,0x0a,0x09,0xbd,0x33,0x56,0x15,0x40,0x0e,0x00,0x34,0x00,0x58,0x0a,0x03,0x00,
    0x00,0x00,0x00,0x00,0xfe,0x66,0x05,0xb4,0x24,0x17,0x9f,0xbb,0x3a,0x2c,0x00,0x00,
    0x78,0x15,0x01,0x9e,0xa8,0x99,0x3f,0xf1,0xf3,0x2e,0x3b,0xfb,0x16,0x39,0x35,0x69,
    0x55,0x02,0xe4,0x00,0x04,0xd1,0x01,0xfa,0x49,0x69,0x00,0x00,0x00,0x00,0x00,0x80,
    0x97,0x05,0x2c,0xab,0x9d,0x71,0xf5,0xdc,0x01,0x28,0x00,0x58,0x00,0xe0,0xad,0x68,
    0x01,0x00,0x7e,0xb8,0x59,0x3e,0xf1,0xfd,0x1c,0x77,0xc6,0x99,0x2f,0xbc,0xdb,0x6e,
    0x55,0x01,0xe4,0xc0,0x00,0x11,0x00,0x1c,0x86,0x00,0x00,0x00,0x00,0x00,0x80,0x7a,
    0x0f,0x00,0xc1,0x20,0xf2,0x4e,0x66,0xbd,0x5e,0x00,0x1d,0x00,0xbf,0x10,0xd0,0x0b,
    0x00,0x9e,0x98,0x99,0x1f,0xfa,0x79,0x0f,0x5b,0x3a,0xf3,0x15,0xbd,0x33,0x56,0x0d,
    0x40,0x0e,0x0c,0x80,0x52,0xc0,0x97,0x6d,0x00,0x00,0x00,0x00,0x00,0x40,0x7d,0x68,
    0x01,0x53,0x19,0x7d,0x9b,0x4d,0xb9,0x61,0x1b,0x00,0x2f,0xe9,0x00,0x9e,0xc8,0x59,
    0x3e,0xfd,0x79,0x0e,0xa7,0x95,0x91,0x2f,0x68,0xdb,0xad,0x1a,0x80,0x14,0x84,0x28,
    0xa8,0x2f,0x4c,0x00,0x00,0x00,0x2c,0x64,0x6f,0xe7,0xbc,0xaf,0x01,0xc0,0x28,0x1d,
    0xb8,0x67,0x81,0x97,0x05,0x20,0xf5,0x02,0x9e,0xc8,0x59,0x3e,0xf1,0xf3,0x2c,0xa7,
    0xbb,0x47,0x7e,0x72,0x32,0x69,0x55,0x01,0x64,0xa0,0x12,0xe0,0x69,0x18,0x00,0x00,
    0x20,0x75,0xdd,0x8f,0x6b,0xef,0x0e,0x00,0x80,0xdf,0x03,0x20,0x78,0xe0,0x0c,0xef,
    0x29,0x20,0x11,0x16,0x34,0x00,0x9e,0xc8,0x39,0x7f,0xf2,0x73,0xf8,0xd3,0xfb,0xa4,
    0x58,0xd1,0x3a,0xd2,0xda,0x39,0x01,0x4a,0x40,0x18,0x15,0x4e,0xe4,0xb1,0xff,0x2e,
    0x71,0x37,0x96,0x81,0x1f,0xd1,0x00,0x80,0xd9,0xa1,0xda,0x01,0xe0,0x6e,0x05,0x01,
    0xa0,0x7a,0x85,0x03,0x9e,0xf8,0xf9,0xad,0x44,0x94,0xf3,0xfd,0xe3,0x71,0x40,0x4e,
    0xf8,0x24,0x00,0x00,0x00,0xd7,0xe1,0x9f,0x87,0x5b,0x5c,0x0d,0x00,0x30,0x3f,0xe7,
    0x5d,0x03,
};

static const unsigned char s_xylophone[] = {
    0x4f,0x67,0x67,0x53,0x00,0x02,0x00,0x00,0x00,0x00,0x00,0x00,0x00,0x00,0x59,0x30,
    0xb7,0xdf,0x00,0x00,0x00,0x00,0xc5,0x52,0x78,0x60,0x01,0x1e,0x01,0x76,0x6f,0x72,
    0x62,0x69,0x73,0x00,0x00,0x00,0x00,0x01,0x09,0x56,0x00,0x00,0xff,0xff,0xff,0xff,
    0x00,0x7d,0x00,0x00,0xff,0xff,0xff,0xff,0xa9,0x01,0x4f,0x67,0x67,0x53,0x00,0x00,
    0x00,0x00,0x00,0x00,0x00,0x00,0x00,0x00,0x59,0x30,0xb7,0xdf,0x01,0x00,0x00,0x00,
    0x1b,0x8d,0x49,0xed,0x0e,0x32,0xff,0xff,0xff,0xff,0xff,0xff,0xff,0xff,0xff,0xff,
    0xff,0xff,0xc5,0x03,0x76,0x6f,0x72,0x62,0x69,0x73,0x0b,0x00,0x00,0x00,0x4c,0x61,
    0x76,0x66,0x35,0x33,0x2e,0x32,0x34,0x2e,0x32,0x01,0x00,0x00,0x00,0x13,0x00,0x00,
    0x00,0x65,0x6e,0x63,0x6f,0x64,0x65,0x72,0x3d,0x4c,0x61,0x76,0x66,0x35,0x33,0x2e,
    0x32,0x34,0x2e,0x32,0x01,0x05,0x76,0x6f,0x72,0x62,0x69,0x73,0x22,0x42,0x43,0x56,
    0x01,0x00,0x40,0x00,0x00,0x18,0x42,0x10,0x2a,0x05,0xad,0x63,0x8e,0x3a,0xc8,0x15,
    0x21,0x8c,0x19,0xa2,0xa0,0x42,0xca,0x29,0xc7,0x1d,0x42,0xd0,0x21,0xa3,0x24,0x43,
    0x88,0x3a,0xc6,0x35,0xc7,0x18,0x63,0x47,0xb9,0x64,0x8a,0x42,0xc9,0x81,0xd0,0x90,
    0x55,0x00,0x00,0x40,0x00,0x00,0xa4,0x1c,0x57,0x50,0x72,0x49,0x2d,0xe7,0x9c,0x73,
    0xa3,0x18,0x57,0xcc,0x71,0xe8,0x20,0xe7,0x9c,0x73,0xe5,0x20,0x67,0xcc,0x71,0x09,
    0x25,0xe7,0x9c,0x73,0x8e,0x39,0xe7,0x92,0x72,0x8e,0x31,0xe7,0x9c,0x73,0xa3,0x18,
    0x57,0x0e,0x72,0x29,0x2d,0xe7,0x9c,0x73,0x81,0x14,0x47,0x8a,0x71,0xa7,0x18,0xe7,
    0x9c,0x73,0xa4,0x1c,0x47,0x8a,0x71,0xa8,0x18,0xe7,0x9c,0x73,0x6d,0x31,0xb7,0x92,
    0x72,0xce,0x39,0xe7,0x9c,0x73,0xe6,0x20,0x87,0x52,0x72,0xae,0x35,0xe7,0x9c,0x73,
    0xa4,0x18,0x67,0x0e,0x72,0x0b,0x25,0xe7,0x9c,0x73,0xc6,0x20,0x67,0xcc,0x71,0xeb,
    0x20,0xe7,0x9c,0x73,0x8c,0x35,0xb7,0xd4,0x72,0xce,0x39,0xe7,0x9c,0x73,0xce,0x39,
    0xe7,0x9c,0x73,0xce,0x39,0xe7,0x9c,0x73,0x8c,0x31,0xe7,0x9c,0x73,0xce,0x39,0xe7,
    0x9c,0x73,0x6e,0x31,0xe7,0x16,0x73,0xae,0x39,0xe7,0x9c,0x73,0xce,0x39,0xe7,0x1c,
    0x73,0xce,0x39,0xe7,0x9c,0x73,0x20,0x34,0x64,0x15,0x00,0x90,0x00,0x00,0xa0,0xa1,
    0x28,0x8a,0xe2,0x28,0x0e,0x10,0x1a,0xb2,0x0a,0x00,0xc8,0x00,0x00,0x10,0x40,0x71,
    0x14,0x47,0x91,0x14,0x4b,0xb1,0x1c,0xcb,0xd1,0x24,0x0d,0x08,0x0d,0x59,0x05,0x00,
    0x00,0x01,0x00,0x08,0x00,0x00,0xa0,0x48,0x86,0xa4,0x48,0x8a,0xa5,0x58,0x8e,0x66,
    0x69,0x9e,0x26,0x7a,0xa2,0x28,0x9a,0xa2,0x2a,0xab,0xb2,0x69,0xca,0xb2,0x2c,0xcb,
    0xb2,0xeb,0xba,0x2e,0x10,0x1a,0xb2,0x0a,0x00,0x48,0x00,0x00,0x50,0x51,0x14,0xc5,
    0x70,0x14,0x07,0x08,0x0d,0x59,0x05,0x00,0x64,0x00,0x00,0x08,0x60,0x28,0x8a,0xa3,
    0x38,0x8e,0xe4,0x58,0x92,0xa5,0x59,0x9e,0x07,0x84,0x86,0xac,0x02,0x00,0x80,0x00,
    0x00,0x04,0x00,0x00,0x50,0x0c,0x47,0xb1,0x14,0x4d,0xf1,0x24,0xcf,0xf2,0x3c,0xcf,
    0xf3,0x3c,0xcf,0xf3,0x3c,0xcf,0xf3,0x3c,0xcf,0xf3,0x3c,0xcf,0xf3,0x3c,0xcf,0xf3,
    0x3c,0x0d,0x08,0x0d,0x59,0x05,0x00,0x20,0x00,0x00,0x00,0x82,0x28,0x64,0x18,0x03,
    0x42,0x43,0x56,0x01,0x00,0x40,0x00,0x00,0x08,0x21,0x1a,0x19,0x43,0x9d,0x52,0x12,
    0x5c,0x0a,0x16,0x42,0x1c,0x11,0x43,0x1d,0x42,0xce,0x43,0xa9,0xa5,0x83,0xe0,0x29,
    0x85,0x25,0x63,0xd2,0x53,0xac,0x41,0x08,0x21,0x7c,0xef,0x3d,0xf7,0xde,0x7b,0xef,
    0x81,0xd0,0x90,0x55,0x00,0x00,0x10,0x00,0x00,0x61,0x14,0x38,0x88,0x81,0xc7,0x24,
    0x08,0x21,0x84,0x62,0x14,0x27,0x44,0x71,0xa6,0x20,0x08,0x21,0x84,0xe5,0x24,0x58,
    0xca,0x79,0xe8,0x24,0x08,0xdd,0x83,0x10,0x42,0xb8,0x9c,0x7b,0xcb,0xb9,0xf7,0xde,
    0x7b,0x20,0x34,0x64,0x15,0x00,0x00,0x08,0x00,0xc0,0x20,0x84,0x10,0x42,0x08,0x21,
    0x84,0x10,0x42,0x08,0x29,0xa4,0x94,0x52,0x48,0x29,0xa6,0x98,0x62,0x8a,0x29,0xc7,
    0x1c,0x73,0xcc,0x31,0xc7,0x20,0x83,0x0c,0x32,0xe8,0xa0,0x93,0x4e,0x3a,0xc9,0xa4,
    0x92,0x4e,0x3a,0xca,0x24,0xa3,0x8e,0x52,0x6b,0x29,0xb5,0x14,0x53,0x4c,0xb1,0xe5,
    0x16,0x63,0xad,0xb5,0xd6,0x9c,0x73,0xaf,0x41,0x29,0x63,0x8c,0x31,0xc6,0x18,0x63,
    0x8c,0x31,0xc6,0x18,0x63,0x8c,0x31,0xc6,0x18,0x23,0x08,0x0d,0x59,0x05,0x00,0x80,
    0x00,0x00,0x10,0x06,0x19,0x64,0x90,0x41,0x08,0x21,0x84,0x14,0x52,0x48,0x29,0xa6,
    0x98,0x72,0xcc,0x31,0xc7,0x1c,0x03,0x42,0x43,0x56,0x01,0x00,0x80,0x00,0x00,0x02,
    0x00,0x00,0x00,0x1c,0x45,0x52,0x24,0x47,0x72,0x24,0x47,0x92,0x24,0xc9,0x92,0x2c,
    0x49,0x93,0x3c,0xcb,0xb3,0x3c,0xcb,0xb3,0x3c,0x4d,0xd4,0x44,0x4d,0x15,0x55,0xd5,
    0x55,0x6d,0xd7,0xf6,0x6d,0x5f,0xf6,0x6d,0xdf,0xd5,0x65,0xdf,0xf6,0x65,0xdb,0xd5,
    0x65,0x5d,0x96,0x65,0xdd,0xb5,0x6d,0x5d,0xd6,0x5d,0x5d,0xd7,0x75,0x5d,0xd7,0x75,
    0x5d,0xd7,0x75,0x5d,0xd7,0x75,0x5d,0xd7,0x75,0x5d,0xd7,0x81,0xd0,0x90,0x55,0x00,
    0x80,0x04,0x00,0x80,0x8e,0xe4,0x38,0x8e,0xe4,0x38,0x8e,0xe4,0x48,0x8e,0xa4,0x48,
    0x0a,0x10,0x1a,0xb2,0x0a,0x00,0x90,0x01,0x00,0x10,0x00,0x80,0xa3,0x38,0x8a,0xe3,
    0x48,0x8e,0xe4,0x58,0x8e,0x25,0x59,0x92,0x26,0x69,0x96,0x67,0x79,0x96,0xa7,0x79,
    0x9a,0xa8,0x89,0x1e,0x10,0x1a,0xb2,0x0a,0x00,0x00,0x04,0x00,0x10,0x00,0x00,0x00,
    0x00,0x00,0x80,0xa2,0x28,0x8a,0xa3,0x38,0x8e,0x24,0x59,0x96,0xa6,0x69,0x9e,0xa7,
    0x7a,0xa2,0x28,0x9a,0xaa,0xaa,0x8a,0xa6,0xa9,0xaa,0xaa,0x6a,0x9a,0xa6,0x69,0x9a,
    0xa6,0x69,0x9a,0xa6,0x69,0x9a,0xa6,0x69,0x9a,0xa6,0x69,0x9a,0xa6,0x69,0x9a,0xa6,
    0x69,0x9a,0xa6,0x69,0x9a,0xa6,0x69,0x9a,0xa6,0x69,0x9a,0xa6,0x69,0x02,0xa1,0x21,
    0xab,0x00,0x00,0x09,0x00,0x00,0x1d,0xc7,0x71,0x1c,0x47,0x71,0x1c,0xc7,0x71,0x24,
    0x47,0x92,0x24,0x20,0x34,0x64,0x15,0x00,0x20,0x03,0x00,0x20,0x00,0x00,0x43,0x51,
    0x1c,0x45,0x72,0x2c,0xc7,0x92,0x34,0x4b,0xb3,0x3c,0xcb,0xd3,0x44,0xcf,0xf4,0x5c,
    0x51,0x36,0x75,0x53,0x57,0x6d,0x20,0x34,0x64,0x15,0x00,0x00,0x08,0x00,0x20,0x00,
    0x00,0x00,0x00,0x00,0x00,0xc7,0x73,0x3c,0xc7,0x73,0x3c,0xc9,0x93,0x3c,0xcb,0x73,
    0x3c,0xc7,0x93,0x3c,0x49,0xd3,0x34,0x4d,0xd3,0x34,0x4d,0xd3,0x34,0x4d,0xd3,0x34,
    0x4d,0xd3,0x34,0x4d,0xd3,0x34,0x4d,0xd3,0x34,0x4d,0xd3,0x34,0x4d,0xd3,0x34,0x4d,
    0xd3,0x34,0x4d,0xd3,0x34,0x4d,0xd3,0x34,0x4d,0xd3,0x34,0x4d,0xd3,0x34,0x4d,0x03,
    0x42,0x43,0x56,0x02,0x00,0x64,0x00,0x00,0x10,0x93,0x90,0x4a,0x4e,0xb1,0x57,0x46,
    0x29,0xc6,0x24,0xb4,0x5e,0x2a,0xa4,0x14,0x93,0xd4,0x7b,0xa8,0x98,0x62,0x4c,0x3a,
    0xed,0xa9,0x42,0x06,0x29,0x07,0xb9,0x87,0x4a,0x21,0xa5,0xa0,0xd3,0xde,0x32,0xa5,
    0x90,0x52,0x0c,0x7b,0xa7,0x98,0x42,0xc8,0x18,0xea,0xa1,0x83,0x90,0x31,0x85,0xb0,
    0xd7,0xda,0x73,0xcf,0xbd,0xf7,0x1e,0x08,0x0d,0x59,0x11,0x00,0x44,0x01,0x00,0x00,
    0xc6,0x20,0xc6,0x10,0x63,0xc8,0x31,0x26,0x25,0x83,0x12,0x31,0xc7,0x24,0x64,0x52,
    0x22,0xe7,0x9c,0x94,0x4e,0x4a,0x26,0xa5,0xa4,0x56,0x5a,0xcc,0xa4,0x84,0x98,0x4a,
    0x8b,0x91,0x73,0x4e,0x4a,0x27,0x25,0x93,0x52,0x5a,0x0b,0xa9,0x65,0x92,0x4a,0x6b,
    0x25,0xa6,0x02,0x00,0x00,0x02,0x1c,0x00,0x00,0x02,0x2c,0x84,0x42,0x43,0x56,0x04,
    0x00,0x51,0x00,0x00,0x88,0x31,0x48,0x29,0xa4,0x14,0x52,0x4a,0x31,0xa7,0x98,0x43,
    0x4a,0x29,0xc7,0x94,0x63,0x48,0x29,0xe5,0x9c,0x72,0x4e,0x39,0xc7,0x98,0x74,0x10,
    0x2a,0xe7,0x18,0x74,0x0e,0x4a,0xa4,0x94,0x72,0x8e,0x39,0xa7,0x9c,0x73,0x12,0x32,
    0x07,0x95,0x73,0x0e,0x42,0x26,0x9d,0x00,0x00,0x80,0x00,0x07,0x00,0x80,0x00,0x0b,
    0xa1,0xd0,0x90,0x15,0x01,0x40,0x9c,0x00,0x00,0x80,0x90,0x73,0x8a,0x31,0x08,0x11,
    0x63,0x10,0x42,0x09,0x29,0x85,0x50,0x52,0xaa,0x9c,0x93,0xd2,0x41,0x49,0xa9,0x83,
    0x92,0x52,0x49,0xa9,0xc5,0x92,0x52,0x8c,0x95,0x73,0x52,0x3a,0x09,0x29,0x75,0x12,
    0x52,0x2a,0x29,0xc5,0x58,0x52,0x8a,0x2d,0xa4,0x54,0x63,0x69,0x2d,0xd7,0xd2,0x52,
    0x8d,0x2d,0xc6,0x9c,0x5b,0x8c,0xbd,0x86,0x94,0x62,0x2d,0xa9,0xd5,0x5a,0x5a,0xab,
    0xb9,0xc5,0x58,0x73,0x8b,0x35,0xf7,0xc8,0x39,0x4a,0x9d,0x94,0xd6,0x3a,0x29,0xad,
    0xa5,0xd6,0x6a,0x4d,0xad,0xd5,0xda,0x49,0x69,0x2d,0xa4,0xd6,0x62,0x69,0x2d,0xc6,
    0xd6,0x62,0xcd,0x29,0xc6,0x9c,0x33,0x29,0xad,0x85,0x96,0x62,0x2b,0xa9,0xc5,0xd8,
    0x62,0xcb,0x35,0xb5,0x98,0x73,0x69,0x2d,0xd7,0x14,0x63,0xcf,0x29,0xc6,0x9e,0x6b,
    0xac,0xb9,0xc7,0x9c,0x83,0x30,0xad,0xd5,0x9c,0x5a,0xcb,0x39,0xc5,0x98,0x7b,0xcc,
    0xb1,0xe7,0x98,0x73,0x0f,0x92,0x73,0x94,0x3a,0x29,0xad,0x75,0x52,0x5a,0x4b,0xad,
    0xd5,0x9a,0x5a,0xab,0x35,0x93,0xd2,0x5a,0x69,0xad,0xc6,0x90,0x5a,0x8b,0x2d,0xc6,
    0x9c,0x5b,0x8b,0x31,0x67,0x52,0x5a,0x2c,0xa9,0xc5,0x58,0x5a,0x8a,0x31,0xc5,0x98,
    0x73,0x8b,0x2d,0xd7,0xd0,0x5a,0xae,0x29,0xc6,0x9c,0x53,0x8b,0x39,0xc7,0x5a,0x83,
    0x92,0xb1,0xf6,0x5e,0x5a,0xab,0x39,0xc5,0x98,0x7b,0x8a,0xad,0xe7,0x98,0x73,0x30,
    0x36,0xc7,0x9e,0x3b,0x4a,0xb9,0x96,0xd6,0x7a,0x2e,0xad,0xf5,0x5e,0x73,0x2e,0x42,
    0xd6,0xdc,0x8b,0x68,0x2d,0xe7,0xd4,0x6a,0x0f,0x2a,0xc6,0x9e,0x73,0xce,0xc1,0xd8,
    0xdc,0x83,0x10,0xad,0xe5,0x9c,0x6a,0xec,0x3d,0xc5,0xd8,0x7b,0xee,0x39,0x18,0xdb,
    0x73,0xf0,0xad,0xd6,0xe0,0x5b,0xcd,0x45,0xc8,0x9c,0x83,0xd0,0xb9,0xf8,0xa6,0x7b,
    0x30,0x46,0xd5,0xda,0x83,0xcc,0xb5,0x08,0x99,0x73,0x10,0x3a,0xe8,0x22,0x74,0xf0,
    0xc9,0x78,0x94,0x6a,0x2e,0xad,0xe5,0x5c,0x5a,0xeb,0x3d,0xd6,0x1a,0x7c,0xcd,0x39,
    0x08,0xd1,0x5a,0xee,0x29,0xc6,0xde,0x53,0x8b,0xbd,0xd7,0x9e,0x9b,0xb0,0xbd,0x07,
    0x21,0x5a,0xcb,0x3d,0xc5,0xd8,0x83,0x8a,0x31,0xf8,0x9a,0x73,0x30,0x3a,0xe7,0x62,
    0x54,0xad,0xc1,0xc7,0x9c,0x83,0x90,0xb5,0x16,0xa1,0x7b,0x2f,0x4a,0xe7,0x20,0x94,
    0xaa,0xb5,0x07,0x99,0x6b,0x50,0x32,0xd7,0x22,0x74,0xf0,0xc5,0xe8,0xa0,0x8b,0x2f,
    0x00,0x00,0x60,0xc0,0x01,0x00,0x20,0xc0,0x84,0x32,0x50,0x68,0xc8,0x8a,0x00,0x20,
    0x4e,0x00,0x80,0x41,0xc8,0x39,0xa5,0x18,0x84,0x4a,0x29,0x08,0xa1,0x84,0x94,0x42,
    0x28,0x29,0x55,0x8c,0x49,0xc8,0x98,0x83,0x92,0x31,0x27,0xa5,0x94,0x52,0x5a,0x08,
    0x25,0xb5,0x8a,0x31,0x08,0x99,0x63,0x52,0x32,0xc7,0xa4,0x84,0x12,0x5a,0x2a,0x25,
    0xb4,0x12,0x4a,0x69,0xa9,0x94,0xd2,0x5a,0x28,0xa5,0xb5,0x96,0x5a,0x8c,0x29,0xb5,
    0x16,0x43,0x29,0xa9,0x85,0x52,0x5a,0x2b,0xa5,0xb4,0x96,0x5a,0xaa,0x31,0xb5,0x56,
    0x63,0xc4,0x98,0x94,0xcc,0x39,0x29,0x99,0x63,0x52,0x4a,0x29,0xad,0x95,0x52,0x5a,
    0xab,0x1c,0x93,0x92,0x31,0x28,0xa9,0x83,0x90,0x4a,0x29,0x29,0xc5,0x52,0x52,0x8b,
    0x95,0x73,0x52,0x32,0xe8,0xa8,0x74,0x10,0x4a,0x2a,0xa9,0xc4,0x54,0x52,0x69,0xad,
    0xa4,0xd2,0x52,0x29,0xa5,0xc5,0x92,0x52,0x6c,0x29,0xc5,0x54,0x5b,0x8b,0xb5,0x86,
    0x52,0x5a,0x2c,0xa9,0xc4,0x56,0x52,0x6a,0x31,0xb5,0x54,0x5b,0x8b,0x31,0xd7,0x88,
    0x31,0x29,0x19,0x73,0x52,0x32,0xe7,0xa4,0x94,0x52,0x52,0x2b,0xa5,0xb4,0x96,0x39,
    0x27,0xa5,0x83,0x8e,0x4a,0xe6,0xa0,0xa4,0x92,0x52,0x6b,0xa5,0xa4,0x14,0x33,0xe6,
    0xa4,0x74,0x0e,0x4a,0xca,0x20,0xa3,0x52,0x52,0x8a,0x2d,0xa5,0x12,0x53,0x28,0xa5,
    0xb5,0x92,0x52,0x6c,0xa5,0xa4,0xd6,0x5a,0x8c,0xb5,0xa6,0xd4,0x5a,0x2d,0x25,0xb5,
    0x56,0x52,0x6a,0xb1,0x94,0x12,0x5b,0x8b,0x31,0xd7,0x16,0x4b,0x4d,0x9d,0x94,0xd6,
    0x4a,0x2a,0x31,0x86,0x52,0x5a,0x6b,0x31,0xe6,0x9a,0x5a,0x8b,0x31,0x94,0x12,0x5b,
    0x29,0x29,0xc6,0x92,0x4a,0x6c,0xad,0xc5,0x9a,0x5b,0x6c,0x39,0x86,0x52,0x5a,0x2c,
    0xa9,0xc4,0x56,0x4a,0x6a,0xb1,0xd5,0x96,0x63,0x6b,0xb1,0xe6,0xd4,0x52,0x8d,0x29,
    0xb5,0x9a,0x5b,0x6c,0xb9,0xc6,0x94,0x53,0x8f,0xb5,0xf6,0x9c,0x5a,0xab,0x35,0xb5,
    0x54,0x63,0x6b,0xb1,0xe6,0x58,0x5b,0x6f,0xb5,0xd6,0x9c,0x3b,0x29,0xad,0x85,0x52,
    0x5a,0x2b,0x25,0xc5,0x98,0x5a,0x8b,0xb1,0xc5,0x58,0x73,0x28,0x25,0xb6,0x92,0x52,
    0x6c,0xa5,0xa4,0x18,0x5b,0x6c,0xb9,0xb6,0x16,0x63,0x0f,0xa1,0xb4,0x58,0x4a,0x6a,
    0xb1,0xa4,0x12,0x63,0x6b,0x31,0xe6,0x18,0x5b,0x8e,0xa9,0xb5,0x5a,0x5b,0x6c,0xb9,
    0xa6,0xd4,0x62,0xad,0xb5,0xf6,0x1c,0x5b,0x6e,0x3d,0xa5,0x16,0x6b,0x8b,0xb1,0xe6,
    0xd2,0x52,0x8d,0x35,0xd7,0xde,0x63,0x4d,0x39,0x15,0x00,0x00,0x30,0xe0,0x00,0x00,
    0x10,0x60,0x42,0x19,0x28,0x34,0x64,0x25,0x00,0x10,0x05,0x00,0x00,0x18,0xc3,0x18,
    0x63,0x10,0x1a,0xa5,0x9c,0x73,0x4e,0x4a,0x83,0x94,0x73,0xce,0x49,0xc9,0x9c,0x83,
    0x10,0x42,0x4a,0x99,0x73,0x10,0x42,0x48,0x29,0x73,0x4e,0x42,0x4a,0x2d,0x65,0xce,
    0x41,0x48,0xa9,0xb5,0x50,0x4a,0x4a,0xad,0xc5,0x16,0x4a,0x49,0xa9,0xb5,0x16,0x0b,
    0x00,0x00,0x28,0x70,0x00,0x00,0x08,0xb0,0x41,0x53,0x62,0x71,0x80,0x42,0x43,0x56,
    0x02,0x00,0x51,0x00,0x00,0x88,0x31,0x4a,0x31,0x06,0xa1,0x31,0x46,0x29,0xe7,0x20,
    0x34,0xc6,0x28,0xc5,0x18,0x84,0x4a,0x29,0xc6,0x9c,0x93,0x50,0x29,0xc5,0x98,0x73,
    0x50,0x32,0xc7,0x9c,0x83,0x50,0x4a,0xe6,0x9c,0x73,0x10,0x4a,0x09,0x21,0x94,0x52,
    0x4a,0x4a,0x21,0x84,0x52,0x4a,0x49,0xa9,0x00,0x00,0x80,0x02,0x07,0x00,0x80,0x00,
    0x1b,0x34,0x25,0x16,0x07,0x28,0x34,0x64,0x45,0x00,0x10,0x05,0x00,0x00,0x18,0x63,
    0x9c,0x33,0xce,0x21,0x0a,0x9d,0xa5,0xce,0x52,0x24,0xa9,0xa3,0xd6,0x51,0x6b,0x28,
    0xa5,0x1a,0x4b,0x8c,0x9d,0xc6,0x56,0x7b,0xeb,0xb9,0xd3,0x1a,0x7b,0x6d,0xb9,0x37,
    0x94,0x4a,0x8d,0xa9,0xd6,0x8e,0x6b,0xcb,0xb9,0xd5,0xde,0x69,0x4d,0x3d,0xb7,0x1c,
    0x0b,0x00,0x00,0x3b,0x70,0x00,0x00,0x3b,0xb0,0x10,0x0a,0x0d,0x59,0x09,0x00,0xe4,
    0x01,0x00,0x10,0xc6,0x28,0xc5,0x98,0x73,0xce,0x19,0x85,0x18,0x73,0xce,0x39,0xe7,
    0x0c,0x52,0x8c,0x39,0xe7,0x9c,0x73,0x8a,0x31,0xe7,0x9c,0x83,0x10,0x42,0xc5,0x98,
    0x73,0xce,0x41,0x08,0x21,0x73,0xce,0x39,0x08,0xa1,0x84,0x92,0x39,0xe7,0x1c,0x84,
    0x10,0x4a,0xe8,0x9c,0x83,0x50,0x4a,0x29,0xa5,0x74,0xce,0x41,0x08,0xa1,0x94,0x52,
    0x3a,0xe7,0x20,0x84,0x52,0x4a,0x29,0x9d,0x73,0x10,0x4a,0x29,0xa5,0x94,0x02,0x00,
    0x80,0x0a,0x1c,0x00,0x00,0x02,0x6c,0x14,0xd9,0x9c,0x60,0x24,0xa8,0xd0,0x90,0x95,
    0x00,0x40,0x1e,0x00,0x00,0x60,0x0c,0x42,0xce,0x49,0x69,0xad,0x61,0xcc,0x39,0x08,
    0x2d,0xd5,0xd8,0x30,0xc6,0x1c,0x94,0x94,0x62,0x8b,0x9c,0x83,0x90,0x52,0x8b,0xb9,
    0x46,0xcc,0x41,0x48,0x29,0xc6,0xa0,0x3b,0x28,0x29,0xb5,0x18,0x6c,0xf0,0x9d,0x84,
    0x94,0x5a,0x8b,0x39,0x07,0x93,0x52,0x8b,0x35,0xe7,0xde,0x83,0x48,0xa9,0xb5,0x9a,
    0x83,0xce,0x3d,0xd5,0x56,0x73,0xcf,0xbd,0xf7,0x9c,0x62,0xac,0x35,0xe7,0xde,0x73,
    0x2f,0x00,0x00,0x77,0xc1,0x01,0x00,0xec,0xc0,0x46,0x91,0xcd,0x09,0x46,0x82,0x0a,
    0x0d,0x59,0x09,0x00,0xe4,0x01,0x00,0x10,0x08,0x29,0xc5,0x98,0x73,0xce,0x19,0xa5,
    0x18,0x73,0xcc,0x39,0xe7,0x8c,0x52,0x8c,0x31,0xe6,0x9c,0x73,0x8a,0x31,0xc6,0x9c,
    0x73,0xce,0x41,0xc5,0x18,0x63,0xce,0x39,0x07,0x21,0x63,0xcc,0x39,0xe7,0x20,0x84,
    0x90,0x31,0xe6,0x9c,0x73,0x10,0x42,0xe8,0x9c,0x73,0x0e,0x42,0x08,0x21,0x74,0xce,
    0x39,0x07,0x21,0x84,0x10,0x3a,0xe7,0xa0,0x83,0x10,0x42,0x08,0x9d,0x73,0x10,0x42,
    0x08,0x21,0x84,0x02,0x00,0x80,0x0a,0x1c,0x00,0x00,0x02,0x6c,0x14,0xd9,0x9c,0x60,
    0x24,0xa8,0xd0,0x90,0x95,0x00,0x40,0x38,0x00,0x00,0x00,0x21,0x84,0x10,0x42,0x08,
    0x21,0x84,0x10,0x42,0x08,0x21,0x84,0x10,0x42,0x08,0x21,0x84,0x10,0x42,0x08,0x21,
    0x84,0x10,0x42,0x08,0x21,0x84,0x10,0x42,0x08,0x21,0x84,0x10,0x42,0x08,0x21,0x84,
    0x10,0x42,0x08,0x21,0x84,0x10,0x42,0x08,0x21,0x84,0x10,0x42,0x08,0x21,0x84,0x10,
    0x42,0x08,0x21,0x84,0x10,0x42,0x08,0x21,0x84,0x10,0x42,0x08,0x21,0x84,0x10,0x42,
    0x08,0x21,0x84,0x10,0x42,0x08,0x21,0x84,0x10,0x42,0x08,0x21,0x84,0x10,0x42,0x08,
    0x21,0x84,0x10,0x42,0x08,0x21,0x84,0x10,0x42,0x08,0x21,0x84,0x10,0x42,0x08,0x21,
    0x84,0x10,0x42,0x08,0x21,0x84,0x10,0x42,0x08,0x21,0x84,0x10,0x42,0x08,0x21,0x84,
    0x10,0x42,0xe8,0x9c,0x73,0xce,0x39,0xe7,0x9c,0x73,0xce,0x39,0xe7,0x9c,0x73,0xce,
    0x39,0xe7,0x9c,0x73,0xce,0x39,0x27,0x00,0xc8,0xb7,0xc2,0x01,0xc0,0xff,0xc1,0xc6,
    0x19,0x56,0x92,0xce,0x0a,0x47,0x83,0x0b,0x0d,0x59,0x09,0x00,0x84,0x03,0x00,0x00,
    0x0a,0x41,0x28,0xa5,0x62,0x10,0x4a,0x29,0x25,0x92,0x4e,0x3a,0x29,0x9d,0x93,0x50,
    0x4a,0x29,0x91,0x83,0x52,0x4a,0xe9,0xa4,0x94,0x52,0x4a,0x09,0xa5,0x94,0x52,0x4a,
    0x08,0xa5,0x94,0x52,0x4a,0x08,0x1d,0x94,0x52,0x42,0x29,0xa5,0x94,0x52,0x4a,0x29,
    0xa5,0x94,0x52,0x4a,0x29,0xa5,0x94,0x52,0x3a,0x29,0xa5,0x94,0x52,0x4a,0x29,0xa5,
    0x94,0xca,0x39,0x29,0xa5,0x93,0x52,0x4a,0x29,0xa5,0x44,0xce,0x49,0x29,0x21,0x94,
    0x52,0x4a,0x29,0xa5,0x84,0x52,0x4a,0x29,0xa5,0x94,0x52,0x4a,0x29,0xa5,0x94,0x52,
    0x4a,0x29,0xa5,0x94,0x52,0x4a,0x29,0xa5,0x84,0x10,0x42,0x08,0x21,0x84,0x10,0x42,
    0x08,0x21,0x84,0x10,0x42,0x08,0x21,0x84,0x10,0x42,0x08,0x21,0x84,0x10,0x42,0x08,
    0x21,0x84,0x10,0x42,0x08,0x21,0x84,0x10,0x42,0x08,0x21,0x84,0x02,0x00,0xb8,0x1b,
    0x1c,0x00,0x20,0x12,0x6c,0x9c,0x61,0x25,0xe9,0xac,0x70,0x34,0xb8,0xd0,0x90,0x95,
    0x00,0x40,0x48,0x00,0x00,0xa0,0x14,0x73,0x8e,0x4a,0x08,0x29,0x94,0x90,0x52,0xa8,
    0x98,0xa2,0x8e,0x42,0x29,0x29,0xa4,0x52,0x4a,0x0a,0x11,0x63,0xce,0x49,0xea,0x1c,
    0x85,0x50,0x52,0x28,0xa9,0x83,0xca,0x39,0x08,0xa5,0xa4,0x94,0x42,0x2a,0x21,0x75,
    0xce,0x41,0x07,0x25,0x85,0x90,0x52,0x09,0x21,0x95,0x8e,0x3a,0xe8,0x28,0x94,0x50,
    0x52,0x2a,0x25,0x94,0xd2,0x39,0x28,0xa5,0x84,0x14,0x4a,0x4a,0x29,0x95,0x90,0x42,
    0x48,0xa9,0x74,0x94,0x52,0x28,0x25,0x95,0x94,0x42,0x2a,0x21,0x95,0x52,0x4a,0x48,
    0x25,0x95,0x10,0x4a,0x0a,0x9d,0xa4,0x54,0x4a,0x0a,0xa9,0xa4,0x54,0x52,0x08,0x9d,
    0x74,0x90,0x42,0x27,0x25,0xa4,0x92,0x4a,0x0a,0xa9,0x93,0x94,0x52,0x2a,0x25,0xa5,
    0x94,0x4a,0x4a,0x25,0x74,0x52,0x42,0x2a,0x29,0xa5,0x10,0x42,0x4a,0xa9,0x94,0x10,
    0x4a,0x48,0x29,0xa5,0x4e,0x52,0x49,0xa9,0xa4,0x14,0x42,0x28,0x21,0x85,0x94,0x52,
    0x4a,0x25,0xa5,0x92,0x4a,0x4a,0x21,0x95,0x54,0x42,0x09,0xa5,0xa4,0x94,0x52,0x28,
    0xa1,0xa4,0x54,0x52,0x4a,0x29,0xa5,0x92,0x52,0x29,0x00,0x00,0xe0,0xc0,0x01,0x00,
    0x20,0xc0,0x08,0x3a,0xc9,0xa8,0xb2,0x08,0x1b,0x4d,0xb8,0xf0,0x00,0x14,0x1a,0xb2,
    0x12,0x00,0x20,0x03,0x00,0x40,0x94,0x74,0xd6,0x69,0xa7,0x49,0x22,0x08,0x31,0x45,
    0x99,0x27,0x0d,0x29,0xc6,0x20,0xb5,0xa4,0x2c,0xc3,0x10,0x53,0x92,0x89,0xf1,0x14,
    0x63,0x8c,0x39,0x28,0x46,0x43,0x0e,0x31,0xe4,0x94,0x18,0x17,0x4a,0x08,0xa1,0x83,
    0x62,0x3c,0x26,0x95,0x43,0xca,0x50,0x51,0xb9,0xb7,0xd4,0x39,0x05,0xc5,0x16,0x63,
    0x7c,0xef,0xb1,0x17,0x01,0x00,0x00,0x08,0x02,0x00,0x04,0x84,0x04,0x00,0x18,0x20,
    0x28,0x98,0x01,0x00,0x06,0x07,0x08,0x23,0x07,0x02,0x1d,0x01,0x04,0x0e,0x6d,0x00,
    0x80,0x81,0x08,0x99,0x09,0x0c,0x0a,0xa1,0xc1,0x41,0x26,0x00,0x3c,0x40,0x44,0x48,
    0x05,0x00,0x89,0x09,0x8a,0xd2,0x85,0x2e,0x08,0x21,0x82,0x74,0x11,0x64,0xf1,0xc0,
    0x85,0x13,0x37,0x9e,0xb8,0xe1,0x84,0x0e,0x6d,0x10,0x00,0x00,0x00,0x00,0x00,0x10,
    0x00,0xf0,0x01,0x00,0x90,0x50,0x00,0x11,0x11,0xd1,0xcc,0x55,0x58,0x5c,0x60,0x64,
    0x68,0x6c,0x70,0x74,0x78,0x7c,0x80,0x84,0x04,0x00,0x00,0x00,0x00,0x00,0x08,0x00,
    0x7c,0x00,0x00,0x24,0x22,0x40,0x44,0x44,0x34,0x73,0x15,0x16,0x17,0x18,0x19,0x1a,
    0x1b,0x1c,0x1d,0x1e,0x1f,0x20,0x21,0x01,0x00,0x00,0x00,0x00,0x00,0x00,0x00,0x00,
    0x40,0x40,0x40,0x00,0x00,0x00,0x00,0x00,0x20,0x00,0x00,0x00,0x40,0x40,0x4f,0x67,
    0x67,0x53,0x00,0x04,0x00,0x07,0x00,0x00,0x00,0x00,0x00,0x00,0x59,0x30,0xb7,0xdf,
    0x02,0x00,0x00,0x00,0xd9,0x50,0xeb,0x0e,0x06,0x56,0x3f,0x58,0x4d,0x47,0x0d,0x2c,
    0xc7,0x44,0xc5,0x48,0x9b,0xdd,0x8a,0x00,0x07,0x9f,0x00,0xd0,0xd8,0x15,0xc0,0xa6,
    0x1e,0x3c,0x71,0x7c,0xd1,0x67,0x15,0xad,0x28,0x1a,0x6a,0x82,0xf2,0xf2,0xea,0x77,
    0x13,0x52,0xcc,0xad,0xb1,0x52,0xd1,0xa0,0x3c,0xab,0xe0,0x9f,0x1d,0x6e,0x1b,0xc1,
    0x45,0xa9,0x9b,0xa9,0x29,0x2a,0x4d,0xd0,0x04,0xe5,0x04,0x34,0xfd,0xbd,0x3f,0xdf,
    0xff,0xc8,0x97,0x88,0xa3,0x0d,0x90,0xef,0x04,0xac,0x69,0xdb,0xaa,0x28,0x3a,0x39,
    0x50,0x6f,0xe7,0x76,0x00,0x34,0xc5,0x70,0xb1,0x3a,0x8e,0x02,0x1b,0x80,0x09,0x48,
    0x1a,0x5b,0x2d,0x00,0xc2,0xf1,0x7c,0xe8,0x6b,0x38,0x0f,0x44,0x86,0x1a,0xc1,0x6f,
    0xfd,0x97,0x18,0x5d,0x01,0x40,0x00,0x57,0xc0,0x71,0x7d,0xb6,0x07,0xfa,0x03,0xc6,
    0xe5,0xc7,0xea,0x1b,0x75,0x93,0x0c,0x00,0xbb,0x2c,0x89,0xd1,0xc3,0xa5,0x54,0xf0,
    0x36,0xf6,0x23,0x00,0x1a,0xb9,0x32,0x5b,0x77,0xd8,0xa8,0x7d,0x34,0x5d,0xdc,0xb1,
    0x77,0x1c,0xb0,0xaa,0x11,0x30,0x90,0x40,0x74,0x89,0xdc,0x70,0xb8,0x78,0x76,0xda,
    0xff,0xd3,0xb1,0x34,0x1c,0xaa,0x45,0xfb,0x83,0x44,0x00,0x00,0x40,0xc7,0xbd,0x23,
    0xd2,0x96,0x62,0x80,0x15,0x9c,0x53,0xca,0x60,0x91,0x26,0x06,0xe1,0x4f,0x2c,0xb0,
    0xfc,0x51,0x4e,0x35,0x1c,0x1f,0xe5,0xfb,0xf8,0xaf,0x6b,0x0b,0x33,0xa2,0x77,0x83,
    0x76,0x00,0xe2,0xa3,0x86,0x05,0x30,0x1b,0x18,0x8f,0xf1,0x00,0x7e,0x88,0x72,0x5b,
    0x77,0x95,0x2d,0xed,0xd3,0x59,0x1c,0xfb,0x6d,0x00,0x6b,0x01,0x70,0x4e,0xac,0x1f,
    0x40,0x50,0xa2,0x3e,0xfd,0xdc,0xba,0xf8,0x47,0x4e,0x2c,0x1a,0xd4,0x68,0x18,0x7f,
    0xa1,0x00,0x00,0x00,0x8e,0x9f,0xac,0x21,0xa4,0x02,0x80,0x02,0x12,0x47,0xa3,0xa9,
    0x00,0x08,0x63,0xeb,0x05,0x35,0xe4,0x98,0x5f,0xbf,0x01,0xe2,0xd6,0xf9,0x82,0x89,
    0x00,0xef,0x49,0x0e,0x00,0x1d,0x39,0x33,0x16,0x5e,0xf8,0x09,0xf5,0xab,0x8d,0xce,
    0xcf,0x21,0x31,0x7a,0xad,0x56,0x01,0x6c,0x69,0x15,0x00,0x94,0xdd,0x2f,0x13,0x01,
    0x00,0x00,0xa6,0x7f,0x9d,0xf7,0x08,0x00,0x4e,0xce,0x02,0x60,0xbf,0xa8,0xd3,0xa7,
    0xff,0x7d,0x11,0x11,0xa0,0xfe,0x73,0xa6,0x00,0x5e,0xb4,0x14,0xf0,0xc4,0x5d,0x64,
    0x3c,0x27,0x19,0x27,0x81,0xeb,0x44,0x3f,0x02,0x5c,0x1f,0xd0,0x80,0xcb,0x55,0x04,
    0x9e,0x28,0xfa,0xa5,0x11,0x00,0x3c,0x80,0x02,0x00,0x70,0x05,0x00,
};

static const unsigned char s_iron_xylophone[] = {
    0x4f,0x67,0x67,0x53,0x00,0x02,0x00,0x00,0x00,0x00,0x00,0x00,0x00,0x00,0xbd,0x2f,
    0xf2,0x52,0x00,0x00,0x00,0x00,0x72,0xbc,0x9c,0x1e,0x01,0x1e,0x01,0x76,0x6f,0x72,
    0x62,0x69,0x73,0x00,0x00,0x00,0x00,0x01,0x09,0x56,0x00,0x00,0xff,0xff,0xff,0xff,
    0x00,0x7d,0x00,0x00,0xff,0xff,0xff,0xff,0xa9,0x01,0x4f,0x67,0x67,0x53,0x00,0x00,
    0x00,0x00,0x00,0x00,0x00,0x00,0x00,0x00,0xbd,0x2f,0xf2,0x52,0x01,0x00,0x00,0x00,
    0x4c,0x52,0x6e,0x7d,0x0e,0x32,0xff,0xff,0xff,0xff,0xff,0xff,0xff,0xff,0xff,0xff,
    0xff,0xff,0xc5,0x03,0x76,0x6f,0x72,0x62,0x69,0x73,0x0b,0x00,0x00,0x00,0x4c,0x61,
    0x76,0x66,0x35,0x33,0x2e,0x32,0x34,0x2e,0x32,0x01,0x00,0x00,0x00,0x13,0x00,0x00,
    0x00,0x65,0x6e,0x63,0x6f,0x64,0x65,0x72,0x3d,0x4c,0x61,0x76,0x66,0x35,0x33,0x2e,
    0x32,0x34,0x2e,0x32,0x01,0x05,0x76,0x6f,0x72,0x62,0x69,0x73,0x22,0x42,0x43,0x56,
    0x01,0x00,0x40,0x00,0x00,0x18,0x42,0x10,0x2a,0x05,0xad,0x63,0x8e,0x3a,0xc8,0x15,
    0x21,0x8c,0x19,0xa2,0xa0,0x42,0xca,0x29,0xc7,0x1d,0x42,0xd0,0x21,0xa3,0x24,0x43,
    0x88,0x3a,0xc6,0x35,0xc7,0x18,0x63,0x47,0xb9,0x64,0x8a,0x42,0xc9,0x81,0xd0,0x90,
    0x55,0x00,0x00,0x40,0x00,0x00,0xa4,0x1c,0x57,0x50,0x72,0x49,0x2d,0xe7,0x9c,0x73,
    0xa3,0x18,0x57,0xcc,0x71,0xe8,0x20,0xe7,0x9c,0x73,0xe5,0x20,0x67,0xcc,0x71,0x09,
    0x25,0xe7,0x9c,0x73,0x8e,0x39,0xe7,0x92,0x72,0x8e,0x31,0xe7,0x9c,0x73,0xa3,0x18,
    0x57,0x0e,0x72,0x29,0x2d,0xe7,0x9c,0x73,0x81,0x14,0x47,0x8a,0x71,0xa7,0x18,0xe7,
    0x9c,0x73,0xa4,0x1c,0x47,0x8a,0x71,0xa8,0x18,0xe7,0x9c,0x73,0x6d,0x31,0xb7,0x92,
    0x72,0xce,0x39,0xe7,0x9c,0x73,0xe6,0x20,0x87,0x52,0x72,0xae,0x35,0xe7,0x9c,0x73,
    0xa4,0x18,0x67,0x0e,0x72,0x0b,0x25,0xe7,0x9c,0x73,0xc6,0x20,0x67,0xcc,0x71,0xeb,
    0x20,0xe7,0x9c,0x73,0x8c,0x35,0xb7,0xd4,0x72,0xce,0x39,0xe7,0x9c,0x73,0xce,0x39,
    0xe7,0x9c,0x73,0xce,0x39,0xe7,0x9c,0x73,0x8c,0x31,0xe7,0x9c,0x73,0xce,0x39,0xe7,
    0x9c,0x73,0x6e,0x31,0xe7,0x16,0x73,0xae,0x39,0xe7,0x9c,0x73,0xce,0x39,0xe7,0x1c,
    0x73,0xce,0x39,0xe7,0x9c,0x73,0x20,0x34,0x64,0x15,0x00,0x90,0x00,0x00,0xa0,0xa1,
    0x28,0x8a,0xe2,0x28,0x0e,0x10,0x1a,0xb2,0x0a,0x00,0xc8,0x00,0x00,0x10,0x40,0x71,
    0x14,0x47,0x91,0x14,0x4b,0xb1,0x1c,0xcb,0xd1,0x24,0x0d,0x08,0x0d,0x59,0x05,0x00,
    0x00,0x01,0x00,0x08,0x00,0x00,0xa0,0x48,0x86,0xa4,0x48,0x8a,0xa5,0x58,0x8e,0x66,
    0x69,0x9e,0x26,0x7a,0xa2,0x28,0x9a,0xa2,0x2a,0xab,0xb2,0x69,0xca,0xb2,0x2c,0xcb,
    0xb2,0xeb,0xba,0x2e,0x10,0x1a,0xb2,0x0a,0x00,0x48,0x00,0x00,0x50,0x51,0x14,0xc5,
    0x70,0x14,0x07,0x08,0x0d,0x59,0x05,0x00,0x64,0x00,0x00,0x08,0x60,0x28,0x8a,0xa3,
    0x38,0x8e,0xe4,0x58,0x92,0xa5,0x59,0x9e,0x07,0x84,0x86,0xac,0x02,0x00,0x80,0x00,
    0x00,0x04,0x00,0x00,0x50,0x0c,0x47,0xb1,0x14,0x4d,0xf1,0x24,0xcf,0xf2,0x3c,0xcf,
    0xf3,0x3c,0xcf,0xf3,0x3c,0xcf,0xf3,0x3c,0xcf,0xf3,0x3c,0xcf,0xf3,0x3c,0xcf,0xf3,
    0x3c,0x0d,0x08,0x0d,0x59,0x05,0x00,0x20,0x00,0x00,0x00,0x82,0x28,0x64,0x18,0x03,
    0x42,0x43,0x56,0x01,0x00,0x40,0x00,0x00,0x08,0x21,0x1a,0x19,0x43,0x9d,0x52,0x12,
    0x5c,0x0a,0x16,0x42,0x1c,0x11,0x43,0x1d,0x42,0xce,0x43,0xa9,0xa5,0x83,0xe0,0x29,
    0x85,0x25,0x63,0xd2,0x53,0xac,0x41,0x08,0x21,0x7c,0xef,0x3d,0xf7,0xde,0x7b,0xef,
    0x81,0xd0,0x90,0x55,0x00,0x00,0x10,0x00,0x00,0x61,0x14,0x38,0x88,0x81,0xc7,0x24,
    0x08,0x21,0x84,0x62,0x14,0x27,0x44,0x71,0xa6,0x20,0x08,0x21,0x84,0xe5,0x24,0x58,
    0xca,0x79,0xe8,0x24,0x08,0xdd,0x83,0x10,0x42,0xb8,0x9c,0x7b,0xcb,0xb9,0xf7,0xde,
    0x7b,0x20,0x34,0x64,0x15,0x00,0x00,0x08,0x00,0xc0,0x20,0x84,0x10,0x42,0x08,0x21,
    0x84,0x10,0x42,0x08,0x29,0xa4,0x94,0x52,0x48,0x29,0xa6,0x98,0x62,0x8a,0x29,0xc7,
    0x1c,0x73,0xcc,0x31,0xc7,0x20,0x83,0x0c,0x32,0xe8,0xa0,0x93,0x4e,0x3a,0xc9,0xa4,
    0x92,0x4e,0x3a,0xca,0x24,0xa3,0x8e,0x52,0x6b,0x29,0xb5,0x14,0x53,0x4c,0xb1,0xe5,
    0x16,0x63,0xad,0xb5,0xd6,0x9c,0x73,0xaf,0x41,0x29,0x63,0x8c,0x31,0xc6,0x18,0x63,
    0x8c,0x31,0xc6,0x18,0x63,0x8c,0x31,0xc6,0x18,0x23,0x08,0x0d,0x59,0x05,0x00,0x80,
    0x00,0x00,0x10,0x06,0x19,0x64,0x90,0x41,0x08,0x21,0x84,0x14,0x52,0x48,0x29,0xa6,
    0x98,0x72,0xcc,0x31,0xc7,0x1c,0x03,0x42,0x43,0x56,0x01,0x00,0x80,0x00,0x00,0x02,
    0x00,0x00,0x00,0x1c,0x45,0x52,0x24,0x47,0x72,0x24,0x47,0x92,0x24,0xc9,0x92,0x2c,
    0x49,0x93,0x3c,0xcb,0xb3,0x3c,0xcb,0xb3,0x3c,0x4d,0xd4,0x44,0x4d,0x15,0x55,0xd5,
    0x55,0x6d,0xd7,0xf6,0x6d,0x5f,0xf6,0x6d,0xdf,0xd5,0x65,0xdf,0xf6,0x65,0xdb,0xd5,
    0x65,0x5d,0x96,0x65,0xdd,0xb5,0x6d,0x5d,0xd6,0x5d,0x5d,0xd7,0x75,0x5d,0xd7,0x75,
    0x5d,0xd7,0x75,0x5d,0xd7,0x75,0x5d,0xd7,0x75,0x5d,0xd7,0x81,0xd0,0x90,0x55,0x00,
    0x80,0x04,0x00,0x80,0x8e,0xe4,0x38,0x8e,0xe4,0x38,0x8e,0xe4,0x48,0x8e,0xa4,0x48,
    0x0a,0x10,0x1a,0xb2,0x0a,0x00,0x90,0x01,0x00,0x10,0x00,0x80,0xa3,0x38,0x8a,0xe3,
    0x48,0x8e,0xe4,0x58,0x8e,0x25,0x59,0x92,0x26,0x69,0x96,0x67,0x79,0x96,0xa7,0x79,
    0x9a,0xa8,0x89,0x1e,0x10,0x1a,0xb2,0x0a,0x00,0x00,0x04,0x00,0x10,0x00,0x00,0x00,
    0x00,0x00,0x80,0xa2,0x28,0x8a,0xa3,0x38,0x8e,0x24,0x59,0x96,0xa6,0x69,0x9e,0xa7,
    0x7a,0xa2,0x28,0x9a,0xaa,0xaa,0x8a,0xa6,0xa9,0xaa,0xaa,0x6a,0x9a,0xa6,0x69,0x9a,
    0xa6,0x69,0x9a,0xa6,0x69,0x9a,0xa6,0x69,0x9a,0xa6,0x69,0x9a,0xa6,0x69,0x9a,0xa6,
    0x69,0x9a,0xa6,0x69,0x9a,0xa6,0x69,0x9a,0xa6,0x69,0x9a,0xa6,0x69,0x02,0xa1,0x21,
    0xab,0x00,0x00,0x09,0x00,0x00,0x1d,0xc7,0x71,0x1c,0x47,0x71,0x1c,0xc7,0x71,0x24,
    0x47,0x92,0x24,0x20,0x34,0x64,0x15,0x00,0x20,0x03,0x00,0x20,0x00,0x00,0x43,0x51,
    0x1c,0x45,0x72,0x2c,0xc7,0x92,0x34,0x4b,0xb3,0x3c,0xcb,0xd3,0x44,0xcf,0xf4,0x5c,
    0x51,0x36,0x75,0x53,0x57,0x6d,0x20,0x34,0x64,0x15,0x00,0x00,0x08,0x00,0x20,0x00,
    0x00,0x00,0x00,0x00,0x00,0xc7,0x73,0x3c,0xc7,0x73,0x3c,0xc9,0x93,0x3c,0xcb,0x73,
    0x3c,0xc7,0x93,0x3c,0x49,0xd3,0x34,0x4d,0xd3,0x34,0x4d,0xd3,0x34,0x4d,0xd3,0x34,
    0x4d,0xd3,0x34,0x4d,0xd3,0x34,0x4d,0xd3,0x34,0x4d,0xd3,0x34,0x4d,0xd3,0x34,0x4d,
    0xd3,0x34,0x4d,0xd3,0x34,0x4d,0xd3,0x34,0x4d,0xd3,0x34,0x4d,0xd3,0x34,0x4d,0x03,
    0x42,0x43,0x56,0x02,0x00,0x64,0x00,0x00,0x10,0x93,0x90,0x4a,0x4e,0xb1,0x57,0x46,
    0x29,0xc6,0x24,0xb4,0x5e,0x2a,0xa4,0x14,0x93,0xd4,0x7b,0xa8,0x98,0x62,0x4c,0x3a,
    0xed,0xa9,0x42,0x06,0x29,0x07,0xb9,0x87,0x4a,0x21,0xa5,0xa0,0xd3,0xde,0x32,0xa5,
    0x90,0x52,0x0c,0x7b,0xa7,0x98,0x42,0xc8,0x18,0xea,0xa1,0x83,0x90,0x31,0x85,0xb0,
    0xd7,0xda,0x73,0xcf,0xbd,0xf7,0x1e,0x08,0x0d,0x59,0x11,0x00,0x44,0x01,0x00,0x00,
    0xc6,0x20,0xc6,0x10,0x63,0xc8,0x31,0x26,0x25,0x83,0x12,0x31,0xc7,0x24,0x64,0x52,
    0x22,0xe7,0x9c,0x94,0x4e,0x4a,0x26,0xa5,0xa4,0x56,0x5a,0xcc,0xa4,0x84,0x98,0x4a,
    0x8b,0x91,0x73,0x4e,0x4a,0x27,0x25,0x93,0x52,0x5a,0x0b,0xa9,0x65,0x92,0x4a,0x6b,
    0x25,0xa6,0x02,0x00,0x00,0x02,0x1c,0x00,0x00,0x02,0x2c,0x84,0x42,0x43,0x56,0x04,
    0x00,0x51,0x00,0x00,0x88,0x31,0x48,0x29,0xa4,0x14,0x52,0x4a,0x31,0xa7,0x98,0x43,
    0x4a,0x29,0xc7,0x94,0x63,0x48,0x29,0xe5,0x9c,0x72,0x4e,0x39,0xc7,0x98,0x74,0x10,
    0x2a,0xe7,0x18,0x74,0x0e,0x4a,0xa4,0x94,0x72,0x8e,0x39,0xa7,0x9c,0x73,0x12,0x32,
    0x07,0x95,0x73,0x0e,0x42,0x26,0x9d,0x00,0x00,0x80,0x00,0x07,0x00,0x80,0x00,0x0b,
    0xa1,0xd0,0x90,0x15,0x01,0x40,0x9c,0x00,0x00,0x80,0x90,0x73,0x8a,0x31,0x08,0x11,
    0x63,0x10,0x42,0x09,0x29,0x85,0x50,0x52,0xaa,0x9c,0x93,0xd2,0x41,0x49,0xa9,0x83,
    0x92,0x52,0x49,0xa9,0xc5,0x92,0x52,0x8c,0x95,0x73,0x52,0x3a,0x09,0x29,0x75,0x12,
    0x52,0x2a,0x29,0xc5,0x58,0x52,0x8a,0x2d,0xa4,0x54,0x63,0x69,0x2d,0xd7,0xd2,0x52,
    0x8d,0x2d,0xc6,0x9c,0x5b,0x8c,0xbd,0x86,0x94,0x62,0x2d,0xa9,0xd5,0x5a,0x5a,0xab,
    0xb9,0xc5,0x58,0x73,0x8b,0x35,0xf7,0xc8,0x39,0x4a,0x9d,0x94,0xd6,0x3a,0x29,0xad,
    0xa5,0xd6,0x6a,0x4d,0xad,0xd5,0xda,0x49,0x69,0x2d,0xa4,0xd6,0x62,0x69,0x2d,0xc6,
    0xd6,0x62,0xcd,0x29,0xc6,0x9c,0x33,0x29,0xad,0x85,0x96,0x62,0x2b,0xa9,0xc5,0xd8,
    0x62,0xcb,0x35,0xb5,0x98,0x73,0x69,0x2d,0xd7,0x14,0x63,0xcf,0x29,0xc6,0x9e,0x6b,
    0xac,0xb9,0xc7,0x9c,0x83,0x30,0xad,0xd5,0x9c,0x5a,0xcb,0x39,0xc5,0x98,0x7b,0xcc,
    0xb1,0xe7,0x98,0x73,0x0f,0x92,0x73,0x94,0x3a,0x29,0xad,0x75,0x52,0x5a,0x4b,0xad,
    0xd5,0x9a,0x5a,0xab,0x35,0x93,0xd2,0x5a,0x69,0xad,0xc6,0x90,0x5a,0x8b,0x2d,0xc6,
    0x9c,0x5b,0x8b,0x31,0x67,0x52,0x5a,0x2c,0xa9,0xc5,0x58,0x5a,0x8a,0x31,0xc5,0x98,
    0x73,0x8b,0x2d,0xd7,0xd0,0x5a,0xae,0x29,0xc6,0x9c,0x53,0x8b,0x39,0xc7,0x5a,0x83,
    0x92,0xb1,0xf6,0x5e,0x5a,0xab,0x39,0xc5,0x98,0x7b,0x8a,0xad,0xe7,0x98,0x73,0x30,
    0x36,0xc7,0x9e,0x3b,0x4a,0xb9,0x96,0xd6,0x7a,0x2e,0xad,0xf5,0x5e,0x73,0x2e,0x42,
    0xd6,0xdc,0x8b,0x68,0x2d,0xe7,0xd4,0x6a,0x0f,0x2a,0xc6,0x9e,0x73,0xce,0xc1,0xd8,
    0xdc,0x83,0x10,0xad,0xe5,0x9c,0x6a,0xec,0x3d,0xc5,0xd8,0x7b,0xee,0x39,0x18,0xdb,
    0x73,0xf0,0xad,0xd6,0xe0,0x5b,0xcd,0x45,0xc8,0x9c,0x83,0xd0,0xb9,0xf8,0xa6,0x7b,
    0x30,0x46,0xd5,0xda,0x83,0xcc,0xb5,0x08,0x99,0x73,0x10,0x3a,0xe8,0x22,0x74,0xf0,
    0xc9,0x78,0x94,0x6a,0x2e,0xad,0xe5,0x5c,0x5a,0xeb,0x3d,0xd6,0x1a,0x7c,0xcd,0x39,
    0x08,0xd1,0x5a,0xee,0x29,0xc6,0xde,0x53,0x8b,0xbd,0xd7,0x9e,0x9b,0xb0,0xbd,0x07,
    0x21,0x5a,0xcb,0x3d,0xc5,0xd8,0x83,0x8a,0x31,0xf8,0x9a,0x73,0x30,0x3a,0xe7,0x62,
    0x54,0xad,0xc1,0xc7,0x9c,0x83,0x90,0xb5,0x16,0xa1,0x7b,0x2f,0x4a,0xe7,0x20,0x94,
    0xaa,0xb5,0x07,0x99,0x6b,0x50,0x32,0xd7,0x22,0x74,0xf0,0xc5,0xe8,0xa0,0x8b,0x2f,
    0x00,0x00,0x60,0xc0,0x01,0x00,0x20,0xc0,0x84,0x32,0x50,0x68,0xc8,0x8a,0x00,0x20,
    0x4e,0x00,0x80,0x41,0xc8,0x39,0xa5,0x18,0x84,0x4a,0x29,0x08,0xa1,0x84,0x94,0x42,
    0x28,0x29,0x55,0x8c,0x49,0xc8,0x98,0x83,0x92,0x31,0x27,0xa5,0x94,0x52,0x5a,0x08,
    0x25,0xb5,0x8a,0x31,0x08,0x99,0x63,0x52,0x32,0xc7,0xa4,0x84,0x12,0x5a,0x2a,0x25,
    0xb4,0x12,0x4a,0x69,0xa9,0x94,0xd2,0x5a,0x28,0xa5,0xb5,0x96,0x5a,0x8c,0x29,0xb5,
    0x16,0x43,0x29,0xa9,0x85,0x52,0x5a,0x2b,0xa5,0xb4,0x96,0x5a,0xaa,0x31,0xb5,0x56,
    0x63,0xc4,0x98,0x94,0xcc,0x39,0x29,0x99,0x63,0x52,0x4a,0x29,0xad,0x95,0x52,0x5a,
    0xab,0x1c,0x93,0x92,0x31,0x28,0xa9,0x83,0x90,0x4a,0x29,0x29,0xc5,0x52,0x52,0x8b,
    0x95,0x73,0x52,0x32,0xe8,0xa8,0x74,0x10,0x4a,0x2a,0xa9,0xc4,0x54,0x52,0x69,0xad,
    0xa4,0xd2,0x52,0x29,0xa5,0xc5,0x92,0x52,0x6c,0x29,0xc5,0x54,0x5b,0x8b,0xb5,0x86,
    0x52,0x5a,0x2c,0xa9,0xc4,0x56,0x52,0x6a,0x31,0xb5,0x54,0x5b,0x8b,0x31,0xd7,0x88,
    0x31,0x29,0x19,0x73,0x52,0x32,0xe7,0xa4,0x94,0x52,0x52,0x2b,0xa5,0xb4,0x96,0x39,
    0x27,0xa5,0x83,0x8e,0x4a,0xe6,0xa0,0xa4,0x92,0x52,0x6b,0xa5,0xa4,0x14,0x33,0xe6,
    0xa4,0x74,0x0e,0x4a,0xca,0x20,0xa3,0x52,0x52,0x8a,0x2d,0xa5,0x12,0x53,0x28,0xa5,
    0xb5,0x92,0x52,0x6c,0xa5,0xa4,0xd6,0x5a,0x8c,0xb5,0xa6,0xd4,0x5a,0x2d,0x25,0xb5,
    0x56,0x52,0x6a,0xb1,0x94,0x12,0x5b,0x8b,0x31,0xd7,0x16,0x4b,0x4d,0x9d,0x94,0xd6,
    0x4a,0x2a,0x31,0x86,0x52,0x5a,0x6b,0x31,0xe6,0x9a,0x5a,0x8b,0x31,0x94,0x12,0x5b,
    0x29,0x29,0xc6,0x92,0x4a,0x6c,0xad,0xc5,0x9a,0x5b,0x6c,0x39,0x86,0x52,0x5a,0x2c,
    0xa9,0xc4,0x56,0x4a,0x6a,0xb1,0xd5,0x96,0x63,0x6b,0xb1,0xe6,0xd4,0x52,0x8d,0x29,
    0xb5,0x9a,0x5b,0x6c,0xb9,0xc6,0x94,0x53,0x8f,0xb5,0xf6,0x9c,0x5a,0xab,0x35,0xb5,
    0x54,0x63,0x6b,0xb1,0xe6,0x58,0x5b,0x6f,0xb5,0xd6,0x9c,0x3b,0x29,0xad,0x85,0x52,
    0x5a,0x2b,0x25,0xc5,0x98,0x5a,0x8b,0xb1,0xc5,0x58,0x73,0x28,0x25,0xb6,0x92,0x52,
    0x6c,0xa5,0xa4,0x18,0x5b,0x6c,0xb9,0xb6,0x16,0x63,0x0f,0xa1,0xb4,0x58,0x4a,0x6a,
    0xb1,0xa4,0x12,0x63,0x6b,0x31,0xe6,0x18,0x5b,0x8e,0xa9,0xb5,0x5a,0x5b,0x6c,0xb9,
    0xa6,0xd4,0x62,0xad,0xb5,0xf6,0x1c,0x5b,0x6e,0x3d,0xa5,0x16,0x6b,0x8b,0xb1,0xe6,
    0xd2,0x52,0x8d,0x35,0xd7,0xde,0x63,0x4d,0x39,0x15,0x00,0x00,0x30,0xe0,0x00,0x00,
    0x10,0x60,0x42,0x19,0x28,0x34,0x64,0x25,0x00,0x10,0x05,0x00,0x00,0x18,0xc3,0x18,
    0x63,0x10,0x1a,0xa5,0x9c,0x73,0x4e,0x4a,0x83,0x94,0x73,0xce,0x49,0xc9,0x9c,0x83,
    0x10,0x42,0x4a,0x99,0x73,0x10,0x42,0x48,0x29,0x73,0x4e,0x42,0x4a,0x2d,0x65,0xce,
    0x41,0x48,0xa9,0xb5,0x50,0x4a,0x4a,0xad,0xc5,0x16,0x4a,0x49,0xa9,0xb5,0x16,0x0b,
    0x00,0x00,0x28,0x70,0x00,0x00,0x08,0xb0,0x41,0x53,0x62,0x71,0x80,0x42,0x43,0x56,
    0x02,0x00,0x51,0x00,0x00,0x88,0x31,0x4a,0x31,0x06,0xa1,0x31,0x46,0x29,0xe7,0x20,
    0x34,0xc6,0x28,0xc5,0x18,0x84,0x4a,0x29,0xc6,0x9c,0x93,0x50,0x29,0xc5,0x98,0x73,
    0x50,0x32,0xc7,0x9c,0x83,0x50,0x4a,0xe6,0x9c,0x73,0x10,0x4a,0x09,0x21,0x94,0x52,
    0x4a,0x4a,0x21,0x84,0x52,0x4a,0x49,0xa9,0x00,0x00,0x80,0x02,0x07,0x00,0x80,0x00,
    0x1b,0x34,0x25,0x16,0x07,0x28,0x34,0x64,0x45,0x00,0x10,0x05,0x00,0x00,0x18,0x63,
    0x9c,0x33,0xce,0x21,0x0a,0x9d,0xa5,0xce,0x52,0x24,0xa9,0xa3,0xd6,0x51,0x6b,0x28,
    0xa5,0x1a,0x4b,0x8c,0x9d,0xc6,0x56,0x7b,0xeb,0xb9,0xd3,0x1a,0x7b,0x6d,0xb9,0x37,
    0x94,0x4a,0x8d,0xa9,0xd6,0x8e,0x6b,0xcb,0xb9,0xd5,0xde,0x69,0x4d,0x3d,0xb7,0x1c,
    0x0b,0x00,0x00,0x3b,0x70,0x00,0x00,0x3b,0xb0,0x10,0x0a,0x0d,0x59,0x09,0x00,0xe4,
    0x01,0x00,0x10,0xc6,0x28,0xc5,0x98,0x73,0xce,0x19,0x85,0x18,0x73,0xce,0x39,0xe7,
    0x0c,0x52,0x8c,0x39,0xe7,0x9c,0x73,0x8a,0x31,0xe7,0x9c,0x83,0x10,0x42,0xc5,0x98,
    0x73,0xce,0x41,0x08,0x21,0x73,0xce,0x39,0x08,0xa1,0x84,0x92,0x39,0xe7,0x1c,0x84,
    0x10,0x4a,0xe8,0x9c,0x83,0x50,0x4a,0x29,0xa5,0x74,0xce,0x41,0x08,0xa1,0x94,0x52,
    0x3a,0xe7,0x20,0x84,0x52,0x4a,0x29,0x9d,0x73,0x10,0x4a,0x29,0xa5,0x94,0x02,0x00,
    0x80,0x0a,0x1c,0x00,0x00,0x02,0x6c,0x14,0xd9,0x9c,0x60,0x24,0xa8,0xd0,0x90,0x95,
    0x00,0x40,0x1e,0x00,0x00,0x60,0x0c,0x42,0xce,0x49,0x69,0xad,0x61,0xcc,0x39,0x08,
    0x2d,0xd5,0xd8,0x30,0xc6,0x1c,0x94,0x94,0x62,0x8b,0x9c,0x83,0x90,0x52,0x8b,0xb9,
    0x46,0xcc,0x41,0x48,0x29,0xc6,0xa0,0x3b,0x28,0x29,0xb5,0x18,0x6c,0xf0,0x9d,0x84,
    0x94,0x5a,0x8b,0x39,0x07,0x93,0x52,0x8b,0x35,0xe7,0xde,0x83,0x48,0xa9,0xb5,0x9a,
    0x83,0xce,0x3d,0xd5,0x56,0x73,0xcf,0xbd,0xf7,0x9c,0x62,0xac,0x35,0xe7,0xde,0x73,
    0x2f,0x00,0x00,0x77,0xc1,0x01,0x00,0xec,0xc0,0x46,0x91,0xcd,0x09,0x46,0x82,0x0a,
    0x0d,0x59,0x09,0x00,0xe4,0x01,0x00,0x10,0x08,0x29,0xc5,0x98,0x73,0xce,0x19,0xa5,
    0x18,0x73,0xcc,0x39,0xe7,0x8c,0x52,0x8c,0x31,0xe6,0x9c,0x73,0x8a,0x31,0xc6,0x9c,
    0x73,0xce,0x41,0xc5,0x18,0x63,0xce,0x39,0x07,0x21,0x63,0xcc,0x39,0xe7,0x20,0x84,
    0x90,0x31,0xe6,0x9c,0x73,0x10,0x42,0xe8,0x9c,0x73,0x0e,0x42,0x08,0x21,0x74,0xce,
    0x39,0x07,0x21,0x84,0x10,0x3a,0xe7,0xa0,0x83,0x10,0x42,0x08,0x9d,0x73,0x10,0x42,
    0x08,0x21,0x84,0x02,0x00,0x80,0x0a,0x1c,0x00,0x00,0x02,0x6c,0x14,0xd9,0x9c,0x60,
    0x24,0xa8,0xd0,0x90,0x95,0x00,0x40,0x38,0x00,0x00,0x00,0x21,0x84,0x10,0x42,0x08,
    0x21,0x84,0x10,0x42,0x08,0x21,0x84,0x10,0x42,0x08,0x21,0x84,0x10,0x42,0x08,0x21,
    0x84,0x10,0x42,0x08,0x21,0x84,0x10,0x42,0x08,0x21,0x84,0x10,0x42,0x08,0x21,0x84,
    0x10,0x42,0x08,0x21,0x84,0x10,0x42,0x08,0x21,0x84,0x10,0x42,0x08,0x21,0x84,0x10,
    0x42,0x08,0x21,0x84,0x10,0x42,0x08,0x21,0x84,0x10,0x42,0x08,0x21,0x84,0x10,0x42,
    0x08,0x21,0x84,0x10,0x42,0x08,0x21,0x84,0x10,0x42,0x08,0x21,0x84,0x10,0x42,0x08,
    0x21,0x84,0x10,0x42,0x08,0x21,0x84,0x10,0x42,0x08,0x21,0x84,0x10,0x42,0x08,0x21,
    0x84,0x10,0x42,0x08,0x21,0x84,0x10,0x42,0x08,0x21,0x84,0x10,0x42,0x08,0x21,0x84,
    0x10,0x42,0xe8,0x9c,0x73,0xce,0x39,0xe7,0x9c,0x73,0xce,0x39,0xe7,0x9c,0x73,0xce,
    0x39,0xe7,0x9c,0x73,0xce,0x39,0x27,0x00,0xc8,0xb7,0xc2,0x01,0xc0,0xff,0xc1,0xc6,
    0x19,0x56,0x92,0xce,0x0a,0x47,0x83,0x0b,0x0d,0x59,0x09,0x00,0x84,0x03,0x00,0x00,
    0x0a,0x41,0x28,0xa5,0x62,0x10,0x4a,0x29,0x25,0x92,0x4e,0x3a,0x29,0x9d,0x93,0x50,
    0x4a,0x29,0x91,0x83,0x52,0x4a,0xe9,0xa4,0x94,0x52,0x4a,0x09,0xa5,0x94,0x52,0x4a,
    0x08,0xa5,0x94,0x52,0x4a,0x08,0x1d,0x94,0x52,0x42,0x29,0xa5,0x94,0x52,0x4a,0x29,
    0xa5,0x94,0x52,0x4a,0x29,0xa5,0x94,0x52,0x3a,0x29,0xa5,0x94,0x52,0x4a,0x29,0xa5,
    0x94,0xca,0x39,0x29,0xa5,0x93,0x52,0x4a,0x29,0xa5,0x44,0xce,0x49,0x29,0x21,0x94,
    0x52,0x4a,0x29,0xa5,0x84,0x52,0x4a,0x29,0xa5,0x94,0x52,0x4a,0x29,0xa5,0x94,0x52,
    0x4a,0x29,0xa5,0x94,0x52,0x4a,0x29,0xa5,0x84,0x10,0x42,0x08,0x21,0x84,0x10,0x42,
    0x08,0x21,0x84,0x10,0x42,0x08,0x21,0x84,0x10,0x42,0x08,0x21,0x84,0x10,0x42,0x08,
    0x21,0x84,0x10,0x42,0x08,0x21,0x84,0x10,0x42,0x08,0x21,0x84,0x02,0x00,0xb8,0x1b,
    0x1c,0x00,0x20,0x12,0x6c,0x9c,0x61,0x25,0xe9,0xac,0x70,0x34,0xb8,0xd0,0x90,0x95,
    0x00,0x40,0x48,0x00,0x00,0xa0,0x14,0x73,0x8e,0x4a,0x08,0x29,0x94,0x90,0x52,0xa8,
    0x98,0xa2,0x8e,0x42,0x29,0x29,0xa4,0x52,0x4a,0x0a,0x11,0x63,0xce,0x49,0xea,0x1c,
    0x85,0x50,0x52,0x28,0xa9,0x83,0xca,0x39,0x08,0xa5,0xa4,0x94,0x42,0x2a,0x21,0x75,
    0xce,0x41,0x07,0x25,0x85,0x90,0x52,0x09,0x21,0x95,0x8e,0x3a,0xe8,0x28,0x94,0x50,
    0x52,0x2a,0x25,0x94,0xd2,0x39,0x28,0xa5,0x84,0x14,0x4a,0x4a,0x29,0x95,0x90,0x42,
    0x48,0xa9,0x74,0x94,0x52,0x28,0x25,0x95,0x94,0x42,0x2a,0x21,0x95,0x52,0x4a,0x48,
    0x25,0x95,0x10,0x4a,0x0a,0x9d,0xa4,0x54,0x4a,0x0a,0xa9,0xa4,0x54,0x52,0x08,0x9d,
    0x74,0x90,0x42,0x27,0x25,0xa4,0x92,0x4a,0x0a,0xa9,0x93,0x94,0x52,0x2a,0x25,0xa5,
    0x94,0x4a,0x4a,0x25,0x74,0x52,0x42,0x2a,0x29,0xa5,0x10,0x42,0x4a,0xa9,0x94,0x10,
    0x4a,0x48,0x29,0xa5,0x4e,0x52,0x49,0xa9,0xa4,0x14,0x42,0x28,0x21,0x85,0x94,0x52,
    0x4a,0x25,0xa5,0x92,0x4a,0x4a,0x21,0x95,0x54,0x42,0x09,0xa5,0xa4,0x94,0x52,0x28,
    0xa1,0xa4,0x54,0x52,0x4a,0x29,0xa5,0x92,0x52,0x29,0x00,0x00,0xe0,0xc0,0x01,0x00,
    0x20,0xc0,0x08,0x3a,0xc9,0xa8,0xb2,0x08,0x1b,0x4d,0xb8,0xf0,0x00,0x14,0x1a,0xb2,
    0x12,0x00,0x20,0x03,0x00,0x40,0x94,0x74,0xd6,0x69,0xa7,0x49,0x22,0x08,0x31,0x45,
    0x99,0x27,0x0d,0x29,0xc6,0x20,0xb5,0xa4,0x2c,0xc3,0x10,0x53,0x92,0x89,0xf1,0x14,
    0x63,0x8c,0x39,0x28,0x46,0x43,0x0e,0x31,0xe4,0x94,0x18,0x17,0x4a,0x08,0xa1,0x83,
    0x62,0x3c,0x26,0x95,0x43,0xca,0x50,0x51,0xb9,0xb7,0xd4,0x39,0x05,0xc5,0x16,0x63,
    0x7c,0xef,0xb1,0x17,0x01,0x00,0x00,0x08,0x02,0x00,0x04,0x84,0x04,0x00,0x18,0x20,
    0x28,0x98,0x01,0x00,0x06,0x07,0x08,0x23,0x07,0x02,0x1d,0x01,0x04,0x0e,0x6d,0x00,
    0x80,0x81,0x08,0x99,0x09,0x0c,0x0a,0xa1,0xc1,0x41,0x26,0x00,0x3c,0x40,0x44,0x48,
    0x05,0x00,0x89,0x09,0x8a,0xd2,0x85,0x2e,0x08,0x21,0x82,0x74,0x11,0x64,0xf1,0xc0,
    0x85,0x13,0x37,0x9e,0xb8,0xe1,0x84,0x0e,0x6d,0x10,0x00,0x00,0x00,0x00,0x00,0x10,
    0x00,0xf0,0x01,0x00,0x90,0x50,0x00,0x11,0x11,0xd1,0xcc,0x55,0x58,0x5c,0x60,0x64,
    0x68,0x6c,0x70,0x74,0x78,0x7c,0x80,0x84,0x04,0x00,0x00,0x00,0x00,0x00,0x08,0x00,
    0x7c,0x00,0x00,0x24,0x22,0x40,0x44,0x44,0x34,0x73,0x15,0x16,0x17,0x18,0x19,0x1a,
    0x1b,0x1c,0x1d,0x1e,0x1f,0x20,0x21,0x01,0x00,0x00,0x00,0x00,0x00,0x00,0x00,0x00,
    0x40,0x40,0x40,0x00,0x00,0x00,0x00,0x00,0x20,0x00,0x00,0x00,0x40,0x40,0x4f,0x67,
    0x67,0x53,0x00,0x04,0x40,0x17,0x00,0x00,0x00,0x00,0x00,0x00,0xbd,0x2f,0xf2,0x52,
    0x02,0x00,0x00,0x00,0x95,0xb8,0xda,0x5e,0x0e,0x34,0x24,0x2f,0x2c,0x27,0x2b,0x21,
    0x24,0x25,0x2a,0x30,0x33,0x38,0x0b,0x4c,0x21,0x87,0x13,0xb3,0xb0,0x0d,0x98,0x40,
    0xad,0x26,0x28,0x33,0xb4,0xd8,0x7e,0xc1,0x66,0xd5,0x81,0xbe,0x96,0xfc,0xf7,0x7d,
    0x9d,0x3c,0xbc,0xe2,0x87,0xe7,0x75,0xe7,0xdc,0x90,0x53,0xc1,0xc2,0xa3,0xb7,0x6d,
    0x14,0x45,0x01,0xc7,0xfd,0x30,0x1b,0xac,0x9b,0xee,0x01,0x7c,0x2d,0xc2,0x38,0xcd,
    0xc7,0x1c,0x9e,0x04,0x00,0x56,0x00,0x03,0x80,0x30,0x9d,0x1b,0x8f,0x85,0x61,0x8a,
    0xe8,0xf6,0xbc,0x08,0xb3,0x94,0x57,0x31,0xa7,0xef,0x1c,0xc7,0x01,0x08,0x00,0xfa,
    0xdb,0x2a,0x39,0x93,0x59,0x0c,0xec,0x48,0x54,0x4e,0x76,0xec,0x01,0x74,0x0e,0xc0,
    0xe8,0x01,0x00,0x00,0x00,0xa0,0x5e,0x76,0xba,0xa3,0x75,0x01,0x01,0xc1,0x81,0x19,
    0x00,0x00,0xc0,0x30,0x18,0x66,0x5c,0xfc,0xbf,0x80,0x57,0xbe,0x3b,0x3c,0x9e,0x3c,
    0x1b,0x98,0xd4,0x55,0xd4,0xef,0x16,0x95,0x8a,0x64,0xa6,0x37,0xc0,0xf7,0x13,0x00,
    0x89,0xd1,0x01,0x00,0x00,0x00,0x40,0xc6,0xee,0x8d,0x7b,0x01,0x00,0x00,0xa0,0x99,
    0x04,0x00,0xe8,0xda,0x40,0x81,0x19,0x00,0x08,0x00,0x3e,0x3c,0x1b,0x14,0x53,0x93,
    0xa8,0xce,0xd2,0x55,0x45,0x07,0x37,0xc0,0x1f,0x00,0x10,0x90,0x7b,0x00,0x00,0x00,
    0x00,0xc0,0x55,0xdf,0x4b,0x00,0x00,0x00,0xc8,0xf6,0x00,0x80,0x8c,0x08,0x00,0x0a,
    0x00,0xfe,0x0b,0x6b,0x4e,0xaa,0x60,0xce,0x4f,0x0f,0xa4,0xe3,0x65,0xaa,0xf9,0x0d,
    0xf0,0xab,0x00,0x00,0xc8,0x01,0x00,0x0a,0x00,0x00,0x52,0xea,0xed,0x4a,0x00,0x00,
    0x00,0xf0,0x6e,0x00,0xa0,0x5e,0x23,0x80,0x2b,0x00,0x09,0x00,0x7e,0xdb,0x4a,0x9f,
    0x0a,0xd1,0x71,0x84,0x52,0xe5,0x88,0x60,0x0f,0xa0,0x53,0x02,0x64,0x00,0x00,0x00,
    0x80,0xed,0x38,0x06,0x00,0x00,0xf6,0x69,0x00,0x7f,0x07,0x0c,0x00,0x1e,0xcb,0x4a,
    0x1e,0x79,0x51,0xfa,0x44,0xf1,0x74,0x60,0x62,0x0f,0xa0,0x73,0x00,0x26,0x00,0x00,
    0x00,0x40,0xcb,0xca,0x00,0x09,0x00,0x80,0xfe,0x02,0xf0,0xc0,0x3e,0x95,0xb0,0x01,
    0x00,0x1e,0x9b,0xea,0x9e,0x9a,0x29,0xbd,0xd3,0x83,0xe6,0xc0,0x60,0x0f,0xe0,0xfb,
    0x00,0x13,0xa0,0x00,0x00,0x80,0x9d,0xcf,0x5d,0x00,0x00,0xb0,0x4f,0x07,0x38,0x40,
    0xff,0x5c,0xf8,0x00,0x1a,0x00,0x9e,0x5a,0xea,0x9e,0x9a,0x29,0x21,0xd2,0x9b,0xcb,
    0x81,0x21,0x70,0x03,0xfc,0x91,0x00,0x80,0x49,0x00,0x00,0x00,0xc0,0x9a,0x1f,0xdf,
    0x48,0x00,0x00,0x00,0xa8,0x2e,0x00,0xf0,0x1c,0xd8,0x51,0x1b,0x66,0x82,0x06,0x00,
    0x3e,0x1a,0x9a,0xef,0x99,0x29,0x97,0x89,0xb2,0xd3,0x81,0x89,0x3d,0x80,0x8f,0x00,
    0x4c,0x42,0xa2,0x00,0x00,0xa4,0x55,0x87,0x00,0x00,0xc0,0x65,0x45,0x80,0x7b,0x60,
    0x47,0x01,0x9d,0x00,0xb4,0x85,0x06,0x0b,0x24,0x84,0x7b,0x28,0x90,0x28,0x1a,0x00,
    0x3e,0x19,0x1a,0x6e,0xa9,0xa2,0x1c,0x15,0xde,0xa1,0x89,0x3d,0x80,0x92,0x80,0x29,
    0x09,0x00,0xe0,0x38,0x8e,0x53,0x58,0x1c,0x46,0x12,0x00,0x58,0x1e,0xde,0x1a,0xb0,
    0x80,0x2e,0x07,0x34,0x00,0x38,0x80,0x01,0x67,0xb1,0x69,0xa9,0xa4,0xc7,0x69,0x0f,
    0x02,0xe0,0x01,0x7e,0x17,0x4a,0x77,0xc0,0x54,0x07,0xaa,0x12,0xef,0x01,0xda,0xc7,
    0x27,0x13,0x58,0x25,0x01,0x30,0x30,0xe9,0xd6,0x4b,0x7f,0xff,0x78,0x6e,0x69,0xba,
    0x2e,0x03,0xc0,0xd7,0xe3,0x00,0x60,0x4a,0xcd,0x64,0xc0,0x1f,0x73,0xb7,0x00,0xe0,
    0x85,0x40,0x43,0x07,0x74,0x68,0x49,0xf4,0x0e,0x08,0x00,0x9e,0x08,0xfa,0x07,0xf8,
    0x03,0x80,0x07,0x00,0x00,0x00,
};

static const unsigned char s_cow_bell[] = {
    0x4f,0x67,0x67,0x53,0x00,0x02,0x00,0x00,0x00,0x00,0x00,0x00,0x00,0x00,0x40,0xf3,
    0x6b,0x2d,0x00,0x00,0x00,0x00,0x18,0xe3,0xc9,0xee,0x01,0x1e,0x01,0x76,0x6f,0x72,
    0x62,0x69,0x73,0x00,0x00,0x00,0x00,0x01,0x09,0x56,0x00,0x00,0xff,0xff,0xff,0xff,
    0x00,0x7d,0x00,0x00,0xff,0xff,0xff,0xff,0xa9,0x01,0x4f,0x67,0x67,0x53,0x00,0x00,
    0x00,0x00,0x00,0x00,0x00,0x00,0x00,0x00,0x40,0xf3,0x6b,0x2d,0x01,0x00,0x00,0x00,
    0x59,0xb0,0xfd,0xb2,0x0e,0x32,0xff,0xff,0xff,0xff,0xff,0xff,0xff,0xff,0xff,0xff,
    0xff,0xff,0xc5,0x03,0x76,0x6f,0x72,0x62,0x69,0x73,0x0b,0x00,0x00,0x00,0x4c,0x61,
    0x76,0x66,0x35,0x33,0x2e,0x32,0x34,0x2e,0x32,0x01,0x00,0x00,0x00,0x13,0x00,0x00,
    0x00,0x65,0x6e,0x63,0x6f,0x64,0x65,0x72,0x3d,0x4c,0x61,0x76,0x66,0x35,0x33,0x2e,
    0x32,0x34,0x2e,0x32,0x01,0x05,0x76,0x6f,0x72,0x62,0x69,0x73,0x22,0x42,0x43,0x56,
    0x01,0x00,0x40,0x00,0x00,0x18,0x42,0x10,0x2a,0x05,0xad,0x63,0x8e,0x3a,0xc8,0x15,
    0x21,0x8c,0x19,0xa2,0xa0,0x42,0xca,0x29,0xc7,0x1d,0x42,0xd0,0x21,0xa3,0x24,0x43,
    0x88,0x3a,0xc6,0x35,0xc7,0x18,0x63,0x47,0xb9,0x64,0x8a,0x42,0xc9,0x81,0xd0,0x90,
    0x55,0x00,0x00,0x40,0x00,0x00,0xa4,0x1c,0x57,0x50,0x72,0x49,0x2d,0xe7,0x9c,0x73,
    0xa3,0x18,0x57,0xcc,0x71,0xe8,0x20,0xe7,0x9c,0x73,0xe5,0x20,0x67,0xcc,0x71,0x09,
    0x25,0xe7,0x9c,0x73,0x8e,0x39,0xe7,0x92,0x72,0x8e,0x31,0xe7,0x9c,0x73,0xa3,0x18,
    0x57,0x0e,0x72,0x29,0x2d,0xe7,0x9c,0x73,0x81,0x14,0x47,0x8a,0x71,0xa7,0x18,0xe7,
    0x9c,0x73,0xa4,0x1c,0x47,0x8a,0x71,0xa8,0x18,0xe7,0x9c,0x73,0x6d,0x31,0xb7,0x92,
    0x72,0xce,0x39,0xe7,0x9c,0x73,0xe6,0x20,0x87,0x52,0x72,0xae,0x35,0xe7,0x9c,0x73,
    0xa4,0x18,0x67,0x0e,0x72,0x0b,0x25,0xe7,0x9c,0x73,0xc6,0x20,0x67,0xcc,0x71,0xeb,
    0x20,0xe7,0x9c,0x73,0x8c,0x35,0xb7,0xd4,0x72,0xce,0x39,0xe7,0x9c,0x73,0xce,0x39,
    0xe7,0x9c,0x73,0xce,0x39,0xe7,0x9c,0x73,0x8c,0x31,0xe7,0x9c,0x73,0xce,0x39,0xe7,
    0x9c,0x73,0x6e,0x31,0xe7,0x16,0x73,0xae,0x39,0xe7,0x9c,0x73,0xce,0x39,0xe7,0x1c,
    0x73,0xce,0x39,0xe7,0x9c,0x73,0x20,0x34,0x64,0x15,0x00,0x90,0x00,0x00,0xa0,0xa1,
    0x28,0x8a,0xe2,0x28,0x0e,0x10,0x1a,0xb2,0x0a,0x00,0xc8,0x00,0x00,0x10,0x40,0x71,
    0x14,0x47,0x91,0x14,0x4b,0xb1,0x1c,0xcb,0xd1,0x24,0x0d,0x08,0x0d,0x59,0x05,0x00,
    0x00,0x01,0x00,0x08,0x00,0x00,0xa0,0x48,0x86,0xa4,0x48,0x8a,0xa5,0x58,0x8e,0x66,
    0x69,0x9e,0x26,0x7a,0xa2,0x28,0x9a,0xa2,0x2a,0xab,0xb2,0x69,0xca,0xb2,0x2c,0xcb,
    0xb2,0xeb,0xba,0x2e,0x10,0x1a,0xb2,0x0a,0x00,0x48,0x00,0x00,0x50,0x51,0x14,0xc5,
    0x70,0x14,0x07,0x08,0x0d,0x59,0x05,0x00,0x64,0x00,0x00,0x08,0x60,0x28,0x8a,0xa3,
    0x38,0x8e,0xe4,0x58,0x92,0xa5,0x59,0x9e,0x07,0x84,0x86,0xac,0x02,0x00,0x80,0x00,
    0x00,0x04,0x00,0x00,0x50,0x0c,0x47,0xb1,0x14,0x4d,0xf1,0x24,0xcf,0xf2,0x3c,0xcf,
    0xf3,0x3c,0xcf,0xf3,0x3c,0xcf,0xf3,0x3c,0xcf,0xf3,0x3c,0xcf,0xf3,0x3c,0xcf,0xf3,
    0x3c,0x0d,0x08,0x0d,0x59,0x05,0x00,0x20,0x00,0x00,0x00,0x82,0x28,0x64,0x18,0x03,
    0x42,0x43,0x56,0x01,0x00,0x40,0x00,0x00,0x08,0x21,0x1a,0x19,0x43,0x9d,0x52,0x12,
    0x5c,0x0a,0x16,0x42,0x1c,0x11,0x43,0x1d,0x42,0xce,0x43,0xa9,0xa5,0x83,0xe0,0x29,
    0x85,0x25,0x63,0xd2,0x53,0xac,0x41,0x08,0x21,0x7c,0xef,0x3d,0xf7,0xde,0x7b,0xef,
    0x81,0xd0,0x90,0x55,0x00,0x00,0x10,0x00,0x00,0x61,0x14,0x38,0x88,0x81,0xc7,0x24,
    0x08,0x21,0x84,0x62,0x14,0x27,0x44,0x71,0xa6,0x20,0x08,0x21,0x84,0xe5,0x24,0x58,
    0xca,0x79,0xe8,0x24,0x08,0xdd,0x83,0x10,0x42,0xb8,0x9c,0x7b,0xcb,0xb9,0xf7,0xde,
    0x7b,0x20,0x34,0x64,0x15,0x00,0x00,0x08,0x00,0xc0,0x20,0x84,0x10,0x42,0x08,0x21,
    0x84,0x10,0x42,0x08,0x29,0xa4,0x94,0x52,0x48,0x29,0xa6,0x98,0x62,0x8a,0x29,0xc7,
    0x1c,0x73,0xcc,0x31,0xc7,0x20,0x83,0x0c,0x32,0xe8,0xa0,0x93,0x4e,0x3a,0xc9,0xa4,
    0x92,0x4e,0x3a,0xca,0x24,0xa3,0x8e,0x52,0x6b,0x29,0xb5,0x14,0x53,0x4c,0xb1,0xe5,
    0x16,0x63,0xad,0xb5,0xd6,0x9c,0x73,0xaf,0x41,0x29,0x63,0x8c,0x31,0xc6,0x18,0x63,
    0x8c,0x31,0xc6,0x18,0x63,0x8c,0x31,0xc6,0x18,0x23,0x08,0x0d,0x59,0x05,0x00,0x80,
    0x00,0x00,0x10,0x06,0x19,0x64,0x90,0x41,0x08,0x21,0x84,0x14,0x52,0x48,0x29,0xa6,
    0x98,0x72,0xcc,0x31,0xc7,0x1c,0x03,0x42,0x43,0x56,0x01,0x00,0x80,0x00,0x00,0x02,
    0x00,0x00,0x00,0x1c,0x45,0x52,0x24,0x47,0x72,0x24,0x47,0x92,0x24,0xc9,0x92,0x2c,
    0x49,0x93,0x3c,0xcb,0xb3,0x3c,0xcb,0xb3,0x3c,0x4d,0xd4,0x44,0x4d,0x15,0x55,0xd5,
    0x55,0x6d,0xd7,0xf6,0x6d,0x5f,0xf6,0x6d,0xdf,0xd5,0x65,0xdf,0xf6,0x65,0xdb,0xd5,
    0x65,0x5d,0x96,0x65,0xdd,0xb5,0x6d,0x5d,0xd6,0x5d,0x5d,0xd7,0x75,0x5d,0xd7,0x75,
    0x5d,0xd7,0x75,0x5d,0xd7,0x75,0x5d,0xd7,0x75,0x5d,0xd7,0x81,0xd0,0x90,0x55,0x00,
    0x80,0x04,0x00,0x80,0x8e,0xe4,0x38,0x8e,0xe4,0x38,0x8e,0xe4,0x48,0x8e,0xa4,0x48,
    0x0a,0x10,0x1a,0xb2,0x0a,0x00,0x90,0x01,0x00,0x10,0x00,0x80,0xa3,0x38,0x8a,0xe3,
    0x48,0x8e,0xe4,0x58,0x8e,0x25,0x59,0x92,0x26,0x69,0x96,0x67,0x79,0x96,0xa7,0x79,
    0x9a,0xa8,0x89,0x1e,0x10,0x1a,0xb2,0x0a,0x00,0x00,0x04,0x00,0x10,0x00,0x00,0x00,
    0x00,0x00,0x80,0xa2,0x28,0x8a,0xa3,0x38,0x8e,0x24,0x59,0x96,0xa6,0x69,0x9e,0xa7,
    0x7a,0xa2,0x28,0x9a,0xaa,0xaa,0x8a,0xa6,0xa9,0xaa,0xaa,0x6a,0x9a,0xa6,0x69,0x9a,
    0xa6,0x69,0x9a,0xa6,0x69,0x9a,0xa6,0x69,0x9a,0xa6,0x69,0x9a,0xa6,0x69,0x9a,0xa6,
    0x69,0x9a,0xa6,0x69,0x9a,0xa6,0x69,0x9a,0xa6,0x69,0x9a,0xa6,0x69,0x02,0xa1,0x21,
    0xab,0x00,0x00,0x09,0x00,0x00,0x1d,0xc7,0x71,0x1c,0x47,0x71,0x1c,0xc7,0x71,0x24,
    0x47,0x92,0x24,0x20,0x34,0x64,0x15,0x00,0x20,0x03,0x00,0x20,0x00,0x00,0x43,0x51,
    0x1c,0x45,0x72,0x2c,0xc7,0x92,0x34,0x4b,0xb3,0x3c,0xcb,0xd3,0x44,0xcf,0xf4,0x5c,
    0x51,0x36,0x75,0x53,0x57,0x6d,0x20,0x34,0x64,0x15,0x00,0x00,0x08,0x00,0x20,0x00,
    0x00,0x00,0x00,0x00,0x00,0xc7,0x73,0x3c,0xc7,0x73,0x3c,0xc9,0x93,0x3c,0xcb,0x73,
    0x3c,0xc7,0x93,0x3c,0x49,0xd3,0x34,0x4d,0xd3,0x34,0x4d,0xd3,0x34,0x4d,0xd3,0x34,
    0x4d,0xd3,0x34,0x4d,0xd3,0x34,0x4d,0xd3,0x34,0x4d,0xd3,0x34,0x4d,0xd3,0x34,0x4d,
    0xd3,0x34,0x4d,0xd3,0x34,0x4d,0xd3,0x34,0x4d,0xd3,0x34,0x4d,0xd3,0x34,0x4d,0x03,
    0x42,0x43,0x56,0x02,0x00,0x64,0x00,0x00,0x10,0x93,0x90,0x4a,0x4e,0xb1,0x57,0x46,
    0x29,0xc6,0x24,0xb4,0x5e,0x2a,0xa4,0x14,0x93,0xd4,0x7b,0xa8,0x98,0x62,0x4c,0x3a,
    0xed,0xa9,0x42,0x06,0x29,0x07,0xb9,0x87,0x4a,0x21,0xa5,0xa0,0xd3,0xde,0x32,0xa5,
    0x90,0x52,0x0c,0x7b,0xa7,0x98,0x42,0xc8,0x18,0xea,0xa1,0x83,0x90,0x31,0x85,0xb0,
    0xd7,0xda,0x73,0xcf,0xbd,0xf7,0x1e,0x08,0x0d,0x59,0x11,0x00,0x44,0x01,0x00,0x00,
    0xc6,0x20,0xc6,0x10,0x63,0xc8,0x31,0x26,0x25,0x83,0x12,0x31,0xc7,0x24,0x64,0x52,
    0x22,0xe7,0x9c,0x94,0x4e,0x4a,0x26,0xa5,0xa4,0x56,0x5a,0xcc,0xa4,0x84,0x98,0x4a,
    0x8b,0x91,0x73,0x4e,0x4a,0x27,0x25,0x93,0x52,0x5a,0x0b,0xa9,0x65,0x92,0x4a,0x6b,
    0x25,0xa6,0x02,0x00,0x00,0x02,0x1c,0x00,0x00,0x02,0x2c,0x84,0x42,0x43,0x56,0x04,
    0x00,0x51,0x00,0x00,0x88,0x31,0x48,0x29,0xa4,0x14,0x52,0x4a,0x31,0xa7,0x98,0x43,
    0x4a,0x29,0xc7,0x94,0x63,0x48,0x29,0xe5,0x9c,0x72,0x4e,0x39,0xc7,0x98,0x74,0x10,
    0x2a,0xe7,0x18,0x74,0x0e,0x4a,0xa4,0x94,0x72,0x8e,0x39,0xa7,0x9c,0x73,0x12,0x32,
    0x07,0x95,0x73,0x0e,0x42,0x26,0x9d,0x00,0x00,0x80,0x00,0x07,0x00,0x80,0x00,0x0b,
    0xa1,0xd0,0x90,0x15,0x01,0x40,0x9c,0x00,0x00,0x80,0x90,0x73,0x8a,0x31,0x08,0x11,
    0x63,0x10,0x42,0x09,0x29,0x85,0x50,0x52,0xaa,0x9c,0x93,0xd2,0x41,0x49,0xa9,0x83,
    0x92,0x52,0x49,0xa9,0xc5,0x92,0x52,0x8c,0x95,0x73,0x52,0x3a,0x09,0x29,0x75,0x12,
    0x52,0x2a,0x29,0xc5,0x58,0x52,0x8a,0x2d,0xa4,0x54,0x63,0x69,0x2d,0xd7,0xd2,0x52,
    0x8d,0x2d,0xc6,0x9c,0x5b,0x8c,0xbd,0x86,0x94,0x62,0x2d,0xa9,0xd5,0x5a,0x5a,0xab,
    0xb9,0xc5,0x58,0x73,0x8b,0x35,0xf7,0xc8,0x39,0x4a,0x9d,0x94,0xd6,0x3a,0x29,0xad,
    0xa5,0xd6,0x6a,0x4d,0xad,0xd5,0xda,0x49,0x69,0x2d,0xa4,0xd6,0x62,0x69,0x2d,0xc6,
    0xd6,0x62,0xcd,0x29,0xc6,0x9c,0x33,0x29,0xad,0x85,0x96,0x62,0x2b,0xa9,0xc5,0xd8,
    0x62,0xcb,0x35,0xb5,0x98,0x73,0x69,0x2d,0xd7,0x14,0x63,0xcf,0x29,0xc6,0x9e,0x6b,
    0xac,0xb9,0xc7,0x9c,0x83,0x30,0xad,0xd5,0x9c,0x5a,0xcb,0x39,0xc5,0x98,0x7b,0xcc,
    0xb1,0xe7,0x98,0x73,0x0f,0x92,0x73,0x94,0x3a,0x29,0xad,0x75,0x52,0x5a,0x4b,0xad,
    0xd5,0x9a,0x5a,0xab,0x35,0x93,0xd2,0x5a,0x69,0xad,0xc6,0x90,0x5a,0x8b,0x2d,0xc6,
    0x9c,0x5b,0x8b,0x31,0x67,0x52,0x5a,0x2c,0xa9,0xc5,0x58,0x5a,0x8a,0x31,0xc5,0x98,
    0x73,0x8b,0x2d,0xd7,0xd0,0x5a,0xae,0x29,0xc6,0x9c,0x53,0x8b,0x39,0xc7,0x5a,0x83,
    0x92,0xb1,0xf6,0x5e,0x5a,0xab,0x39,0xc5,0x98,0x7b,0x8a,0xad,0xe7,0x98,0x73,0x30,
    0x36,0xc7,0x9e,0x3b,0x4a,0xb9,0x96,0xd6,0x7a,0x2e,0xad,0xf5,0x5e,0x73,0x2e,0x42,
    0xd6,0xdc,0x8b,0x68,0x2d,0xe7,0xd4,0x6a,0x0f,0x2a,0xc6,0x9e,0x73,0xce,0xc1,0xd8,
    0xdc,0x83,0x10,0xad,0xe5,0x9c,0x6a,0xec,0x3d,0xc5,0xd8,0x7b,0xee,0x39,0x18,0xdb,
    0x73,0xf0,0xad,0xd6,0xe0,0x5b,0xcd,0x45,0xc8,0x9c,0x83,0xd0,0xb9,0xf8,0xa6,0x7b,
    0x30,0x46,0xd5,0xda,0x83,0xcc,0xb5,0x08,0x99,0x73,0x10,0x3a,0xe8,0x22,0x74,0xf0,
    0xc9,0x78,0x94,0x6a,0x2e,0xad,0xe5,0x5c,0x5a,0xeb,0x3d,0xd6,0x1a,0x7c,0xcd,0x39,
    0x08,0xd1,0x5a,0xee,0x29,0xc6,0xde,0x53,0x8b,0xbd,0xd7,0x9e,0x9b,0xb0,0xbd,0x07,
    0x21,0x5a,0xcb,0x3d,0xc5,0xd8,0x83,0x8a,0x31,0xf8,0x9a,0x73,0x30,0x3a,0xe7,0x62,
    0x54,0xad,0xc1,0xc7,0x9c,0x83,0x90,0xb5,0x16,0xa1,0x7b,0x2f,0x4a,0xe7,0x20,0x94,
    0xaa,0xb5,0x07,0x99,0x6b,0x50,0x32,0xd7,0x22,0x74,0xf0,0xc5,0xe8,0xa0,0x8b,0x2f,
    0x00,0x00,0x60,0xc0,0x01,0x00,0x20,0xc0,0x84,0x32,0x50,0x68,0xc8,0x8a,0x00,0x20,
    0x4e,0x00,0x80,0x41,0xc8,0x39,0xa5,0x18,0x84,0x4a,0x29,0x08,0xa1,0x84,0x94,0x42,
    0x28,0x29,0x55,0x8c,0x49,0xc8,0x98,0x83,0x92,0x31,0x27,0xa5,0x94,0x52,0x5a,0x08,
    0x25,0xb5,0x8a,0x31,0x08,0x99,0x63,0x52,0x32,0xc7,0xa4,0x84,0x12,0x5a,0x2a,0x25,
    0xb4,0x12,0x4a,0x69,0xa9,0x94,0xd2,0x5a,0x28,0xa5,0xb5,0x96,0x5a,0x8c,0x29,0xb5,
    0x16,0x43,0x29,0xa9,0x85,0x52,0x5a,0x2b,0xa5,0xb4,0x96,0x5a,0xaa,0x31,0xb5,0x56,
    0x63,0xc4,0x98,0x94,0xcc,0x39,0x29,0x99,0x63,0x52,0x4a,0x29,0xad,0x95,0x52,0x5a,
    0xab,0x1c,0x93,0x92,0x31,0x28,0xa9,0x83,0x90,0x4a,0x29,0x29,0xc5,0x52,0x52,0x8b,
    0x95,0x73,0x52,0x32,0xe8,0xa8,0x74,0x10,0x4a,0x2a,0xa9,0xc4,0x54,0x52,0x69,0xad,
    0xa4,0xd2,0x52,0x29,0xa5,0xc5,0x92,0x52,0x6c,0x29,0xc5,0x54,0x5b,0x8b,0xb5,0x86,
    0x52,0x5a,0x2c,0xa9,0xc4,0x56,0x52,0x6a,0x31,0xb5,0x54,0x5b,0x8b,0x31,0xd7,0x88,
    0x31,0x29,0x19,0x73,0x52,0x32,0xe7,0xa4,0x94,0x52,0x52,0x2b,0xa5,0xb4,0x96,0x39,
    0x27,0xa5,0x83,0x8e,0x4a,0xe6,0xa0,0xa4,0x92,0x52,0x6b,0xa5,0xa4,0x14,0x33,0xe6,
    0xa4,0x74,0x0e,0x4a,0xca,0x20,0xa3,0x52,0x52,0x8a,0x2d,0xa5,0x12,0x53,0x28,0xa5,
    0xb5,0x92,0x52,0x6c,0xa5,0xa4,0xd6,0x5a,0x8c,0xb5,0xa6,0xd4,0x5a,0x2d,0x25,0xb5,
    0x56,0x52,0x6a,0xb1,0x94,0x12,0x5b,0x8b,0x31,0xd7,0x16,0x4b,0x4d,0x9d,0x94,0xd6,
    0x4a,0x2a,0x31,0x86,0x52,0x5a,0x6b,0x31,0xe6,0x9a,0x5a,0x8b,0x31,0x94,0x12,0x5b,
    0x29,0x29,0xc6,0x92,0x4a,0x6c,0xad,0xc5,0x9a,0x5b,0x6c,0x39,0x86,0x52,0x5a,0x2c,
    0xa9,0xc4,0x56,0x4a,0x6a,0xb1,0xd5,0x96,0x63,0x6b,0xb1,0xe6,0xd4,0x52,0x8d,0x29,
    0xb5,0x9a,0x5b,0x6c,0xb9,0xc6,0x94,0x53,0x8f,0xb5,0xf6,0x9c,0x5a,0xab,0x35,0xb5,
    0x54,0x63,0x6b,0xb1,0xe6,0x58,0x5b,0x6f,0xb5,0xd6,0x9c,0x3b,0x29,0xad,0x85,0x52,
    0x5a,0x2b,0x25,0xc5,0x98,0x5a,0x8b,0xb1,0xc5,0x58,0x73,0x28,0x25,0xb6,0x92,0x52,
    0x6c,0xa5,0xa4,0x18,0x5b,0x6c,0xb9,0xb6,0x16,0x63,0x0f,0xa1,0xb4,0x58,0x4a,0x6a,
    0xb1,0xa4,0x12,0x63,0x6b,0x31,0xe6,0x18,0x5b,0x8e,0xa9,0xb5,0x5a,0x5b,0x6c,0xb9,
    0xa6,0xd4,0x62,0xad,0xb5,0xf6,0x1c,0x5b,0x6e,0x3d,0xa5,0x16,0x6b,0x8b,0xb1,0xe6,
    0xd2,0x52,0x8d,0x35,0xd7,0xde,0x63,0x4d,0x39,0x15,0x00,0x00,0x30,0xe0,0x00,0x00,
    0x10,0x60,0x42,0x19,0x28,0x34,0x64,0x25,0x00,0x10,0x05,0x00,0x00,0x18,0xc3,0x18,
    0x63,0x10,0x1a,0xa5,0x9c,0x73,0x4e,0x4a,0x83,0x94,0x73,0xce,0x49,0xc9,0x9c,0x83,
    0x10,0x42,0x4a,0x99,0x73,0x10,0x42,0x48,0x29,0x73,0x4e,0x42,0x4a,0x2d,0x65,0xce,
    0x41,0x48,0xa9,0xb5,0x50,0x4a,0x4a,0xad,0xc5,0x16,0x4a,0x49,0xa9,0xb5,0x16,0x0b,
    0x00,0x00,0x28,0x70,0x00,0x00,0x08,0xb0,0x41,0x53,0x62,0x71,0x80,0x42,0x43,0x56,
    0x02,0x00,0x51,0x00,0x00,0x88,0x31,0x4a,0x31,0x06,0xa1,0x31,0x46,0x29,0xe7,0x20,
    0x34,0xc6,0x28,0xc5,0x18,0x84,0x4a,0x29,0xc6,0x9c,0x93,0x50,0x29,0xc5,0x98,0x73,
    0x50,0x32,0xc7,0x9c,0x83,0x50,0x4a,0xe6,0x9c,0x73,0x10,0x4a,0x09,0x21,0x94,0x52,
    0x4a,0x4a,0x21,0x84,0x52,0x4a,0x49,0xa9,0x00,0x00,0x80,0x02,0x07,0x00,0x80,0x00,
    0x1b,0x34,0x25,0x16,0x07,0x28,0x34,0x64,0x45,0x00,0x10,0x05,0x00,0x00,0x18,0x63,
    0x9c,0x33,0xce,0x21,0x0a,0x9d,0xa5,0xce,0x52,0x24,0xa9,0xa3,0xd6,0x51,0x6b,0x28,
    0xa5,0x1a,0x4b,0x8c,0x9d,0xc6,0x56,0x7b,0xeb,0xb9,0xd3,0x1a,0x7b,0x6d,0xb9,0x37,
    0x94,0x4a,0x8d,0xa9,0xd6,0x8e,0x6b,0xcb,0xb9,0xd5,0xde,0x69,0x4d,0x3d,0xb7,0x1c,
    0x0b,0x00,0x00,0x3b,0x70,0x00,0x00,0x3b,0xb0,0x10,0x0a,0x0d,0x59,0x09,0x00,0xe4,
    0x01,0x00,0x10,0xc6,0x28,0xc5,0x98,0x73,0xce,0x19,0x85,0x18,0x73,0xce,0x39,0xe7,
    0x0c,0x52,0x8c,0x39,0xe7,0x9c,0x73,0x8a,0x31,0xe7,0x9c,0x83,0x10,0x42,0xc5,0x98,
    0x73,0xce,0x41,0x08,0x21,0x73,0xce,0x39,0x08,0xa1,0x84,0x92,0x39,0xe7,0x1c,0x84,
    0x10,0x4a,0xe8,0x9c,0x83,0x50,0x4a,0x29,0xa5,0x74,0xce,0x41,0x08,0xa1,0x94,0x52,
    0x3a,0xe7,0x20,0x84,0x52,0x4a,0x29,0x9d,0x73,0x10,0x4a,0x29,0xa5,0x94,0x02,0x00,
    0x80,0x0a,0x1c,0x00,0x00,0x02,0x6c,0x14,0xd9,0x9c,0x60,0x24,0xa8,0xd0,0x90,0x95,
    0x00,0x40,0x1e,0x00,0x00,0x60,0x0c,0x42,0xce,0x49,0x69,0xad,0x61,0xcc,0x39,0x08,
    0x2d,0xd5,0xd8,0x30,0xc6,0x1c,0x94,0x94,0x62,0x8b,0x9c,0x83,0x90,0x52,0x8b,0xb9,
    0x46,0xcc,0x41,0x48,0x29,0xc6,0xa0,0x3b,0x28,0x29,0xb5,0x18,0x6c,0xf0,0x9d,0x84,
    0x94,0x5a,0x8b,0x39,0x07,0x93,0x52,0x8b,0x35,0xe7,0xde,0x83,0x48,0xa9,0xb5,0x9a,
    0x83,0xce,0x3d,0xd5,0x56,0x73,0xcf,0xbd,0xf7,0x9c,0x62,0xac,0x35,0xe7,0xde,0x73,
    0x2f,0x00,0x00,0x77,0xc1,0x01,0x00,0xec,0xc0,0x46,0x91,0xcd,0x09,0x46,0x82,0x0a,
    0x0d,0x59,0x09,0x00,0xe4,0x01,0x00,0x10,0x08,0x29,0xc5,0x98,0x73,0xce,0x19,0xa5,
    0x18,0x73,0xcc,0x39,0xe7,0x8c,0x52,0x8c,0x31,0xe6,0x9c,0x73,0x8a,0x31,0xc6,0x9c,
    0x73,0xce,0x41,0xc5,0x18,0x63,0xce,0x39,0x07,0x21,0x63,0xcc,0x39,0xe7,0x20,0x84,
    0x90,0x31,0xe6,0x9c,0x73,0x10,0x42,0xe8,0x9c,0x73,0x0e,0x42,0x08,0x21,0x74,0xce,
    0x39,0x07,0x21,0x84,0x10,0x3a,0xe7,0xa0,0x83,0x10,0x42,0x08,0x9d,0x73,0x10,0x42,
    0x08,0x21,0x84,0x02,0x00,0x80,0x0a,0x1c,0x00,0x00,0x02,0x6c,0x14,0xd9,0x9c,0x60,
    0x24,0xa8,0xd0,0x90,0x95,0x00,0x40,0x38,0x00,0x00,0x00,0x21,0x84,0x10,0x42,0x08,
    0x21,0x84,0x10,0x42,0x08,0x21,0x84,0x10,0x42,0x08,0x21,0x84,0x10,0x42,0x08,0x21,
    0x84,0x10,0x42,0x08,0x21,0x84,0x10,0x42,0x08,0x21,0x84,0x10,0x42,0x08,0x21,0x84,
    0x10,0x42,0x08,0x21,0x84,0x10,0x42,0x08,0x21,0x84,0x10,0x42,0x08,0x21,0x84,0x10,
    0x42,0x08,0x21,0x84,0x10,0x42,0x08,0x21,0x84,0x10,0x42,0x08,0x21,0x84,0x10,0x42,
    0x08,0x21,0x84,0x10,0x42,0x08,0x21,0x84,0x10,0x42,0x08,0x21,0x84,0x10,0x42,0x08,
    0x21,0x84,0x10,0x42,0x08,0x21,0x84,0x10,0x42,0x08,0x21,0x84,0x10,0x42,0x08,0x21,
    0x84,0x10,0x42,0x08,0x21,0x84,0x10,0x42,0x08,0x21,0x84,0x10,0x42,0x08,0x21,0x84,
    0x10,0x42,0xe8,0x9c,0x73,0xce,0x39,0xe7,0x9c,0x73,0xce,0x39,0xe7,0x9c,0x73,0xce,
    0x39,0xe7,0x9c,0x73,0xce,0x39,0x27,0x00,0xc8,0xb7,0xc2,0x01,0xc0,0xff,0xc1,0xc6,
    0x19,0x56,0x92,0xce,0x0a,0x47,0x83,0x0b,0x0d,0x59,0x09,0x00,0x84,0x03,0x00,0x00,
    0x0a,0x41,0x28,0xa5,0x62,0x10,0x4a,0x29,0x25,0x92,0x4e,0x3a,0x29,0x9d,0x93,0x50,
    0x4a,0x29,0x91,0x83,0x52,0x4a,0xe9,0xa4,0x94,0x52,0x4a,0x09,0xa5,0x94,0x52,0x4a,
    0x08,0xa5,0x94,0x52,0x4a,0x08,0x1d,0x94,0x52,0x42,0x29,0xa5,0x94,0x52,0x4a,0x29,
    0xa5,0x94,0x52,0x4a,0x29,0xa5,0x94,0x52,0x3a,0x29,0xa5,0x94,0x52,0x4a,0x29,0xa5,
    0x94,0xca,0x39,0x29,0xa5,0x93,0x52,0x4a,0x29,0xa5,0x44,0xce,0x49,0x29,0x21,0x94,
    0x52,0x4a,0x29,0xa5,0x84,0x52,0x4a,0x29,0xa5,0x94,0x52,0x4a,0x29,0xa5,0x94,0x52,
    0x4a,0x29,0xa5,0x94,0x52,0x4a,0x29,0xa5,0x84,0x10,0x42,0x08,0x21,0x84,0x10,0x42,
    0x08,0x21,0x84,0x10,0x42,0x08,0x21,0x84,0x10,0x42,0x08,0x21,0x84,0x10,0x42,0x08,
    0x21,0x84,0x10,0x42,0x08,0x21,0x84,0x10,0x42,0x08,0x21,0x84,0x02,0x00,0xb8,0x1b,
    0x1c,0x00,0x20,0x12,0x6c,0x9c,0x61,0x25,0xe9,0xac,0x70,0x34,0xb8,0xd0,0x90,0x95,
    0x00,0x40,0x48,0x00,0x00,0xa0,0x14,0x73,0x8e,0x4a,0x08,0x29,0x94,0x90,0x52,0xa8,
    0x98,0xa2,0x8e,0x42,0x29,0x29,0xa4,0x52,0x4a,0x0a,0x11,0x63,0xce,0x49,0xea,0x1c,
    0x85,0x50,0x52,0x28,0xa9,0x83,0xca,0x39,0x08,0xa5,0xa4,0x94,0x42,0x2a,0x21,0x75,
    0xce,0x41,0x07,0x25,0x85,0x90,0x52,0x09,0x21,0x95,0x8e,0x3a,0xe8,0x28,0x94,0x50,
    0x52,0x2a,0x25,0x94,0xd2,0x39,0x28,0xa5,0x84,0x14,0x4a,0x4a,0x29,0x95,0x90,0x42,
    0x48,0xa9,0x74,0x94,0x52,0x28,0x25,0x95,0x94,0x42,0x2a,0x21,0x95,0x52,0x4a,0x48,
    0x25,0x95,0x10,0x4a,0x0a,0x9d,0xa4,0x54,0x4a,0x0a,0xa9,0xa4,0x54,0x52,0x08,0x9d,
    0x74,0x90,0x42,0x27,0x25,0xa4,0x92,0x4a,0x0a,0xa9,0x93,0x94,0x52,0x2a,0x25,0xa5,
    0x94,0x4a,0x4a,0x25,0x74,0x52,0x42,0x2a,0x29,0xa5,0x10,0x42,0x4a,0xa9,0x94,0x10,
    0x4a,0x48,0x29,0xa5,0x4e,0x52,0x49,0xa9,0xa4,0x14,0x42,0x28,0x21,0x85,0x94,0x52,
    0x4a,0x25,0xa5,0x92,0x4a,0x4a,0x21,0x95,0x54,0x42,0x09,0xa5,0xa4,0x94,0x52,0x28,
    0xa1,0xa4,0x54,0x52,0x4a,0x29,0xa5,0x92,0x52,0x29,0x00,0x00,0xe0,0xc0,0x01,0x00,
    0x20,0xc0,0x08,0x3a,0xc9,0xa8,0xb2,0x08,0x1b,0x4d,0xb8,0xf0,0x00,0x14,0x1a,0xb2,
    0x12,0x00,0x20,0x03,0x00,0x40,0x94,0x74,0xd6,0x69,0xa7,0x49,0x22,0x08,0x31,0x45,
    0x99,0x27,0x0d,0x29,0xc6,0x20,0xb5,0xa4,0x2c,0xc3,0x10,0x53,0x92,0x89,0xf1,0x14,
    0x63,0x8c,0x39,0x28,0x46,0x43,0x0e,0x31,0xe4,0x94,0x18,0x17,0x4a,0x08,0xa1,0x83,
    0x62,0x3c,0x26,0x95,0x43,0xca,0x50,0x51,0xb9,0xb7,0xd4,0x39,0x05,0xc5,0x16,0x63,
    0x7c,0xef,0xb1,0x17,0x01,0x00,0x00,0x08,0x02,0x00,0x04,0x84,0x04,0x00,0x18,0x20,
    0x28,0x98,0x01,0x00,0x06,0x07,0x08,0x23,0x07,0x02,0x1d,0x01,0x04,0x0e,0x6d,0x00,
    0x80,0x81,0x08,0x99,0x09,0x0c,0x0a,0xa1,0xc1,0x41,0x26,0x00,0x3c,0x40,0x44,0x48,
    0x05,0x00,0x89,0x09,0x8a,0xd2,0x85,0x2e,0x08,0x21,0x82,0x74,0x11,0x64,0xf1,0xc0,
    0x85,0x13,0x37,0x9e,0xb8,0xe1,0x84,0x0e,0x6d,0x10,0x00,0x00,0x00,0x00,0x00,0x10,
    0x00,0xf0,0x01,0x00,0x90,0x50,0x00,0x11,0x11,0xd1,0xcc,0x55,0x58,0x5c,0x60,0x64,
    0x68,0x6c,0x70,0x74,0x78,0x7c,0x80,0x84,0x04,0x00,0x00,0x00,0x00,0x00,0x08,0x00,
    0x7c,0x00,0x00,0x24,0x22,0x40,0x44,0x44,0x34,0x73,0x15,0x16,0x17,0x18,0x19,0x1a,
    0x1b,0x1c,0x1d,0x1e,0x1f,0x20,0x21,0x01,0x00,0x00,0x00,0x00,0x00,0x00,0x00,0x00,
    0x40,0x40,0x40,0x00,0x00,0x00,0x00,0x00,0x20,0x00,0x00,0x00,0x40,0x40,0x4f,0x67,
    0x67,0x53,0x00,0x04,0x00,0x09,0x00,0x00,0x00,0x00,0x00,0x00,0x40,0xf3,0x6b,0x2d,
    0x02,0x00,0x00,0x00,0x7d,0x15,0x9e,0xa5,0x07,0x4b,0x3f,0x4f,0x46,0x47,0x3c,0x11,
    0x44,0xb5,0x84,0xc7,0xfb,0x8a,0x03,0xc0,0x4d,0x00,0x06,0xfc,0xe2,0xc3,0xb5,0x83,
    0xa0,0xfe,0xbd,0xe4,0x02,0x0c,0xe6,0xe5,0x18,0x84,0x44,0x29,0xf5,0x5a,0xee,0x3f,
    0x83,0x70,0xbf,0x52,0x30,0x4a,0xcc,0xf5,0x56,0xb9,0xeb,0xf5,0xae,0xe7,0x4f,0x88,
    0x18,0x50,0x01,0xc2,0x8a,0x9f,0x77,0x32,0x7e,0x51,0x38,0xba,0xd2,0x1e,0x1d,0x6c,
    0x9f,0xf4,0x66,0xe8,0x3e,0xe8,0xe5,0xf7,0x51,0x1d,0x00,0x74,0xb5,0x4a,0xc9,0xae,
    0xff,0xb0,0x3b,0xc0,0x05,0xc4,0x8a,0x40,0xd3,0xd2,0xf8,0x5b,0x0e,0x00,0xef,0xc1,
    0x55,0xf3,0x3b,0xc6,0xbb,0x8e,0x1c,0xef,0x7e,0x7c,0x75,0xb0,0x91,0x32,0xc0,0x70,
    0xbf,0xb8,0x5f,0x4e,0xbb,0x8c,0xa7,0x6b,0x8f,0x80,0x04,0x68,0x4b,0xa5,0x05,0x3b,
    0xf8,0x3b,0x5d,0x12,0x4e,0xe3,0x4c,0x5c,0x4e,0x02,0x3a,0xdb,0x5a,0x19,0x8f,0xdf,
    0xb0,0x9d,0xf3,0x97,0x5f,0xb2,0x8d,0x16,0x80,0x9e,0x90,0x44,0x11,0xfc,0x97,0x05,
    0x00,0x00,0x00,0xe8,0x63,0xf8,0xaa,0xcd,0x39,0x24,0xe7,0x1b,0x85,0x0e,0x10,0x97,
    0xd4,0xaf,0xd3,0xaf,0x45,0xe8,0x46,0x73,0x1a,0x3b,0x65,0x35,0x3e,0x76,0x16,0x94,
    0xeb,0x10,0x5d,0x7b,0x71,0xbd,0xe4,0x50,0x2b,0x6f,0xf6,0x5d,0x02,0xe2,0x7d,0x97,
    0x6e,0x6b,0x8d,0x66,0x66,0x72,0x8b,0xd0,0x00,0xde,0x19,0x5a,0x2d,0x8f,0x67,0x30,
    0xa5,0x7e,0x45,0xc6,0x56,0x14,0x98,0x3d,0x24,0x9b,0x52,0x76,0x39,0xbb,0xb0,0x7f,
    0xfa,0x90,0x00,0x80,0xd7,0x03,0x00,0x89,0x37,0xc1,0x2c,0x28,0xec,0x8a,0xd3,0xbc,
    0xac,0xaa,0xa1,0x62,0x1d,0x58,0x5f,0x06,0x9c,0x02,0xe2,0x1a,0xe5,0x78,0x28,0x7e,
    0xde,0x90,0xb1,0x19,0x23,0x83,0x47,0x6d,0x55,0x83,0x22,0xca,0x02,0xa8,0x02,0x7e,
    0x88,0x99,0x88,0x23,0x37,0x5d,0x51,0xdf,0x31,0xb1,0x25,0x93,0x49,0x5e,0x03,0x64,
    0x49,0x94,0x42,0x6f,0xaf,0x00,0x00,0x80,0xf7,0x3a,0x7b,0x64,0xcd,0x2b,0x76,0x04,
    0x0e,0x17,0xaa,0xf3,0x4c,0xbb,0x61,0xed,0x93,0x30,0x33,0xea,0xfa,0xd1,0x02,0x08,
    0xda,0xfd,0xe6,0x00,0xa1,0xa6,0xd6,0xaf,0x2d,0x81,0x7d,0x4a,0x76,0x8c,0x33,0xf9,
    0xd9,0xba,0x8e,0x0e,0x0f,0x00,0x7e,0x98,0xa9,0xdb,0xf1,0x6c,0x2b,0x2d,0xbe,0x9a,
    0xb7,0x96,0x15,0xa1,0xdc,0x45,0x02,0x17,0xc0,0xad,0x8d,0x11,0x5f,0xcc,0x00,0xf4,
    0xd3,0x8f,0x00,0x00,0x13,0x6b,0xe0,0x5d,0xc6,0x44,0xd0,0x6f,0xbe,0x04,0x89,0x27,
    0xd0,0xc4,0x5e,0x59,0xef,0x64,0xb5,0x0a,0x4e,0xce,0x6e,0x05,0xdf,0xf8,0xd1,0x8b,
    0x3c,0x3c,0x9e,0x18,0xfa,0x25,0x11,0x00,0x3c,0x10,0x14,0x00,0x00,0xc0,0x4e,0xff,
    0xfc,0x7e,0x0a,
};

static const unsigned char s_didgeridoo[] = {
    0x4f,0x67,0x67,0x53,0x00,0x02,0x00,0x00,0x00,0x00,0x00,0x00,0x00,0x00,0xa2,0x1e,
    0xad,0xe0,0x00,0x00,0x00,0x00,0xdb,0xbd,0x02,0xa0,0x01,0x1e,0x01,0x76,0x6f,0x72,
    0x62,0x69,0x73,0x00,0x00,0x00,0x00,0x01,0x09,0x56,0x00,0x00,0xff,0xff,0xff,0xff,
    0x00,0x7d,0x00,0x00,0xff,0xff,0xff,0xff,0xa9,0x01,0x4f,0x67,0x67,0x53,0x00,0x00,
    0x00,0x00,0x00,0x00,0x00,0x00,0x00,0x00,0xa2,0x1e,0xad,0xe0,0x01,0x00,0x00,0x00,
    0x70,0x4f,0x9a,0xf1,0x0e,0x32,0xff,0xff,0xff,0xff,0xff,0xff,0xff,0xff,0xff,0xff,
    0xff,0xff,0xc5,0x03,0x76,0x6f,0x72,0x62,0x69,0x73,0x0b,0x00,0x00,0x00,0x4c,0x61,
    0x76,0x66,0x35,0x33,0x2e,0x32,0x34,0x2e,0x32,0x01,0x00,0x00,0x00,0x13,0x00,0x00,
    0x00,0x65,0x6e,0x63,0x6f,0x64,0x65,0x72,0x3d,0x4c,0x61,0x76,0x66,0x35,0x33,0x2e,
    0x32,0x34,0x2e,0x32,0x01,0x05,0x76,0x6f,0x72,0x62,0x69,0x73,0x22,0x42,0x43,0x56,
    0x01,0x00,0x40,0x00,0x00,0x18,0x42,0x10,0x2a,0x05,0xad,0x63,0x8e,0x3a,0xc8,0x15,
    0x21,0x8c,0x19,0xa2,0xa0,0x42,0xca,0x29,0xc7,0x1d,0x42,0xd0,0x21,0xa3,0x24,0x43,
    0x88,0x3a,0xc6,0x35,0xc7,0x18,0x63,0x47,0xb9,0x64,0x8a,0x42,0xc9,0x81,0xd0,0x90,
    0x55,0x00,0x00,0x40,0x00,0x00,0xa4,0x1c,0x57,0x50,0x72,0x49,0x2d,0xe7,0x9c,0x73,
    0xa3,0x18,0x57,0xcc,0x71,0xe8,0x20,0xe7,0x9c,0x73,0xe5,0x20,0x67,0xcc,0x71,0x09,
    0x25,0xe7,0x9c,0x73,0x8e,0x39,0xe7,0x92,0x72,0x8e,0x31,0xe7,0x9c,0x73,0xa3,0x18,
    0x57,0x0e,0x72,0x29,0x2d,0xe7,0x9c,0x73,0x81,0x14,0x47,0x8a,0x71,0xa7,0x18,0xe7,
    0x9c,0x73,0xa4,0x1c,0x47,0x8a,0x71,0xa8,0x18,0xe7,0x9c,0x73,0x6d,0x31,0xb7,0x92,
    0x72,0xce,0x39,0xe7,0x9c,0x73,0xe6,0x20,0x87,0x52,0x72,0xae,0x35,0xe7,0x9c,0x73,
    0xa4,0x18,0x67,0x0e,0x72,0x0b,0x25,0xe7,0x9c,0x73,0xc6,0x20,0x67,0xcc,0x71,0xeb,
    0x20,0xe7,0x9c,0x73,0x8c,0x35,0xb7,0xd4,0x72,0xce,0x39,0xe7,0x9c,0x73,0xce,0x39,
    0xe7,0x9c,0x73,0xce,0x39,0xe7,0x9c,0x73,0x8c,0x31,0xe7,0x9c,0x73,0xce,0x39,0xe7,
    0x9c,0x73,0x6e,0x31,0xe7,0x16,0x73,0xae,0x39,0xe7,0x9c,0x73,0xce,0x39,0xe7,0x1c,
    0x73,0xce,0x39,0xe7,0x9c,0x73,0x20,0x34,0x64,0x15,0x00,0x90,0x00,0x00,0xa0,0xa1,
    0x28,0x8a,0xe2,0x28,0x0e,0x10,0x1a,0xb2,0x0a,0x00,0xc8,0x00,0x00,0x10,0x40,0x71,
    0x14,0x47,0x91,0x14,0x4b,0xb1,0x1c,0xcb,0xd1,0x24,0x0d,0x08,0x0d,0x59,0x05,0x00,
    0x00,0x01,0x00,0x08,0x00,0x00,0xa0,0x48,0x86,0xa4,0x48,0x8a,0xa5,0x58,0x8e,0x66,
    0x69,0x9e,0x26,0x7a,0xa2,0x28,0x9a,0xa2,0x2a,0xab,0xb2,0x69,0xca,0xb2,0x2c,0xcb,
    0xb2,0xeb,0xba,0x2e,0x10,0x1a,0xb2,0x0a,0x00,0x48,0x00,0x00,0x50,0x51,0x14,0xc5,
    0x70,0x14,0x07,0x08,0x0d,0x59,0x05,0x00,0x64,0x00,0x00,0x08,0x60,0x28,0x8a,0xa3,
    0x38,0x8e,0xe4,0x58,0x92,0xa5,0x59,0x9e,0x07,0x84,0x86,0xac,0x02,0x00,0x80,0x00,
    0x00,0x04,0x00,0x00,0x50,0x0c,0x47,0xb1,0x14,0x4d,0xf1,0x24,0xcf,0xf2,0x3c,0xcf,
    0xf3,0x3c,0xcf,0xf3,0x3c,0xcf,0xf3,0x3c,0xcf,0xf3,0x3c,0xcf,0xf3,0x3c,0xcf,0xf3,
    0x3c,0x0d,0x08,0x0d,0x59,0x05,0x00,0x20,0x00,0x00,0x00,0x82,0x28,0x64,0x18,0x03,
    0x42,0x43,0x56,0x01,0x00,0x40,0x00,0x00,0x08,0x21,0x1a,0x19,0x43,0x9d,0x52,0x12,
    0x5c,0x0a,0x16,0x42,0x1c,0x11,0x43,0x1d,0x42,0xce,0x43,0xa9,0xa5,0x83,0xe0,0x29,
    0x85,0x25,0x63,0xd2,0x53,0xac,0x41,0x08,0x21,0x7c,0xef,0x3d,0xf7,0xde,0x7b,0xef,
    0x81,0xd0,0x90,0x55,0x00,0x00,0x10,0x00,0x00,0x61,0x14,0x38,0x88,0x81,0xc7,0x24,
    0x08,0x21,0x84,0x62,0x14,0x27,0x44,0x71,0xa6,0x20,0x08,0x21,0x84,0xe5,0x24,0x58,
    0xca,0x79,0xe8,0x24,0x08,0xdd,0x83,0x10,0x42,0xb8,0x9c,0x7b,0xcb,0xb9,0xf7,0xde,
    0x7b,0x20,0x34,0x64,0x15,0x00,0x00,0x08,0x00,0xc0,0x20,0x84,0x10,0x42,0x08,0x21,
    0x84,0x10,0x42,0x08,0x29,0xa4,0x94,0x52,0x48,0x29,0xa6,0x98,0x62,0x8a,0x29,0xc7,
    0x1c,0x73,0xcc,0x31,0xc7,0x20,0x83,0x0c,0x32,0xe8,0xa0,0x93,0x4e,0x3a,0xc9,0xa4,
    0x92,0x4e,0x3a,0xca,0x24,0xa3,0x8e,0x52,0x6b,0x29,0xb5,0x14,0x53,0x4c,0xb1,0xe5,
    0x16,0x63,0xad,0xb5,0xd6,0x9c,0x73,0xaf,0x41,0x29,0x63,0x8c,0x31,0xc6,0x18,0x63,
    0x8c,0x31,0xc6,0x18,0x63,0x8c,0x31,0xc6,0x18,0x23,0x08,0x0d,0x59,0x05,0x00,0x80,
    0x00,0x00,0x10,0x06,0x19,0x64,0x90,0x41,0x08,0x21,0x84,0x14,0x52,0x48,0x29,0xa6,
    0x98,0x72,0xcc,0x31,0xc7,0x1c,0x03,0x42,0x43,0x56,0x01,0x00,0x80,0x00,0x00,0x02,
    0x00,0x00,0x00,0x1c,0x45,0x52,0x24,0x47,0x72,0x24,0x47,0x92,0x24,0xc9,0x92,0x2c,
    0x49,0x93,0x3c,0xcb,0xb3,0x3c,0xcb,0xb3,0x3c,0x4d,0xd4,0x44,0x4d,0x15,0x55,0xd5,
    0x55,0x6d,0xd7,0xf6,0x6d,0x5f,0xf6,0x6d,0xdf,0xd5,0x65,0xdf,0xf6,0x65,0xdb,0xd5,
    0x65,0x5d,0x96,0x65,0xdd,0xb5,0x6d,0x5d,0xd6,0x5d,0x5d,0xd7,0x75,0x5d,0xd7,0x75,
    0x5d,0xd7,0x75,0x5d,0xd7,0x75,0x5d,0xd7,0x75,0x5d,0xd7,0x81,0xd0,0x90,0x55,0x00,
    0x80,0x04,0x00,0x80,0x8e,0xe4,0x38,0x8e,0xe4,0x38,0x8e,0xe4,0x48,0x8e,0xa4,0x48,
    0x0a,0x10,0x1a,0xb2,0x0a,0x00,0x90,0x01,0x00,0x10,0x00,0x80,0xa3,0x38,0x8a,0xe3,
    0x48,0x8e,0xe4,0x58,0x8e,0x25,0x59,0x92,0x26,0x69,0x96,0x67,0x79,0x96,0xa7,0x79,
    0x9a,0xa8,0x89,0x1e,0x10,0x1a,0xb2,0x0a,0x00,0x00,0x04,0x00,0x10,0x00,0x00,0x00,
    0x00,0x00,0x80,0xa2,0x28,0x8a,0xa3,0x38,0x8e,0x24,0x59,0x96,0xa6,0x69,0x9e,0xa7,
    0x7a,0xa2,0x28,0x9a,0xaa,0xaa,0x8a,0xa6,0xa9,0xaa,0xaa,0x6a,0x9a,0xa6,0x69,0x9a,
    0xa6,0x69,0x9a,0xa6,0x69,0x9a,0xa6,0x69,0x9a,0xa6,0x69,0x9a,0xa6,0x69,0x9a,0xa6,
    0x69,0x9a,0xa6,0x69,0x9a,0xa6,0x69,0x9a,0xa6,0x69,0x9a,0xa6,0x69,0x02,0xa1,0x21,
    0xab,0x00,0x00,0x09,0x00,0x00,0x1d,0xc7,0x71,0x1c,0x47,0x71,0x1c,0xc7,0x71,0x24,
    0x47,0x92,0x24,0x20,0x34,0x64,0x15,0x00,0x20,0x03,0x00,0x20,0x00,0x00,0x43,0x51,
    0x1c,0x45,0x72,0x2c,0xc7,0x92,0x34,0x4b,0xb3,0x3c,0xcb,0xd3,0x44,0xcf,0xf4,0x5c,
    0x51,0x36,0x75,0x53,0x57,0x6d,0x20,0x34,0x64,0x15,0x00,0x00,0x08,0x00,0x20,0x00,
    0x00,0x00,0x00,0x00,0x00,0xc7,0x73,0x3c,0xc7,0x73,0x3c,0xc9,0x93,0x3c,0xcb,0x73,
    0x3c,0xc7,0x93,0x3c,0x49,0xd3,0x34,0x4d,0xd3,0x34,0x4d,0xd3,0x34,0x4d,0xd3,0x34,
    0x4d,0xd3,0x34,0x4d,0xd3,0x34,0x4d,0xd3,0x34,0x4d,0xd3,0x34,0x4d,0xd3,0x34,0x4d,
    0xd3,0x34,0x4d,0xd3,0x34,0x4d,0xd3,0x34,0x4d,0xd3,0x34,0x4d,0xd3,0x34,0x4d,0x03,
    0x42,0x43,0x56,0x02,0x00,0x64,0x00,0x00,0x10,0x93,0x90,0x4a,0x4e,0xb1,0x57,0x46,
    0x29,0xc6,0x24,0xb4,0x5e,0x2a,0xa4,0x14,0x93,0xd4,0x7b,0xa8,0x98,0x62,0x4c,0x3a,
    0xed,0xa9,0x42,0x06,0x29,0x07,0xb9,0x87,0x4a,0x21,0xa5,0xa0,0xd3,0xde,0x32,0xa5,
    0x90,0x52,0x0c,0x7b,0xa7,0x98,0x42,0xc8,0x18,0xea,0xa1,0x83,0x90,0x31,0x85,0xb0,
    0xd7,0xda,0x73,0xcf,0xbd,0xf7,0x1e,0x08,0x0d,0x59,0x11,0x00,0x44,0x01,0x00,0x00,
    0xc6,0x20,0xc6,0x10,0x63,0xc8,0x31,0x26,0x25,0x83,0x12,0x31,0xc7,0x24,0x64,0x52,
    0x22,0xe7,0x9c,0x94,0x4e,0x4a,0x26,0xa5,0xa4,0x56,0x5a,0xcc,0xa4,0x84,0x98,0x4a,
    0x8b,0x91,0x73,0x4e,0x4a,0x27,0x25,0x93,0x52,0x5a,0x0b,0xa9,0x65,0x92,0x4a,0x6b,
    0x25,0xa6,0x02,0x00,0x00,0x02,0x1c,0x00,0x00,0x02,0x2c,0x84,0x42,0x43,0x56,0x04,
    0x00,0x51,0x00,0x00,0x88,0x31,0x48,0x29,0xa4,0x14,0x52,0x4a,0x31,0xa7,0x98,0x43,
    0x4a,0x29,0xc7,0x94,0x63,0x48,0x29,0xe5,0x9c,0x72,0x4e,0x39,0xc7,0x98,0x74,0x10,
    0x2a,0xe7,0x18,0x74,0x0e,0x4a,0xa4,0x94,0x72,0x8e,0x39,0xa7,0x9c,0x73,0x12,0x32,
    0x07,0x95,0x73,0x0e,0x42,0x26,0x9d,0x00,0x00,0x80,0x00,0x07,0x00,0x80,0x00,0x0b,
    0xa1,0xd0,0x90,0x15,0x01,0x40,0x9c,0x00,0x00,0x80,0x90,0x73,0x8a,0x31,0x08,0x11,
    0x63,0x10,0x42,0x09,0x29,0x85,0x50,0x52,0xaa,0x9c,0x93,0xd2,0x41,0x49,0xa9,0x83,
    0x92,0x52,0x49,0xa9,0xc5,0x92,0x52,0x8c,0x95,0x73,0x52,0x3a,0x09,0x29,0x75,0x12,
    0x52,0x2a,0x29,0xc5,0x58,0x52,0x8a,0x2d,0xa4,0x54,0x63,0x69,0x2d,0xd7,0xd2,0x52,
    0x8d,0x2d,0xc6,0x9c,0x5b,0x8c,0xbd,0x86,0x94,0x62,0x2d,0xa9,0xd5,0x5a,0x5a,0xab,
    0xb9,0xc5,0x58,0x73,0x8b,0x35,0xf7,0xc8,0x39,0x4a,0x9d,0x94,0xd6,0x3a,0x29,0xad,
    0xa5,0xd6,0x6a,0x4d,0xad,0xd5,0xda,0x49,0x69,0x2d,0xa4,0xd6,0x62,0x69,0x2d,0xc6,
    0xd6,0x62,0xcd,0x29,0xc6,0x9c,0x33,0x29,0xad,0x85,0x96,0x62,0x2b,0xa9,0xc5,0xd8,
    0x62,0xcb,0x35,0xb5,0x98,0x73,0x69,0x2d,0xd7,0x14,0x63,0xcf,0x29,0xc6,0x9e,0x6b,
    0xac,0xb9,0xc7,0x9c,0x83,0x30,0xad,0xd5,0x9c,0x5a,0xcb,0x39,0xc5,0x98,0x7b,0xcc,
    0xb1,0xe7,0x98,0x73,0x0f,0x92,0x73,0x94,0x3a,0x29,0xad,0x75,0x52,0x5a,0x4b,0xad,
    0xd5,0x9a,0x5a,0xab,0x35,0x93,0xd2,0x5a,0x69,0xad,0xc6,0x90,0x5a,0x8b,0x2d,0xc6,
    0x9c,0x5b,0x8b,0x31,0x67,0x52,0x5a,0x2c,0xa9,0xc5,0x58,0x5a,0x8a,0x31,0xc5,0x98,
    0x73,0x8b,0x2d,0xd7,0xd0,0x5a,0xae,0x29,0xc6,0x9c,0x53,0x8b,0x39,0xc7,0x5a,0x83,
    0x92,0xb1,0xf6,0x5e,0x5a,0xab,0x39,0xc5,0x98,0x7b,0x8a,0xad,0xe7,0x98,0x73,0x30,
    0x36,0xc7,0x9e,0x3b,0x4a,0xb9,0x96,0xd6,0x7a,0x2e,0xad,0xf5,0x5e,0x73,0x2e,0x42,
    0xd6,0xdc,0x8b,0x68,0x2d,0xe7,0xd4,0x6a,0x0f,0x2a,0xc6,0x9e,0x73,0xce,0xc1,0xd8,
    0xdc,0x83,0x10,0xad,0xe5,0x9c,0x6a,0xec,0x3d,0xc5,0xd8,0x7b,0xee,0x39,0x18,0xdb,
    0x73,0xf0,0xad,0xd6,0xe0,0x5b,0xcd,0x45,0xc8,0x9c,0x83,0xd0,0xb9,0xf8,0xa6,0x7b,
    0x30,0x46,0xd5,0xda,0x83,0xcc,0xb5,0x08,0x99,0x73,0x10,0x3a,0xe8,0x22,0x74,0xf0,
    0xc9,0x78,0x94,0x6a,0x2e,0xad,0xe5,0x5c,0x5a,0xeb,0x3d,0xd6,0x1a,0x7c,0xcd,0x39,
    0x08,0xd1,0x5a,0xee,0x29,0xc6,0xde,0x53,0x8b,0xbd,0xd7,0x9e,0x9b,0xb0,0xbd,0x07,
    0x21,0x5a,0xcb,0x3d,0xc5,0xd8,0x83,0x8a,0x31,0xf8,0x9a,0x73,0x30,0x3a,0xe7,0x62,
    0x54,0xad,0xc1,0xc7,0x9c,0x83,0x90,0xb5,0x16,0xa1,0x7b,0x2f,0x4a,0xe7,0x20,0x94,
    0xaa,0xb5,0x07,0x99,0x6b,0x50,0x32,0xd7,0x22,0x74,0xf0,0xc5,0xe8,0xa0,0x8b,0x2f,
    0x00,0x00,0x60,0xc0,0x01,0x00,0x20,0xc0,0x84,0x32,0x50,0x68,0xc8,0x8a,0x00,0x20,
    0x4e,0x00,0x80,0x41,0xc8,0x39,0xa5,0x18,0x84,0x4a,0x29,0x08,0xa1,0x84,0x94,0x42,
    0x28,0x29,0x55,0x8c,0x49,0xc8,0x98,0x83,0x92,0x31,0x27,0xa5,0x94,0x52,0x5a,0x08,
    0x25,0xb5,0x8a,0x31,0x08,0x99,0x63,0x52,0x32,0xc7,0xa4,0x84,0x12,0x5a,0x2a,0x25,
    0xb4,0x12,0x4a,0x69,0xa9,0x94,0xd2,0x5a,0x28,0xa5,0xb5,0x96,0x5a,0x8c,0x29,0xb5,
    0x16,0x43,0x29,0xa9,0x85,0x52,0x5a,0x2b,0xa5,0xb4,0x96,0x5a,0xaa,0x31,0xb5,0x56,
    0x63,0xc4,0x98,0x94,0xcc,0x39,0x29,0x99,0x63,0x52,0x4a,0x29,0xad,0x95,0x52,0x5a,
    0xab,0x1c,0x93,0x92,0x31,0x28,0xa9,0x83,0x90,0x4a,0x29,0x29,0xc5,0x52,0x52,0x8b,
    0x95,0x73,0x52,0x32,0xe8,0xa8,0x74,0x10,0x4a,0x2a,0xa9,0xc4,0x54,0x52,0x69,0xad,
    0xa4,0xd2,0x52,0x29,0xa5,0xc5,0x92,0x52,0x6c,0x29,0xc5,0x54,0x5b,0x8b,0xb5,0x86,
    0x52,0x5a,0x2c,0xa9,0xc4,0x56,0x52,0x6a,0x31,0xb5,0x54,0x5b,0x8b,0x31,0xd7,0x88,
    0x31,0x29,0x19,0x73,0x52,0x32,0xe7,0xa4,0x94,0x52,0x52,0x2b,0xa5,0xb4,0x96,0x39,
    0x27,0xa5,0x83,0x8e,0x4a,0xe6,0xa0,0xa4,0x92,0x52,0x6b,0xa5,0xa4,0x14,0x33,0xe6,
    0xa4,0x74,0x0e,0x4a,0xca,0x20,0xa3,0x52,0x52,0x8a,0x2d,0xa5,0x12,0x53,0x28,0xa5,
    0xb5,0x92,0x52,0x6c,0xa5,0xa4,0xd6,0x5a,0x8c,0xb5,0xa6,0xd4,0x5a,0x2d,0x25,0xb5,
    0x56,0x52,0x6a,0xb1,0x94,0x12,0x5b,0x8b,0x31,0xd7,0x16,0x4b,0x4d,0x9d,0x94,0xd6,
    0x4a,0x2a,0x31,0x86,0x52,0x5a,0x6b,0x31,0xe6,0x9a,0x5a,0x8b,0x31,0x94,0x12,0x5b,
    0x29,0x29,0xc6,0x92,0x4a,0x6c,0xad,0xc5,0x9a,0x5b,0x6c,0x39,0x86,0x52,0x5a,0x2c,
    0xa9,0xc4,0x56,0x4a,0x6a,0xb1,0xd5,0x96,0x63,0x6b,0xb1,0xe6,0xd4,0x52,0x8d,0x29,
    0xb5,0x9a,0x5b,0x6c,0xb9,0xc6,0x94,0x53,0x8f,0xb5,0xf6,0x9c,0x5a,0xab,0x35,0xb5,
    0x54,0x63,0x6b,0xb1,0xe6,0x58,0x5b,0x6f,0xb5,0xd6,0x9c,0x3b,0x29,0xad,0x85,0x52,
    0x5a,0x2b,0x25,0xc5,0x98,0x5a,0x8b,0xb1,0xc5,0x58,0x73,0x28,0x25,0xb6,0x92,0x52,
    0x6c,0xa5,0xa4,0x18,0x5b,0x6c,0xb9,0xb6,0x16,0x63,0x0f,0xa1,0xb4,0x58,0x4a,0x6a,
    0xb1,0xa4,0x12,0x63,0x6b,0x31,0xe6,0x18,0x5b,0x8e,0xa9,0xb5,0x5a,0x5b,0x6c,0xb9,
    0xa6,0xd4,0x62,0xad,0xb5,0xf6,0x1c,0x5b,0x6e,0x3d,0xa5,0x16,0x6b,0x8b,0xb1,0xe6,
    0xd2,0x52,0x8d,0x35,0xd7,0xde,0x63,0x4d,0x39,0x15,0x00,0x00,0x30,0xe0,0x00,0x00,
    0x10,0x60,0x42,0x19,0x28,0x34,0x64,0x25,0x00,0x10,0x05,0x00,0x00,0x18,0xc3,0x18,
    0x63,0x10,0x1a,0xa5,0x9c,0x73,0x4e,0x4a,0x83,0x94,0x73,0xce,0x49,0xc9,0x9c,0x83,
    0x10,0x42,0x4a,0x99,0x73,0x10,0x42,0x48,0x29,0x73,0x4e,0x42,0x4a,0x2d,0x65,0xce,
    0x41,0x48,0xa9,0xb5,0x50,0x4a,0x4a,0xad,0xc5,0x16,0x4a,0x49,0xa9,0xb5,0x16,0x0b,
    0x00,0x00,0x28,0x70,0x00,0x00,0x08,0xb0,0x41,0x53,0x62,0x71,0x80,0x42,0x43,0x56,
    0x02,0x00,0x51,0x00,0x00,0x88,0x31,0x4a,0x31,0x06,0xa1,0x31,0x46,0x29,0xe7,0x20,
    0x34,0xc6,0x28,0xc5,0x18,0x84,0x4a,0x29,0xc6,0x9c,0x93,0x50,0x29,0xc5,0x98,0x73,
    0x50,0x32,0xc7,0x9c,0x83,0x50,0x4a,0xe6,0x9c,0x73,0x10,0x4a,0x09,0x21,0x94,0x52,
    0x4a,0x4a,0x21,0x84,0x52,0x4a,0x49,0xa9,0x00,0x00,0x80,0x02,0x07,0x00,0x80,0x00,
    0x1b,0x34,0x25,0x16,0x07,0x28,0x34,0x64,0x45,0x00,0x10,0x05,0x00,0x00,0x18,0x63,
    0x9c,0x33,0xce,0x21,0x0a,0x9d,0xa5,0xce,0x52,0x24,0xa9,0xa3,0xd6,0x51,0x6b,0x28,
    0xa5,0x1a,0x4b,0x8c,0x9d,0xc6,0x56,0x7b,0xeb,0xb9,0xd3,0x1a,0x7b,0x6d,0xb9,0x37,
    0x94,0x4a,0x8d,0xa9,0xd6,0x8e,0x6b,0xcb,0xb9,0xd5,0xde,0x69,0x4d,0x3d,0xb7,0x1c,
    0x0b,0x00,0x00,0x3b,0x70,0x00,0x00,0x3b,0xb0,0x10,0x0a,0x0d,0x59,0x09,0x00,0xe4,
    0x01,0x00,0x10,0xc6,0x28,0xc5,0x98,0x73,0xce,0x19,0x85,0x18,0x73,0xce,0x39,0xe7,
    0x0c,0x52,0x8c,0x39,0xe7,0x9c,0x73,0x8a,0x31,0xe7,0x9c,0x83,0x10,0x42,0xc5,0x98,
    0x73,0xce,0x41,0x08,0x21,0x73,0xce,0x39,0x08,0xa1,0x84,0x92,0x39,0xe7,0x1c,0x84,
    0x10,0x4a,0xe8,0x9c,0x83,0x50,0x4a,0x29,0xa5,0x74,0xce,0x41,0x08,0xa1,0x94,0x52,
    0x3a,0xe7,0x20,0x84,0x52,0x4a,0x29,0x9d,0x73,0x10,0x4a,0x29,0xa5,0x94,0x02,0x00,
    0x80,0x0a,0x1c,0x00,0x00,0x02,0x6c,0x14,0xd9,0x9c,0x60,0x24,0xa8,0xd0,0x90,0x95,
    0x00,0x40,0x1e,0x00,0x00,0x60,0x0c,0x42,0xce,0x49,0x69,0xad,0x61,0xcc,0x39,0x08,
    0x2d,0xd5,0xd8,0x30,0xc6,0x1c,0x94,0x94,0x62,0x8b,0x9c,0x83,0x90,0x52,0x8b,0xb9,
    0x46,0xcc,0x41,0x48,0x29,0xc6,0xa0,0x3b,0x28,0x29,0xb5,0x18,0x6c,0xf0,0x9d,0x84,
    0x94,0x5a,0x8b,0x39,0x07,0x93,0x52,0x8b,0x35,0xe7,0xde,0x83,0x48,0xa9,0xb5,0x9a,
    0x83,0xce,0x3d,0xd5,0x56,0x73,0xcf,0xbd,0xf7,0x9c,0x62,0xac,0x35,0xe7,0xde,0x73,
    0x2f,0x00,0x00,0x77,0xc1,0x01,0x00,0xec,0xc0,0x46,0x91,0xcd,0x09,0x46,0x82,0x0a,
    0x0d,0x59,0x09,0x00,0xe4,0x01,0x00,0x10,0x08,0x29,0xc5,0x98,0x73,0xce,0x19,0xa5,
    0x18,0x73,0xcc,0x39,0xe7,0x8c,0x52,0x8c,0x31,0xe6,0x9c,0x73,0x8a,0x31,0xc6,0x9c,
    0x73,0xce,0x41,0xc5,0x18,0x63,0xce,0x39,0x07,0x21,0x63,0xcc,0x39,0xe7,0x20,0x84,
    0x90,0x31,0xe6,0x9c,0x73,0x10,0x42,0xe8,0x9c,0x73,0x0e,0x42,0x08,0x21,0x74,0xce,
    0x39,0x07,0x21,0x84,0x10,0x3a,0xe7,0xa0,0x83,0x10,0x42,0x08,0x9d,0x73,0x10,0x42,
    0x08,0x21,0x84,0x02,0x00,0x80,0x0a,0x1c,0x00,0x00,0x02,0x6c,0x14,0xd9,0x9c,0x60,
    0x24,0xa8,0xd0,0x90,0x95,0x00,0x40,0x38,0x00,0x00,0x00,0x21,0x84,0x10,0x42,0x08,
    0x21,0x84,0x10,0x42,0x08,0x21,0x84,0x10,0x42,0x08,0x21,0x84,0x10,0x42,0x08,0x21,
    0x84,0x10,0x42,0x08,0x21,0x84,0x10,0x42,0x08,0x21,0x84,0x10,0x42,0x08,0x21,0x84,
    0x10,0x42,0x08,0x21,0x84,0x10,0x42,0x08,0x21,0x84,0x10,0x42,0x08,0x21,0x84,0x10,
    0x42,0x08,0x21,0x84,0x10,0x42,0x08,0x21,0x84,0x10,0x42,0x08,0x21,0x84,0x10,0x42,
    0x08,0x21,0x84,0x10,0x42,0x08,0x21,0x84,0x10,0x42,0x08,0x21,0x84,0x10,0x42,0x08,
    0x21,0x84,0x10,0x42,0x08,0x21,0x84,0x10,0x42,0x08,0x21,0x84,0x10,0x42,0x08,0x21,
    0x84,0x10,0x42,0x08,0x21,0x84,0x10,0x42,0x08,0x21,0x84,0x10,0x42,0x08,0x21,0x84,
    0x10,0x42,0xe8,0x9c,0x73,0xce,0x39,0xe7,0x9c,0x73,0xce,0x39,0xe7,0x9c,0x73,0xce,
    0x39,0xe7,0x9c,0x73,0xce,0x39,0x27,0x00,0xc8,0xb7,0xc2,0x01,0xc0,0xff,0xc1,0xc6,
    0x19,0x56,0x92,0xce,0x0a,0x47,0x83,0x0b,0x0d,0x59,0x09,0x00,0x84,0x03,0x00,0x00,
    0x0a,0x41,0x28,0xa5,0x62,0x10,0x4a,0x29,0x25,0x92,0x4e,0x3a,0x29,0x9d,0x93,0x50,
    0x4a,0x29,0x91,0x83,0x52,0x4a,0xe9,0xa4,0x94,0x52,0x4a,0x09,0xa5,0x94,0x52,0x4a,
    0x08,0xa5,0x94,0x52,0x4a,0x08,0x1d,0x94,0x52,0x42,0x29,0xa5,0x94,0x52,0x4a,0x29,
    0xa5,0x94,0x52,0x4a,0x29,0xa5,0x94,0x52,0x3a,0x29,0xa5,0x94,0x52,0x4a,0x29,0xa5,
    0x94,0xca,0x39,0x29,0xa5,0x93,0x52,0x4a,0x29,0xa5,0x44,0xce,0x49,0x29,0x21,0x94,
    0x52,0x4a,0x29,0xa5,0x84,0x52,0x4a,0x29,0xa5,0x94,0x52,0x4a,0x29,0xa5,0x94,0x52,
    0x4a,0x29,0xa5,0x94,0x52,0x4a,0x29,0xa5,0x84,0x10,0x42,0x08,0x21,0x84,0x10,0x42,
    0x08,0x21,0x84,0x10,0x42,0x08,0x21,0x84,0x10,0x42,0x08,0x21,0x84,0x10,0x42,0x08,
    0x21,0x84,0x10,0x42,0x08,0x21,0x84,0x10,0x42,0x08,0x21,0x84,0x02,0x00,0xb8,0x1b,
    0x1c,0x00,0x20,0x12,0x6c,0x9c,0x61,0x25,0xe9,0xac,0x70,0x34,0xb8,0xd0,0x90,0x95,
    0x00,0x40,0x48,0x00,0x00,0xa0,0x14,0x73,0x8e,0x4a,0x08,0x29,0x94,0x90,0x52,0xa8,
    0x98,0xa2,0x8e,0x42,0x29,0x29,0xa4,0x52,0x4a,0x0a,0x11,0x63,0xce,0x49,0xea,0x1c,
    0x85,0x50,0x52,0x28,0xa9,0x83,0xca,0x39,0x08,0xa5,0xa4,0x94,0x42,0x2a,0x21,0x75,
    0xce,0x41,0x07,0x25,0x85,0x90,0x52,0x09,0x21,0x95,0x8e,0x3a,0xe8,0x28,0x94,0x50,
    0x52,0x2a,0x25,0x94,0xd2,0x39,0x28,0xa5,0x84,0x14,0x4a,0x4a,0x29,0x95,0x90,0x42,
    0x48,0xa9,0x74,0x94,0x52,0x28,0x25,0x95,0x94,0x42,0x2a,0x21,0x95,0x52,0x4a,0x48,
    0x25,0x95,0x10,0x4a,0x0a,0x9d,0xa4,0x54,0x4a,0x0a,0xa9,0xa4,0x54,0x52,0x08,0x9d,
    0x74,0x90,0x42,0x27,0x25,0xa4,0x92,0x4a,0x0a,0xa9,0x93,0x94,0x52,0x2a,0x25,0xa5,
    0x94,0x4a,0x4a,0x25,0x74,0x52,0x42,0x2a,0x29,0xa5,0x10,0x42,0x4a,0xa9,0x94,0x10,
    0x4a,0x48,0x29,0xa5,0x4e,0x52,0x49,0xa9,0xa4,0x14,0x42,0x28,0x21,0x85,0x94,0x52,
    0x4a,0x25,0xa5,0x92,0x4a,0x4a,0x21,0x95,0x54,0x42,0x09,0xa5,0xa4,0x94,0x52,0x28,
    0xa1,0xa4,0x54,0x52,0x4a,0x29,0xa5,0x92,0x52,0x29,0x00,0x00,0xe0,0xc0,0x01,0x00,
    0x20,0xc0,0x08,0x3a,0xc9,0xa8,0xb2,0x08,0x1b,0x4d,0xb8,0xf0,0x00,0x14,0x1a,0xb2,
    0x12,0x00,0x20,0x03,0x00,0x40,0x94,0x74,0xd6,0x69,0xa7,0x49,0x22,0x08,0x31,0x45,
    0x99,0x27,0x0d,0x29,0xc6,0x20,0xb5,0xa4,0x2c,0xc3,0x10,0x53,0x92,0x89,0xf1,0x14,
    0x63,0x8c,0x39,0x28,0x46,0x43,0x0e,0x31,0xe4,0x94,0x18,0x17,0x4a,0x08,0xa1,0x83,
    0x62,0x3c,0x26,0x95,0x43,0xca,0x50,0x51,0xb9,0xb7,0xd4,0x39,0x05,0xc5,0x16,0x63,
    0x7c,0xef,0xb1,0x17,0x01,0x00,0x00,0x08,0x02,0x00,0x04,0x84,0x04,0x00,0x18,0x20,
    0x28,0x98,0x01,0x00,0x06,0x07,0x08,0x23,0x07,0x02,0x1d,0x01,0x04,0x0e,0x6d,0x00,
    0x80,0x81,0x08,0x99,0x09,0x0c,0x0a,0xa1,0xc1,0x41,0x26,0x00,0x3c,0x40,0x44,0x48,
    0x05,0x00,0x89,0x09,0x8a,0xd2,0x85,0x2e,0x08,0x21,0x82,0x74,0x11,0x64,0xf1,0xc0,
    0x85,0x13,0x37,0x9e,0xb8,0xe1,0x84,0x0e,0x6d,0x10,0x00,0x00,0x00,0x00,0x00,0x10,
    0x00,0xf0,0x01,0x00,0x90,0x50,0x00,0x11,0x11,0xd1,0xcc,0x55,0x58,0x5c,0x60,0x64,
    0x68,0x6c,0x70,0x74,0x78,0x7c,0x80,0x84,0x04,0x00,0x00,0x00,0x00,0x00,0x08,0x00,
    0x7c,0x00,0x00,0x24,0x22,0x40,0x44,0x44,0x34,0x73,0x15,0x16,0x17,0x18,0x19,0x1a,
    0x1b,0x1c,0x1d,0x1e,0x1f,0x20,0x21,0x01,0x00,0x00,0x00,0x00,0x00,0x00,0x00,0x00,
    0x40,0x40,0x40,0x00,0x00,0x00,0x00,0x00,0x20,0x00,0x00,0x00,0x40,0x40,0x4f,0x67,
    0x67,0x53,0x00,0x04,0x80,0x17,0x00,0x00,0x00,0x00,0x00,0x00,0xa2,0x1e,0xad,0xe0,
    0x02,0x00,0x00,0x00,0x9b,0x59,0xf7,0xa5,0x0e,0x43,0x41,0x58,0x4e,0x53,0x4d,0x4b,
    0x4e,0x4b,0x48,0x3f,0x42,0x45,0x40,0x44,0x1f,0xf5,0xf2,0x73,0x00,0xd8,0x87,0xac,
    0xf0,0x58,0xf5,0xff,0x1d,0x08,0xd5,0xb9,0x55,0x1f,0x19,0x09,0x46,0x42,0xc1,0xc8,
    0x88,0x34,0x4d,0xd3,0x34,0xcc,0xff,0x7e,0x71,0xa9,0xd5,0x70,0x41,0x05,0x80,0x67,
    0x7a,0x7c,0xfc,0xe9,0xa9,0xe0,0xe1,0x17,0xa3,0x3f,0xfd,0x62,0x94,0x80,0x79,0x1c,
    0xe4,0x79,0xd8,0xa7,0x24,0x00,0x3b,0x2e,0x54,0x01,0x84,0xaf,0x7e,0xc9,0xb7,0x15,
    0x10,0x4e,0x00,0xf8,0xeb,0x48,0xef,0x07,0x9b,0x3e,0xc9,0x3c,0xdc,0x6b,0xe9,0x83,
    0xb4,0x7b,0x42,0xca,0x78,0x7e,0x6e,0x4b,0x9a,0xc2,0xbd,0xa4,0x3a,0x9e,0x70,0x6d,
    0x41,0x78,0xda,0xc0,0x64,0xc9,0x73,0x21,0x77,0x10,0xb0,0x00,0x6b,0xb5,0xfb,0x70,
    0x3f,0xeb,0xb2,0x8e,0x64,0x1e,0xb4,0x8e,0xe6,0x03,0x00,0x9a,0x1b,0x23,0x6b,0x50,
    0x54,0x2a,0xc8,0xda,0x77,0xbb,0x60,0x80,0xac,0xf6,0x70,0x94,0xa2,0x2a,0x06,0xf8,
    0xf6,0xa2,0x45,0x04,0xe8,0x08,0x49,0x5f,0x95,0xa6,0x46,0x5f,0xfd,0x23,0x02,0x2f,
    0xa9,0x4d,0x50,0x25,0xa0,0x97,0x95,0x75,0x6f,0x54,0xb2,0xe9,0xb3,0x7b,0x3c,0x4d,
    0x96,0x97,0xae,0x14,0xab,0xcd,0x1e,0x3f,0x0a,0xc7,0x4e,0xb3,0x07,0xfb,0x19,0x2b,
    0x66,0x80,0xd4,0x28,0xa3,0x81,0x07,0xda,0x7c,0x04,0xcb,0x4b,0x9c,0x93,0xf4,0xba,
    0x0a,0x0a,0x00,0x3e,0x0b,0xc3,0x67,0x80,0x1e,0x2f,0x20,0x7b,0xcf,0x3d,0x00,0x1f,
    0x40,0x96,0x21,0x47,0x01,0xdb,0xfa,0xaa,0xc6,0x26,0x7a,0x57,0x90,0xd4,0xd4,0x41,
    0xa0,0x31,0xff,0xb9,0x99,0x91,0xe7,0x54,0xa4,0x83,0xb1,0x22,0x5b,0xf1,0xd7,0x7b,
    0xea,0x1b,0xe6,0xfc,0xb4,0x22,0x5d,0xf6,0x15,0xf1,0xd4,0xb6,0xe8,0x77,0x97,0x22,
    0x69,0x4d,0x39,0x1a,0x67,0xc7,0x5c,0xe0,0x36,0x57,0x37,0x3a,0x8b,0xc7,0x26,0x45,
    0x03,0x9e,0x0b,0x23,0x47,0x0d,0xd1,0x99,0x40,0xd6,0x3e,0x8d,0xa0,0x24,0x83,0x7a,
    0xab,0x42,0x14,0xb8,0x8a,0x36,0xfb,0x45,0xa7,0x59,0x48,0xe7,0x53,0x7e,0xd6,0x27,
    0x31,0xef,0xf8,0x51,0x1d,0x13,0x71,0x08,0x68,0x29,0x9d,0xb9,0xe7,0x11,0x51,0x36,
    0x66,0x2b,0x94,0x9e,0xd2,0x68,0x21,0xa5,0x49,0xd7,0xb8,0xdb,0x70,0x77,0x24,0xa6,
    0x29,0xd0,0x6d,0xfd,0x84,0x36,0x3e,0x56,0xd4,0x19,0x8f,0x41,0xd3,0x1d,0xfe,0xca,
    0x01,0x90,0x00,0x1c,0x3e,0xfb,0xc2,0x47,0x80,0xc8,0x01,0xf2,0xf7,0x6c,0x07,0x68,
    0x03,0xea,0x87,0x42,0x40,0xf4,0x3d,0x74,0x61,0x1c,0xe1,0x89,0xc4,0x5c,0x5c,0x39,
    0xe7,0x54,0x21,0xc6,0x4c,0x8f,0x02,0xce,0x63,0x73,0x87,0x31,0x81,0x4a,0x3c,0x9f,
    0x27,0xe9,0xee,0x52,0x01,0x98,0x84,0x7e,0x1e,0xbd,0x08,0x1b,0xc7,0x26,0xd2,0xeb,
    0x48,0xc0,0xb2,0x12,0xb4,0xd5,0xed,0x3a,0x67,0x77,0x4e,0x13,0x78,0x64,0x91,0xd0,
    0x00,0xfe,0xea,0xa2,0x47,0x80,0xc0,0x04,0xb2,0xf6,0xbc,0x16,0xe8,0x02,0x46,0x29,
    0x07,0xa0,0xef,0xc6,0x84,0x74,0xf5,0x29,0xe9,0x5a,0x77,0x37,0x5c,0x2b,0xf2,0x72,
    0xec,0x5c,0x5c,0x7d,0xa2,0xbb,0xd6,0xf4,0x1e,0x44,0xb4,0xce,0xfe,0x77,0x64,0xed,
    0x1b,0xd9,0x39,0x08,0x67,0xf0,0xc7,0x49,0x28,0xa1,0x53,0xf7,0x6c,0x2d,0xb4,0xa4,
    0x18,0x0f,0xc0,0x58,0x7f,0x73,0x66,0x41,0x47,0x07,0xc0,0x01,0x3e,0xdb,0x62,0x1b,
    0x8d,0x08,0x02,0x98,0xf4,0x9e,0x6d,0x00,0xc7,0x80,0x0d,0xa0,0x4b,0x14,0xc8,0x9a,
    0xbf,0xd3,0xfa,0x05,0xf7,0x61,0x35,0x5c,0xb7,0xd2,0x95,0x4a,0x14,0xa5,0xa8,0xec,
    0x61,0xfc,0x7b,0xb0,0xfd,0x3b,0x0d,0xaf,0x1c,0x22,0x0d,0x39,0x0d,0xd6,0xdd,0x9c,
    0xf6,0xa3,0x4f,0xc7,0xf6,0x90,0x4e,0x92,0x99,0xa2,0xe3,0x0a,0x0a,0x7c,0x1d,0xac,
    0xed,0x63,0xa7,0xaa,0x92,0x93,0xc0,0xf2,0x8a,0x00,0x5e,0xaa,0x82,0x13,0x00,0x54,
    0x90,0xde,0xb5,0x39,0x04,0x00,0x52,0x5b,0xa2,0x00,0xb7,0x8d,0x82,0xb4,0x6e,0xb8,
    0xeb,0x2b,0xb3,0x23,0x42,0x65,0x1c,0xeb,0xd9,0x67,0x36,0x76,0x3e,0x66,0xb3,0x35,
    0x1f,0xce,0x1d,0x05,0x8c,0x95,0xb6,0xdf,0x8a,0x43,0x67,0xc8,0x10,0x86,0x28,0x93,
    0x10,0xc4,0x33,0xb9,0xb0,0x21,0x78,0x01,0xed,0xca,0xd2,0x07,0x5b,0xdf,0xf5,0xf8,
    0x36,0xf9,0x60,0x20,0x01,0xbe,0x69,0x22,0x57,0x00,0xe8,0x20,0xde,0x73,0xbb,0x60,
    0x01,0x4d,0x27,0x0a,0x40,0xbc,0x8e,0x1d,0xcd,0xab,0x46,0x96,0xc7,0xd2,0xed,0x99,
    0xea,0xee,0x5e,0x56,0xd4,0xbd,0x6e,0x67,0xaf,0xd6,0x02,0x52,0xa1,0x3b,0xe7,0xf1,
    0xbe,0x77,0x26,0x6d,0xf6,0xb2,0x05,0x4d,0x08,0xff,0xe1,0x52,0x96,0xfb,0xf3,0x5d,
    0xbe,0x76,0x5d,0x39,0x0a,0x34,0x7f,0xa8,0x96,0x7b,0xd7,0xde,0x00,0x7e,0x49,0x32,
    0x57,0x00,0x50,0x80,0x3d,0xb7,0x11,0x00,0x54,0x9c,0x28,0x00,0xb7,0x38,0xe8,0xe0,
    0x8a,0x4d,0x58,0x0f,0x85,0x88,0x71,0xa2,0x9a,0x3d,0xaa,0xcb,0x81,0x25,0x07,0x9c,
    0x24,0x80,0xf3,0x8a,0x12,0x3b,0x17,0xe2,0xef,0xab,0xe3,0xe4,0xd4,0xd5,0x33,0x2f,
    0xbc,0x54,0x58,0x74,0x04,0x0a,0xa0,0xf3,0x22,0x97,0x5e,0x00,0x5e,0xf9,0x19,0x76,
    0x06,0x00,0x01,0x46,0xbb,0xa6,0x11,0x00,0x34,0x1d,0x41,0x29,0xc0,0xc9,0xb3,0xee,
    0x6c,0xe8,0xe6,0x9e,0xc8,0xc5,0xa9,0x17,0x61,0x13,0x2f,0xd0,0xa5,0xf1,0xcb,0x05,
    0xc0,0xd0,0x1b,0xe2,0x77,0x15,0x4a,0x3f,0xa4,0x5f,0x49,0x02,0x2c,0x23,0xef,0xd4,
    0x41,0xbd,0x57,0x74,0x42,0xac,0xb1,0xc5,0x8e,0xad,0x3e,0x00,0xa0,0x00,0x1e,0xf9,
    0x99,0x77,0x1a,0x80,0x40,0xc2,0xa8,0x75,0x8d,0xc0,0x0c,0x51,0x0a,0x0c,0xfe,0xb2,
    0x1f,0xec,0x4c,0x34,0x51,0x5c,0xc3,0xd2,0x18,0x47,0xf3,0x0f,0x3a,0xa6,0x1a,0xec,
    0xac,0x91,0xc3,0xd2,0xaf,0xfb,0x57,0x4f,0x71,0xbf,0x6f,0x38,0x2c,0xca,0x19,0x3b,
    0xf1,0x6a,0x13,0xbb,0xf5,0xda,0xa4,0x04,0xd0,0x37,0x4f,0x3f,0xa7,0xec,0xe9,0xdd,
    0x09,0x01,0x24,0x7e,0x08,0xba,0x76,0x1e,0xd2,0xf4,0xc0,0xc1,0x8e,0xdd,0x06,0x6c,
    0x66,0x11,0x05,0xdc,0xdc,0xb7,0x1d,0x0a,0x47,0x80,0xca,0xb9,0xa4,0xd6,0x13,0x34,
    0x50,0x9c,0x38,0x4b,0x52,0x2b,0x1f,0x67,0x60,0xc6,0x18,0xe7,0x49,0xc6,0xb8,0x19,
    0xf8,0xfa,0xb0,0x5e,0x34,0xe0,0xf9,0xf2,0xf2,0xf2,0xf2,0x02,0xbc,0x00,0x0a,0x0e,
    0xc7,0x01,0x00,
};

static const unsigned char s_bit[] = {
    0x4f,0x67,0x67,0x53,0x00,0x02,0x00,0x00,0x00,0x00,0x00,0x00,0x00,0x00,0x1c,0x29,
    0x64,0xe7,0x00,0x00,0x00,0x00,0x6a,0xb0,0xed,0x3a,0x01,0x1e,0x01,0x76,0x6f,0x72,
    0x62,0x69,0x73,0x00,0x00,0x00,0x00,0x01,0x09,0x56,0x00,0x00,0xff,0xff,0xff,0xff,
    0x00,0x7d,0x00,0x00,0xff,0xff,0xff,0xff,0xa9,0x01,0x4f,0x67,0x67,0x53,0x00,0x00,
    0x00,0x00,0x00,0x00,0x00,0x00,0x00,0x00,0x1c,0x29,0x64,0xe7,0x01,0x00,0x00,0x00,
    0xcc,0x43,0xef,0xc2,0x0e,0x32,0xff,0xff,0xff,0xff,0xff,0xff,0xff,0xff,0xff,0xff,
    0xff,0xff,0xc5,0x03,0x76,0x6f,0x72,0x62,0x69,0x73,0x0b,0x00,0x00,0x00,0x4c,0x61,
    0x76,0x66,0x35,0x33,0x2e,0x32,0x34,0x2e,0x32,0x01,0x00,0x00,0x00,0x13,0x00,0x00,
    0x00,0x65,0x6e,0x63,0x6f,0x64,0x65,0x72,0x3d,0x4c,0x61,0x76,0x66,0x35,0x33,0x2e,
    0x32,0x34,0x2e,0x32,0x01,0x05,0x76,0x6f,0x72,0x62,0x69,0x73,0x22,0x42,0x43,0x56,
    0x01,0x00,0x40,0x00,0x00,0x18,0x42,0x10,0x2a,0x05,0xad,0x63,0x8e,0x3a,0xc8,0x15,
    0x21,0x8c,0x19,0xa2,0xa0,0x42,0xca,0x29,0xc7,0x1d,0x42,0xd0,0x21,0xa3,0x24,0x43,
    0x88,0x3a,0xc6,0x35,0xc7,0x18,0x63,0x47,0xb9,0x64,0x8a,0x42,0xc9,0x81,0xd0,0x90,
    0x55,0x00,0x00,0x40,0x00,0x00,0xa4,0x1c,0x57,0x50,0x72,0x49,0x2d,0xe7,0x9c,0x73,
    0xa3,0x18,0x57,0xcc,0x71,0xe8,0x20,0xe7,0x9c,0x73,0xe5,0x20,0x67,0xcc,0x71,0x09,
    0x25,0xe7,0x9c,0x73,0x8e,0x39,0xe7,0x92,0x72,0x8e,0x31,0xe7,0x9c,0x73,0xa3,0x18,
    0x57,0x0e,0x72,0x29,0x2d,0xe7,0x9c,0x73,0x81,0x14,0x47,0x8a,0x71,0xa7,0x18,0xe7,
    0x9c,0x73,0xa4,0x1c,0x47,0x8a,0x71,0xa8,0x18,0xe7,0x9c,0x73,0x6d,0x31,0xb7,0x92,
    0x72,0xce,0x39,0xe7,0x9c,0x73,0xe6,0x20,0x87,0x52,0x72,0xae,0x35,0xe7,0x9c,0x73,
    0xa4,0x18,0x67,0x0e,0x72,0x0b,0x25,0xe7,0x9c,0x73,0xc6,0x20,0x67,0xcc,0x71,0xeb,
    0x20,0xe7,0x9c,0x73,0x8c,0x35,0xb7,0xd4,0x72,0xce,0x39,0xe7,0x9c,0x73,0xce,0x39,
    0xe7,0x9c,0x73,0xce,0x39,0xe7,0x9c,0x73,0x8c,0x31,0xe7,0x9c,0x73,0xce,0x39,0xe7,
    0x9c,0x73,0x6e,0x31,0xe7,0x16,0x73,0xae,0x39,0xe7,0x9c,0x73,0xce,0x39,0xe7,0x1c,
    0x73,0xce,0x39,0xe7,0x9c,0x73,0x20,0x34,0x64,0x15,0x00,0x90,0x00,0x00,0xa0,0xa1,
    0x28,0x8a,0xe2,0x28,0x0e,0x10,0x1a,0xb2,0x0a,0x00,0xc8,0x00,0x00,0x10,0x40,0x71,
    0x14,0x47,0x91,0x14,0x4b,0xb1,0x1c,0xcb,0xd1,0x24,0x0d,0x08,0x0d,0x59,0x05,0x00,
    0x00,0x01,0x00,0x08,0x00,0x00,0xa0,0x48,0x86,0xa4,0x48,0x8a,0xa5,0x58,0x8e,0x66,
    0x69,0x9e,0x26,0x7a,0xa2,0x28,0x9a,0xa2,0x2a,0xab,0xb2,0x69,0xca,0xb2,0x2c,0xcb,
    0xb2,0xeb,0xba,0x2e,0x10,0x1a,0xb2,0x0a,0x00,0x48,0x00,0x00,0x50,0x51,0x14,0xc5,
    0x70,0x14,0x07,0x08,0x0d,0x59,0x05,0x00,0x64,0x00,0x00,0x08,0x60,0x28,0x8a,0xa3,
    0x38,0x8e,0xe4,0x58,0x92,0xa5,0x59,0x9e,0x07,0x84,0x86,0xac,0x02,0x00,0x80,0x00,
    0x00,0x04,0x00,0x00,0x50,0x0c,0x47,0xb1,0x14,0x4d,0xf1,0x24,0xcf,0xf2,0x3c,0xcf,
    0xf3,0x3c,0xcf,0xf3,0x3c,0xcf,0xf3,0x3c,0xcf,0xf3,0x3c,0xcf,0xf3,0x3c,0xcf,0xf3,
    0x3c,0x0d,0x08,0x0d,0x59,0x05,0x00,0x20,0x00,0x00,0x00,0x82,0x28,0x64,0x18,0x03,
    0x42,0x43,0x56,0x01,0x00,0x40,0x00,0x00,0x08,0x21,0x1a,0x19,0x43,0x9d,0x52,0x12,
    0x5c,0x0a,0x16,0x42,0x1c,0x11,0x43,0x1d,0x42,0xce,0x43,0xa9,0xa5,0x83,0xe0,0x29,
    0x85,0x25,0x63,0xd2,0x53,0xac,0x41,0x08,0x21,0x7c,0xef,0x3d,0xf7,0xde,0x7b,0xef,
    0x81,0xd0,0x90,0x55,0x00,0x00,0x10,0x00,0x00,0x61,0x14,0x38,0x88,0x81,0xc7,0x24,
    0x08,0x21,0x84,0x62,0x14,0x27,0x44,0x71,0xa6,0x20,0x08,0x21,0x84,0xe5,0x24,0x58,
    0xca,0x79,0xe8,0x24,0x08,0xdd,0x83,0x10,0x42,0xb8,0x9c,0x7b,0xcb,0xb9,0xf7,0xde,
    0x7b,0x20,0x34,0x64,0x15,0x00,0x00,0x08,0x00,0xc0,0x20,0x84,0x10,0x42,0x08,0x21,
    0x84,0x10,0x42,0x08,0x29,0xa4,0x94,0x52,0x48,0x29,0xa6,0x98,0x62,0x8a,0x29,0xc7,
    0x1c,0x73,0xcc,0x31,0xc7,0x20,0x83,0x0c,0x32,0xe8,0xa0,0x93,0x4e,0x3a,0xc9,0xa4,
    0x92,0x4e,0x3a,0xca,0x24,0xa3,0x8e,0x52,0x6b,0x29,0xb5,0x14,0x53,0x4c,0xb1,0xe5,
    0x16,0x63,0xad,0xb5,0xd6,0x9c,0x73,0xaf,0x41,0x29,0x63,0x8c,0x31,0xc6,0x18,0x63,
    0x8c,0x31,0xc6,0x18,0x63,0x8c,0x31,0xc6,0x18,0x23,0x08,0x0d,0x59,0x05,0x00,0x80,
    0x00,0x00,0x10,0x06,0x19,0x64,0x90,0x41,0x08,0x21,0x84,0x14,0x52,0x48,0x29,0xa6,
    0x98,0x72,0xcc,0x31,0xc7,0x1c,0x03,0x42,0x43,0x56,0x01,0x00,0x80,0x00,0x00,0x02,
    0x00,0x00,0x00,0x1c,0x45,0x52,0x24,0x47,0x72,0x24,0x47,0x92,0x24,0xc9,0x92,0x2c,
    0x49,0x93,0x3c,0xcb,0xb3,0x3c,0xcb,0xb3,0x3c,0x4d,0xd4,0x44,0x4d,0x15,0x55,0xd5,
    0x55,0x6d,0xd7,0xf6,0x6d,0x5f,0xf6,0x6d,0xdf,0xd5,0x65,0xdf,0xf6,0x65,0xdb,0xd5,
    0x65,0x5d,0x96,0x65,0xdd,0xb5,0x6d,0x5d,0xd6,0x5d,0x5d,0xd7,0x75,0x5d,0xd7,0x75,
    0x5d,0xd7,0x75,0x5d,0xd7,0x75,0x5d,0xd7,0x75,0x5d,0xd7,0x81,0xd0,0x90,0x55,0x00,
    0x80,0x04,0x00,0x80,0x8e,0xe4,0x38,0x8e,0xe4,0x38,0x8e,0xe4,0x48,0x8e,0xa4,0x48,
    0x0a,0x10,0x1a,0xb2,0x0a,0x00,0x90,0x01,0x00,0x10,0x00,0x80,0xa3,0x38,0x8a,0xe3,
    0x48,0x8e,0xe4,0x58,0x8e,0x25,0x59,0x92,0x26,0x69,0x96,0x67,0x79,0x96,0xa7,0x79,
    0x9a,0xa8,0x89,0x1e,0x10,0x1a,0xb2,0x0a,0x00,0x00,0x04,0x00,0x10,0x00,0x00,0x00,
    0x00,0x00,0x80,0xa2,0x28,0x8a,0xa3,0x38,0x8e,0x24,0x59,0x96,0xa6,0x69,0x9e,0xa7,
    0x7a,0xa2,0x28,0x9a,0xaa,0xaa,0x8a,0xa6,0xa9,0xaa,0xaa,0x6a,0x9a,0xa6,0x69,0x9a,
    0xa6,0x69,0x9a,0xa6,0x69,0x9a,0xa6,0x69,0x9a,0xa6,0x69,0x9a,0xa6,0x69,0x9a,0xa6,
    0x69,0x9a,0xa6,0x69,0x9a,0xa6,0x69,0x9a,0xa6,0x69,0x9a,0xa6,0x69,0x02,0xa1,0x21,
    0xab,0x00,0x00,0x09,0x00,0x00,0x1d,0xc7,0x71,0x1c,0x47,0x71,0x1c,0xc7,0x71,0x24,
    0x47,0x92,0x24,0x20,0x34,0x64,0x15,0x00,0x20,0x03,0x00,0x20,0x00,0x00,0x43,0x51,
    0x1c,0x45,0x72,0x2c,0xc7,0x92,0x34,0x4b,0xb3,0x3c,0xcb,0xd3,0x44,0xcf,0xf4,0x5c,
    0x51,0x36,0x75,0x53,0x57,0x6d,0x20,0x34,0x64,0x15,0x00,0x00,0x08,0x00,0x20,0x00,
    0x00,0x00,0x00,0x00,0x00,0xc7,0x73,0x3c,0xc7,0x73,0x3c,0xc9,0x93,0x3c,0xcb,0x73,
    0x3c,0xc7,0x93,0x3c,0x49,0xd3,0x34,0x4d,0xd3,0x34,0x4d,0xd3,0x34,0x4d,0xd3,0x34,
    0x4d,0xd3,0x34,0x4d,0xd3,0x34,0x4d,0xd3,0x34,0x4d,0xd3,0x34,0x4d,0xd3,0x34,0x4d,
    0xd3,0x34,0x4d,0xd3,0x34,0x4d,0xd3,0x34,0x4d,0xd3,0x34,0x4d,0xd3,0x34,0x4d,0x03,
    0x42,0x43,0x56,0x02,0x00,0x64,0x00,0x00,0x10,0x93,0x90,0x4a,0x4e,0xb1,0x57,0x46,
    0x29,0xc6,0x24,0xb4,0x5e,0x2a,0xa4,0x14,0x93,0xd4,0x7b,0xa8,0x98,0x62,0x4c,0x3a,
    0xed,0xa9,0x42,0x06,0x29,0x07,0xb9,0x87,0x4a,0x21,0xa5,0xa0,0xd3,0xde,0x32,0xa5,
    0x90,0x52,0x0c,0x7b,0xa7,0x98,0x42,0xc8,0x18,0xea,0xa1,0x83,0x90,0x31,0x85,0xb0,
    0xd7,0xda,0x73,0xcf,0xbd,0xf7,0x1e,0x08,0x0d,0x59,0x11,0x00,0x44,0x01,0x00,0x00,
    0xc6,0x20,0xc6,0x10,0x63,0xc8,0x31,0x26,0x25,0x83,0x12,0x31,0xc7,0x24,0x64,0x52,
    0x22,0xe7,0x9c,0x94,0x4e,0x4a,0x26,0xa5,0xa4,0x56,0x5a,0xcc,0xa4,0x84,0x98,0x4a,
    0x8b,0x91,0x73,0x4e,0x4a,0x27,0x25,0x93,0x52,0x5a,0x0b,0xa9,0x65,0x92,0x4a,0x6b,
    0x25,0xa6,0x02,0x00,0x00,0x02,0x1c,0x00,0x00,0x02,0x2c,0x84,0x42,0x43,0x56,0x04,
    0x00,0x51,0x00,0x00,0x88,0x31,0x48,0x29,0xa4,0x14,0x52,0x4a,0x31,0xa7,0x98,0x43,
    0x4a,0x29,0xc7,0x94,0x63,0x48,0x29,0xe5,0x9c,0x72,0x4e,0x39,0xc7,0x98,0x74,0x10,
    0x2a,0xe7,0x18,0x74,0x0e,0x4a,0xa4,0x94,0x72,0x8e,0x39,0xa7,0x9c,0x73,0x12,0x32,
    0x07,0x95,0x73,0x0e,0x42,0x26,0x9d,0x00,0x00,0x80,0x00,0x07,0x00,0x80,0x00,0x0b,
    0xa1,0xd0,0x90,0x15,0x01,0x40,0x9c,0x00,0x00,0x80,0x90,0x73,0x8a,0x31,0x08,0x11,
    0x63,0x10,0x42,0x09,0x29,0x85,0x50,0x52,0xaa,0x9c,0x93,0xd2,0x41,0x49,0xa9,0x83,
    0x92,0x52,0x49,0xa9,0xc5,0x92,0x52,0x8c,0x95,0x73,0x52,0x3a,0x09,0x29,0x75,0x12,
    0x52,0x2a,0x29,0xc5,0x58,0x52,0x8a,0x2d,0xa4,0x54,0x63,0x69,0x2d,0xd7,0xd2,0x52,
    0x8d,0x2d,0xc6,0x9c,0x5b,0x8c,0xbd,0x86,0x94,0x62,0x2d,0xa9,0xd5,0x5a,0x5a,0xab,
    0xb9,0xc5,0x58,0x73,0x8b,0x35,0xf7,0xc8,0x39,0x4a,0x9d,0x94,0xd6,0x3a,0x29,0xad,
    0xa5,0xd6,0x6a,0x4d,0xad,0xd5,0xda,0x49,0x69,0x2d,0xa4,0xd6,0x62,0x69,0x2d,0xc6,
    0xd6,0x62,0xcd,0x29,0xc6,0x9c,0x33,0x29,0xad,0x85,0x96,0x62,0x2b,0xa9,0xc5,0xd8,
    0x62,0xcb,0x35,0xb5,0x98,0x73,0x69,0x2d,0xd7,0x14,0x63,0xcf,0x29,0xc6,0x9e,0x6b,
    0xac,0xb9,0xc7,0x9c,0x83,0x30,0xad,0xd5,0x9c,0x5a,0xcb,0x39,0xc5,0x98,0x7b,0xcc,
    0xb1,0xe7,0x98,0x73,0x0f,0x92,0x73,0x94,0x3a,0x29,0xad,0x75,0x52,0x5a,0x4b,0xad,
    0xd5,0x9a,0x5a,0xab,0x35,0x93,0xd2,0x5a,0x69,0xad,0xc6,0x90,0x5a,0x8b,0x2d,0xc6,
    0x9c,0x5b,0x8b,0x31,0x67,0x52,0x5a,0x2c,0xa9,0xc5,0x58,0x5a,0x8a,0x31,0xc5,0x98,
    0x73,0x8b,0x2d,0xd7,0xd0,0x5a,0xae,0x29,0xc6,0x9c,0x53,0x8b,0x39,0xc7,0x5a,0x83,
    0x92,0xb1,0xf6,0x5e,0x5a,0xab,0x39,0xc5,0x98,0x7b,0x8a,0xad,0xe7,0x98,0x73,0x30,
    0x36,0xc7,0x9e,0x3b,0x4a,0xb9,0x96,0xd6,0x7a,0x2e,0xad,0xf5,0x5e,0x73,0x2e,0x42,
    0xd6,0xdc,0x8b,0x68,0x2d,0xe7,0xd4,0x6a,0x0f,0x2a,0xc6,0x9e,0x73,0xce,0xc1,0xd8,
    0xdc,0x83,0x10,0xad,0xe5,0x9c,0x6a,0xec,0x3d,0xc5,0xd8,0x7b,0xee,0x39,0x18,0xdb,
    0x73,0xf0,0xad,0xd6,0xe0,0x5b,0xcd,0x45,0xc8,0x9c,0x83,0xd0,0xb9,0xf8,0xa6,0x7b,
    0x30,0x46,0xd5,0xda,0x83,0xcc,0xb5,0x08,0x99,0x73,0x10,0x3a,0xe8,0x22,0x74,0xf0,
    0xc9,0x78,0x94,0x6a,0x2e,0xad,0xe5,0x5c,0x5a,0xeb,0x3d,0xd6,0x1a,0x7c,0xcd,0x39,
    0x08,0xd1,0x5a,0xee,0x29,0xc6,0xde,0x53,0x8b,0xbd,0xd7,0x9e,0x9b,0xb0,0xbd,0x07,
    0x21,0x5a,0xcb,0x3d,0xc5,0xd8,0x83,0x8a,0x31,0xf8,0x9a,0x73,0x30,0x3a,0xe7,0x62,
    0x54,0xad,0xc1,0xc7,0x9c,0x83,0x90,0xb5,0x16,0xa1,0x7b,0x2f,0x4a,0xe7,0x20,0x94,
    0xaa,0xb5,0x07,0x99,0x6b,0x50,0x32,0xd7,0x22,0x74,0xf0,0xc5,0xe8,0xa0,0x8b,0x2f,
    0x00,0x00,0x60,0xc0,0x01,0x00,0x20,0xc0,0x84,0x32,0x50,0x68,0xc8,0x8a,0x00,0x20,
    0x4e,0x00,0x80,0x41,0xc8,0x39,0xa5,0x18,0x84,0x4a,0x29,0x08,0xa1,0x84,0x94,0x42,
    0x28,0x29,0x55,0x8c,0x49,0xc8,0x98,0x83,0x92,0x31,0x27,0xa5,0x94,0x52,0x5a,0x08,
    0x25,0xb5,0x8a,0x31,0x08,0x99,0x63,0x52,0x32,0xc7,0xa4,0x84,0x12,0x5a,0x2a,0x25,
    0xb4,0x12,0x4a,0x69,0xa9,0x94,0xd2,0x5a,0x28,0xa5,0xb5,0x96,0x5a,0x8c,0x29,0xb5,
    0x16,0x43,0x29,0xa9,0x85,0x52,0x5a,0x2b,0xa5,0xb4,0x96,0x5a,0xaa,0x31,0xb5,0x56,
    0x63,0xc4,0x98,0x94,0xcc,0x39,0x29,0x99,0x63,0x52,0x4a,0x29,0xad,0x95,0x52,0x5a,
    0xab,0x1c,0x93,0x92,0x31,0x28,0xa9,0x83,0x90,0x4a,0x29,0x29,0xc5,0x52,0x52,0x8b,
    0x95,0x73,0x52,0x32,0xe8,0xa8,0x74,0x10,0x4a,0x2a,0xa9,0xc4,0x54,0x52,0x69,0xad,
    0xa4,0xd2,0x52,0x29,0xa5,0xc5,0x92,0x52,0x6c,0x29,0xc5,0x54,0x5b,0x8b,0xb5,0x86,
    0x52,0x5a,0x2c,0xa9,0xc4,0x56,0x52,0x6a,0x31,0xb5,0x54,0x5b,0x8b,0x31,0xd7,0x88,
    0x31,0x29,0x19,0x73,0x52,0x32,0xe7,0xa4,0x94,0x52,0x52,0x2b,0xa5,0xb4,0x96,0x39,
    0x27,0xa5,0x83,0x8e,0x4a,0xe6,0xa0,0xa4,0x92,0x52,0x6b,0xa5,0xa4,0x14,0x33,0xe6,
    0xa4,0x74,0x0e,0x4a,0xca,0x20,0xa3,0x52,0x52,0x8a,0x2d,0xa5,0x12,0x53,0x28,0xa5,
    0xb5,0x92,0x52,0x6c,0xa5,0xa4,0xd6,0x5a,0x8c,0xb5,0xa6,0xd4,0x5a,0x2d,0x25,0xb5,
    0x56,0x52,0x6a,0xb1,0x94,0x12,0x5b,0x8b,0x31,0xd7,0x16,0x4b,0x4d,0x9d,0x94,0xd6,
    0x4a,0x2a,0x31,0x86,0x52,0x5a,0x6b,0x31,0xe6,0x9a,0x5a,0x8b,0x31,0x94,0x12,0x5b,
    0x29,0x29,0xc6,0x92,0x4a,0x6c,0xad,0xc5,0x9a,0x5b,0x6c,0x39,0x86,0x52,0x5a,0x2c,
    0xa9,0xc4,0x56,0x4a,0x6a,0xb1,0xd5,0x96,0x63,0x6b,0xb1,0xe6,0xd4,0x52,0x8d,0x29,
    0xb5,0x9a,0x5b,0x6c,0xb9,0xc6,0x94,0x53,0x8f,0xb5,0xf6,0x9c,0x5a,0xab,0x35,0xb5,
    0x54,0x63,0x6b,0xb1,0xe6,0x58,0x5b,0x6f,0xb5,0xd6,0x9c,0x3b,0x29,0xad,0x85,0x52,
    0x5a,0x2b,0x25,0xc5,0x98,0x5a,0x8b,0xb1,0xc5,0x58,0x73,0x28,0x25,0xb6,0x92,0x52,
    0x6c,0xa5,0xa4,0x18,0x5b,0x6c,0xb9,0xb6,0x16,0x63,0x0f,0xa1,0xb4,0x58,0x4a,0x6a,
    0xb1,0xa4,0x12,0x63,0x6b,0x31,0xe6,0x18,0x5b,0x8e,0xa9,0xb5,0x5a,0x5b,0x6c,0xb9,
    0xa6,0xd4,0x62,0xad,0xb5,0xf6,0x1c,0x5b,0x6e,0x3d,0xa5,0x16,0x6b,0x8b,0xb1,0xe6,
    0xd2,0x52,0x8d,0x35,0xd7,0xde,0x63,0x4d,0x39,0x15,0x00,0x00,0x30,0xe0,0x00,0x00,
    0x10,0x60,0x42,0x19,0x28,0x34,0x64,0x25,0x00,0x10,0x05,0x00,0x00,0x18,0xc3,0x18,
    0x63,0x10,0x1a,0xa5,0x9c,0x73,0x4e,0x4a,0x83,0x94,0x73,0xce,0x49,0xc9,0x9c,0x83,
    0x10,0x42,0x4a,0x99,0x73,0x10,0x42,0x48,0x29,0x73,0x4e,0x42,0x4a,0x2d,0x65,0xce,
    0x41,0x48,0xa9,0xb5,0x50,0x4a,0x4a,0xad,0xc5,0x16,0x4a,0x49,0xa9,0xb5,0x16,0x0b,
    0x00,0x00,0x28,0x70,0x00,0x00,0x08,0xb0,0x41,0x53,0x62,0x71,0x80,0x42,0x43,0x56,
    0x02,0x00,0x51,0x00,0x00,0x88,0x31,0x4a,0x31,0x06,0xa1,0x31,0x46,0x29,0xe7,0x20,
    0x34,0xc6,0x28,0xc5,0x18,0x84,0x4a,0x29,0xc6,0x9c,0x93,0x50,0x29,0xc5,0x98,0x73,
    0x50,0x32,0xc7,0x9c,0x83,0x50,0x4a,0xe6,0x9c,0x73,0x10,0x4a,0x09,0x21,0x94,0x52,
    0x4a,0x4a,0x21,0x84,0x52,0x4a,0x49,0xa9,0x00,0x00,0x80,0x02,0x07,0x00,0x80,0x00,
    0x1b,0x34,0x25,0x16,0x07,0x28,0x34,0x64,0x45,0x00,0x10,0x05,0x00,0x00,0x18,0x63,
    0x9c,0x33,0xce,0x21,0x0a,0x9d,0xa5,0xce,0x52,0x24,0xa9,0xa3,0xd6,0x51,0x6b,0x28,
    0xa5,0x1a,0x4b,0x8c,0x9d,0xc6,0x56,0x7b,0xeb,0xb9,0xd3,0x1a,0x7b,0x6d,0xb9,0x37,
    0x94,0x4a,0x8d,0xa9,0xd6,0x8e,0x6b,0xcb,0xb9,0xd5,0xde,0x69,0x4d,0x3d,0xb7,0x1c,
    0x0b,0x00,0x00,0x3b,0x70,0x00,0x00,0x3b,0xb0,0x10,0x0a,0x0d,0x59,0x09,0x00,0xe4,
    0x01,0x00,0x10,0xc6,0x28,0xc5,0x98,0x73,0xce,0x19,0x85,0x18,0x73,0xce,0x39,0xe7,
    0x0c,0x52,0x8c,0x39,0xe7,0x9c,0x73,0x8a,0x31,0xe7,0x9c,0x83,0x10,0x42,0xc5,0x98,
    0x73,0xce,0x41,0x08,0x21,0x73,0xce,0x39,0x08,0xa1,0x84,0x92,0x39,0xe7,0x1c,0x84,
    0x10,0x4a,0xe8,0x9c,0x83,0x50,0x4a,0x29,0xa5,0x74,0xce,0x41,0x08,0xa1,0x94,0x52,
    0x3a,0xe7,0x20,0x84,0x52,0x4a,0x29,0x9d,0x73,0x10,0x4a,0x29,0xa5,0x94,0x02,0x00,
    0x80,0x0a,0x1c,0x00,0x00,0x02,0x6c,0x14,0xd9,0x9c,0x60,0x24,0xa8,0xd0,0x90,0x95,
    0x00,0x40,0x1e,0x00,0x00,0x60,0x0c,0x42,0xce,0x49,0x69,0xad,0x61,0xcc,0x39,0x08,
    0x2d,0xd5,0xd8,0x30,0xc6,0x1c,0x94,0x94,0x62,0x8b,0x9c,0x83,0x90,0x52,0x8b,0xb9,
    0x46,0xcc,0x41,0x48,0x29,0xc6,0xa0,0x3b,0x28,0x29,0xb5,0x18,0x6c,0xf0,0x9d,0x84,
    0x94,0x5a,0x8b,0x39,0x07,0x93,0x52,0x8b,0x35,0xe7,0xde,0x83,0x48,0xa9,0xb5,0x9a,
    0x83,0xce,0x3d,0xd5,0x56,0x73,0xcf,0xbd,0xf7,0x9c,0x62,0xac,0x35,0xe7,0xde,0x73,
    0x2f,0x00,0x00,0x77,0xc1,0x01,0x00,0xec,0xc0,0x46,0x91,0xcd,0x09,0x46,0x82,0x0a,
    0x0d,0x59,0x09,0x00,0xe4,0x01,0x00,0x10,0x08,0x29,0xc5,0x98,0x73,0xce,0x19,0xa5,
    0x18,0x73,0xcc,0x39,0xe7,0x8c,0x52,0x8c,0x31,0xe6,0x9c,0x73,0x8a,0x31,0xc6,0x9c,
    0x73,0xce,0x41,0xc5,0x18,0x63,0xce,0x39,0x07,0x21,0x63,0xcc,0x39,0xe7,0x20,0x84,
    0x90,0x31,0xe6,0x9c,0x73,0x10,0x42,0xe8,0x9c,0x73,0x0e,0x42,0x08,0x21,0x74,0xce,
    0x39,0x07,0x21,0x84,0x10,0x3a,0xe7,0xa0,0x83,0x10,0x42,0x08,0x9d,0x73,0x10,0x42,
    0x08,0x21,0x84,0x02,0x00,0x80,0x0a,0x1c,0x00,0x00,0x02,0x6c,0x14,0xd9,0x9c,0x60,
    0x24,0xa8,0xd0,0x90,0x95,0x00,0x40,0x38,0x00,0x00,0x00,0x21,0x84,0x10,0x42,0x08,
    0x21,0x84,0x10,0x42,0x08,0x21,0x84,0x10,0x42,0x08,0x21,0x84,0x10,0x42,0x08,0x21,
    0x84,0x10,0x42,0x08,0x21,0x84,0x10,0x42,0x08,0x21,0x84,0x10,0x42,0x08,0x21,0x84,
    0x10,0x42,0x08,0x21,0x84,0x10,0x42,0x08,0x21,0x84,0x10,0x42,0x08,0x21,0x84,0x10,
    0x42,0x08,0x21,0x84,0x10,0x42,0x08,0x21,0x84,0x10,0x42,0x08,0x21,0x84,0x10,0x42,
    0x08,0x21,0x84,0x10,0x42,0x08,0x21,0x84,0x10,0x42,0x08,0x21,0x84,0x10,0x42,0x08,
    0x21,0x84,0x10,0x42,0x08,0x21,0x84,0x10,0x42,0x08,0x21,0x84,0x10,0x42,0x08,0x21,
    0x84,0x10,0x42,0x08,0x21,0x84,0x10,0x42,0x08,0x21,0x84,0x10,0x42,0x08,0x21,0x84,
    0x10,0x42,0xe8,0x9c,0x73,0xce,0x39,0xe7,0x9c,0x73,0xce,0x39,0xe7,0x9c,0x73,0xce,
    0x39,0xe7,0x9c,0x73,0xce,0x39,0x27,0x00,0xc8,0xb7,0xc2,0x01,0xc0,0xff,0xc1,0xc6,
    0x19,0x56,0x92,0xce,0x0a,0x47,0x83,0x0b,0x0d,0x59,0x09,0x00,0x84,0x03,0x00,0x00,
    0x0a,0x41,0x28,0xa5,0x62,0x10,0x4a,0x29,0x25,0x92,0x4e,0x3a,0x29,0x9d,0x93,0x50,
    0x4a,0x29,0x91,0x83,0x52,0x4a,0xe9,0xa4,0x94,0x52,0x4a,0x09,0xa5,0x94,0x52,0x4a,
    0x08,0xa5,0x94,0x52,0x4a,0x08,0x1d,0x94,0x52,0x42,0x29,0xa5,0x94,0x52,0x4a,0x29,
    0xa5,0x94,0x52,0x4a,0x29,0xa5,0x94,0x52,0x3a,0x29,0xa5,0x94,0x52,0x4a,0x29,0xa5,
    0x94,0xca,0x39,0x29,0xa5,0x93,0x52,0x4a,0x29,0xa5,0x44,0xce,0x49,0x29,0x21,0x94,
    0x52,0x4a,0x29,0xa5,0x84,0x52,0x4a,0x29,0xa5,0x94,0x52,0x4a,0x29,0xa5,0x94,0x52,
    0x4a,0x29,0xa5,0x94,0x52,0x4a,0x29,0xa5,0x84,0x10,0x42,0x08,0x21,0x84,0x10,0x42,
    0x08,0x21,0x84,0x10,0x42,0x08,0x21,0x84,0x10,0x42,0x08,0x21,0x84,0x10,0x42,0x08,
    0x21,0x84,0x10,0x42,0x08,0x21,0x84,0x10,0x42,0x08,0x21,0x84,0x02,0x00,0xb8,0x1b,
    0x1c,0x00,0x20,0x12,0x6c,0x9c,0x61,0x25,0xe9,0xac,0x70,0x34,0xb8,0xd0,0x90,0x95,
    0x00,0x40,0x48,0x00,0x00,0xa0,0x14,0x73,0x8e,0x4a,0x08,0x29,0x94,0x90,0x52,0xa8,
    0x98,0xa2,0x8e,0x42,0x29,0x29,0xa4,0x52,0x4a,0x0a,0x11,0x63,0xce,0x49,0xea,0x1c,
    0x85,0x50,0x52,0x28,0xa9,0x83,0xca,0x39,0x08,0xa5,0xa4,0x94,0x42,0x2a,0x21,0x75,
    0xce,0x41,0x07,0x25,0x85,0x90,0x52,0x09,0x21,0x95,0x8e,0x3a,0xe8,0x28,0x94,0x50,
    0x52,0x2a,0x25,0x94,0xd2,0x39,0x28,0xa5,0x84,0x14,0x4a,0x4a,0x29,0x95,0x90,0x42,
    0x48,0xa9,0x74,0x94,0x52,0x28,0x25,0x95,0x94,0x42,0x2a,0x21,0x95,0x52,0x4a,0x48,
    0x25,0x95,0x10,0x4a,0x0a,0x9d,0xa4,0x54,0x4a,0x0a,0xa9,0xa4,0x54,0x52,0x08,0x9d,
    0x74,0x90,0x42,0x27,0x25,0xa4,0x92,0x4a,0x0a,0xa9,0x93,0x94,0x52,0x2a,0x25,0xa5,
    0x94,0x4a,0x4a,0x25,0x74,0x52,0x42,0x2a,0x29,0xa5,0x10,0x42,0x4a,0xa9,0x94,0x10,
    0x4a,0x48,0x29,0xa5,0x4e,0x52,0x49,0xa9,0xa4,0x14,0x42,0x28,0x21,0x85,0x94,0x52,
    0x4a,0x25,0xa5,0x92,0x4a,0x4a,0x21,0x95,0x54,0x42,0x09,0xa5,0xa4,0x94,0x52,0x28,
    0xa1,0xa4,0x54,0x52,0x4a,0x29,0xa5,0x92,0x52,0x29,0x00,0x00,0xe0,0xc0,0x01,0x00,
    0x20,0xc0,0x08,0x3a,0xc9,0xa8,0xb2,0x08,0x1b,0x4d,0xb8,0xf0,0x00,0x14,0x1a,0xb2,
    0x12,0x00,0x20,0x03,0x00,0x40,0x94,0x74,0xd6,0x69,0xa7,0x49,0x22,0x08,0x31,0x45,
    0x99,0x27,0x0d,0x29,0xc6,0x20,0xb5,0xa4,0x2c,0xc3,0x10,0x53,0x92,0x89,0xf1,0x14,
    0x63,0x8c,0x39,0x28,0x46,0x43,0x0e,0x31,0xe4,0x94,0x18,0x17,0x4a,0x08,0xa1,0x83,
    0x62,0x3c,0x26,0x95,0x43,0xca,0x50,0x51,0xb9,0xb7,0xd4,0x39,0x05,0xc5,0x16,0x63,
    0x7c,0xef,0xb1,0x17,0x01,0x00,0x00,0x08,0x02,0x00,0x04,0x84,0x04,0x00,0x18,0x20,
    0x28,0x98,0x01,0x00,0x06,0x07,0x08,0x23,0x07,0x02,0x1d,0x01,0x04,0x0e,0x6d,0x00,
    0x80,0x81,0x08,0x99,0x09,0x0c,0x0a,0xa1,0xc1,0x41,0x26,0x00,0x3c,0x40,0x44,0x48,
    0x05,0x00,0x89,0x09,0x8a,0xd2,0x85,0x2e,0x08,0x21,0x82,0x74,0x11,0x64,0xf1,0xc0,
    0x85,0x13,0x37,0x9e,0xb8,0xe1,0x84,0x0e,0x6d,0x10,0x00,0x00,0x00,0x00,0x00,0x10,
    0x00,0xf0,0x01,0x00,0x90,0x50,0x00,0x11,0x11,0xd1,0xcc,0x55,0x58,0x5c,0x60,0x64,
    0x68,0x6c,0x70,0x74,0x78,0x7c,0x80,0x84,0x04,0x00,0x00,0x00,0x00,0x00,0x08,0x00,
    0x7c,0x00,0x00,0x24,0x22,0x40,0x44,0x44,0x34,0x73,0x15,0x16,0x17,0x18,0x19,0x1a,
    0x1b,0x1c,0x1d,0x1e,0x1f,0x20,0x21,0x01,0x00,0x00,0x00,0x00,0x00,0x00,0x00,0x00,
    0x40,0x40,0x40,0x00,0x00,0x00,0x00,0x00,0x20,0x00,0x00,0x00,0x40,0x40,0x4f,0x67,
    0x67,0x53,0x00,0x04,0xc0,0x0f,0x00,0x00,0x00,0x00,0x00,0x00,0x1c,0x29,0x64,0xe7,
    0x02,0x00,0x00,0x00,0x58,0x47,0x84,0xf8,0x0a,0x4b,0x33,0x4b,0x49,0x45,0x4b,0x42,
    0x40,0x47,0x4f,0x5c,0x35,0xf6,0x53,0xf3,0xe1,0x53,0x02,0x9b,0x00,0xa2,0x31,0x51,
    0xf4,0xf5,0xfb,0x7d,0x23,0x94,0x08,0x19,0x5e,0x2a,0x15,0x51,0x00,0x2c,0xcc,0xb1,
    0xf2,0x52,0xd8,0xfa,0x72,0xc9,0x49,0x89,0xe7,0x9f,0x22,0x26,0xa6,0x56,0x3a,0x62,
    0x4b,0x4d,0xcd,0x8f,0x4b,0x4d,0x24,0xd3,0x11,0xa1,0x06,0xa8,0x27,0xac,0xa1,0x7d,
    0x65,0x96,0x34,0x5d,0x2d,0x34,0xbc,0xe1,0xda,0xea,0xeb,0xd1,0x02,0x00,0x64,0x3b,
    0xca,0x65,0xfb,0x7c,0xec,0x49,0xc0,0x02,0x10,0x13,0x20,0x15,0x01,0xb5,0xe8,0x05,
    0x20,0x1f,0xeb,0x03,0x00,0x2f,0x02,0x00,0x57,0x2d,0x01,0x80,0xdb,0x0c,0x00,0xa8,
    0x54,0xc0,0x6d,0x19,0x70,0x02,0xe8,0x12,0x60,0x08,0x40,0x19,0x18,0x31,0x86,0x42,
    0x00,0x3a,0xab,0x4b,0xbc,0x8d,0xa2,0x5d,0x35,0xd1,0x5c,0x77,0x6e,0x0f,0xe0,0x7b,
    0x13,0x78,0x00,0x80,0x99,0x47,0xce,0x14,0x80,0x1c,0x96,0xae,0xd7,0x09,0x00,0x00,
    0x00,0xbc,0x76,0x03,0x00,0x00,0x80,0xbf,0xdf,0x0b,0x00,0xc4,0x0d,0x46,0x4d,0x00,
    0x80,0xfe,0xcb,0x05,0x00,0x9c,0x24,0xe0,0x63,0x22,0xe0,0x35,0x0e,0x00,0xbc,0x57,
    0x01,0xbc,0x00,0x68,0x1b,0xf0,0x31,0x02,0x2a,0x00,0x4e,0x00,0x3e,0xab,0x0b,0xd6,
    0x8a,0x9a,0x43,0x77,0x9d,0x1a,0xc9,0xdd,0x00,0x7f,0x06,0xc0,0xe1,0xc1,0x06,0x40,
    0x9a,0x8d,0xd9,0x33,0x05,0x00,0xea,0xd3,0x27,0x00,0x00,0x00,0xf0,0xa3,0x02,0x00,
    0x00,0x80,0x1f,0x6d,0x14,0x00,0x00,0x00,0xdc,0x46,0x01,0x00,0x8c,0x0a,0x00,0xf0,
    0x0e,0x00,0xe0,0xf7,0xab,0x08,0x00,0xe8,0xd1,0x01,0x00,0x46,0x00,0x80,0x2a,0xe0,
    0x1d,0x60,0x50,0x80,0x04,0xfe,0x7a,0x4b,0xa2,0x55,0x35,0x65,0xaa,0x47,0xe6,0x36,
    0xf3,0xf6,0x00,0xfe,0x16,0xc0,0x01,0x98,0x79,0x0c,0x51,0x00,0xc8,0xf8,0xe8,0x01,
    0x00,0x00,0x00,0xc0,0xab,0x3d,0x00,0x40,0xff,0x59,0x09,0x00,0xe0,0xdf,0xd3,0x01,
    0x00,0x2a,0x00,0x00,0xfc,0x03,0xf8,0x9c,0x00,0x78,0x15,0x01,0x80,0x9f,0xac,0x00,
    0x4a,0x00,0x40,0x65,0xc0,0x35,0x00,0x33,0x80,0x04,0x9e,0x5a,0x73,0x5e,0x8b,0x81,
    0xc0,0x97,0x2a,0x35,0x6e,0xb8,0x01,0x4e,0x24,0x00,0x8f,0x07,0x1b,0x00,0xcc,0x3c,
    0xbb,0x28,0x00,0xb0,0x57,0x5a,0x03,0x00,0x00,0x80,0xfa,0x68,0x01,0x00,0x00,0x00,
    0xbf,0xb7,0x03,0x00,0x00,0x00,0xe6,0x14,0x00,0x00,0xfa,0x09,0x00,0xc0,0x53,0x09,
    0xf8,0x9b,0x00,0x78,0x15,0x01,0x00,0x5b,0x0d,0x00,0xe8,0x53,0x00,0xa0,0x02,0x78,
    0x01,0x98,0x01,0x5e,0x00,0xfe,0x29,0x33,0x59,0xd1,0x01,0xc4,0xf7,0x22,0xb5,0x25,
    0x71,0x03,0x34,0x06,0x00,0x8f,0x03,0x36,0xc8,0x3e,0x8f,0x41,0x01,0x80,0xe6,0xd4,
    0x2b,0x01,0x00,0x00,0xa8,0xcb,0x0a,0x00,0x00,0x00,0x7e,0x6f,0x07,0x00,0x80,0xf3,
    0x8d,0x00,0x7c,0x00,0xd0,0x28,0xe0,0x67,0x06,0x98,0xd9,0x00,0x9f,0x04,0x18,0x02,
    0xf0,0x01,0x00,0xa3,0x02,0x04,0x00,0xfe,0xe9,0x62,0xd2,0x32,0xa7,0xad,0xb7,0x6b,
    0xf1,0xa0,0xda,0x03,0xf8,0x3e,0xe0,0x00,0x98,0x3c,0x32,0xa7,0x00,0x90,0x3b,0x8f,
    0x1f,0x01,0x00,0x00,0x00,0xbc,0xda,0x02,0x00,0xa8,0x1e,0x15,0x00,0xe0,0x72,0x74,
    0x00,0x5f,0x00,0xc0,0x0f,0x80,0x9e,0x08,0x18,0x15,0x70,0x12,0xf0,0x03,0x50,0x05,
    0xf0,0x4d,0xc0,0xa8,0x80,0x93,0x00,0x5e,0x99,0x22,0xd1,0x50,0x06,0x09,0x3b,0x79,
    0x60,0x39,0x37,0xc0,0x9f,0x13,0x80,0xc3,0x01,0x98,0x3d,0xe7,0x4c,0x81,0x48,0x46,
    0x83,0x12,0xdd,0x0f,0xe6,0x38,0x02,0x00,0x00,0x78,0x34,0x01,0x00,0x00,0x80,0x57,
    0x5b,0x05,0x00,0xb0,0xd7,0x01,0x00,0x46,0x00,0x00,0xde,0x00,0x00,0x5e,0x09,0x18,
    0x15,0x20,0x2b,0xe0,0x6b,0x00,0x15,0x00,0xef,0x11,0x30,0x2a,0x40,0x15,0xbe,0x07,
    0x02,0x0d,0x44,0x41,0x03,0x83,0x0d,0x7b,0x81,0x21,0x29,0x11,0x82,0x9c,0xa7,0x4b,
    0x7f,0xed,0xf7,0xf7,0x60,0x3c,0x1c,0x15,0x70,0xf7,0x25,0xb7,0x23,0x03,0x40,0xbf,
    0x7b,0x7a,0x15,0x60,0xeb,0xa5,0xaf,0x34,0x00,0xdf,0x1f,0xd5,0xe0,0xfd,0xa8,0x06,
    0x38,0x17,0x07,0xae,0x13,0x01,0x7e,0xd6,0x04,0xce,0x7f,0x3d,0x07,0x61,0xbd,0x8c,
    0xca,0x08,0x00,0x9b,0xed,0x14,0x30,0x11,0xe0,0x47,0x34,0x40,0x01,
};

static const unsigned char s_banjo[] = {
    0x4f,0x67,0x67,0x53,0x00,0x02,0x00,0x00,0x00,0x00,0x00,0x00,0x00,0x00,0x36,0xcb,
    0x2f,0xe7,0x00,0x00,0x00,0x00,0xf4,0xfd,0x92,0x9d,0x01,0x1e,0x01,0x76,0x6f,0x72,
    0x62,0x69,0x73,0x00,0x00,0x00,0x00,0x01,0x09,0x56,0x00,0x00,0xff,0xff,0xff,0xff,
    0x00,0x7d,0x00,0x00,0xff,0xff,0xff,0xff,0xa9,0x01,0x4f,0x67,0x67,0x53,0x00,0x00,
    0x00,0x00,0x00,0x00,0x00,0x00,0x00,0x00,0x36,0xcb,0x2f,0xe7,0x01,0x00,0x00,0x00,
    0xbf,0x46,0x4d,0x3c,0x0e,0x32,0xff,0xff,0xff,0xff,0xff,0xff,0xff,0xff,0xff,0xff,
    0xff,0xff,0xc5,0x03,0x76,0x6f,0x72,0x62,0x69,0x73,0x0b,0x00,0x00,0x00,0x4c,0x61,
    0x76,0x66,0x35,0x33,0x2e,0x32,0x34,0x2e,0x32,0x01,0x00,0x00,0x00,0x13,0x00,0x00,
    0x00,0x65,0x6e,0x63,0x6f,0x64,0x65,0x72,0x3d,0x4c,0x61,0x76,0x66,0x35,0x33,0x2e,
    0x32,0x34,0x2e,0x32,0x01,0x05,0x76,0x6f,0x72,0x62,0x69,0x73,0x22,0x42,0x43,0x56,
    0x01,0x00,0x40,0x00,0x00,0x18,0x42,0x10,0x2a,0x05,0xad,0x63,0x8e,0x3a,0xc8,0x15,
    0x21,0x8c,0x19,0xa2,0xa0,0x42,0xca,0x29,0xc7,0x1d,0x42,0xd0,0x21,0xa3,0x24,0x43,
    0x88,0x3a,0xc6,0x35,0xc7,0x18,0x63,0x47,0xb9,0x64,0x8a,0x42,0xc9,0x81,0xd0,0x90,
    0x55,0x00,0x00,0x40,0x00,0x00,0xa4,0x1c,0x57,0x50,0x72,0x49,0x2d,0xe7,0x9c,0x73,
    0xa3,0x18,0x57,0xcc,0x71,0xe8,0x20,0xe7,0x9c,0x73,0xe5,0x20,0x67,0xcc,0x71,0x09,
    0x25,0xe7,0x9c,0x73,0x8e,0x39,0xe7,0x92,0x72,0x8e,0x31,0xe7,0x9c,0x73,0xa3,0x18,
    0x57,0x0e,0x72,0x29,0x2d,0xe7,0x9c,0x73,0x81,0x14,0x47,0x8a,0x71,0xa7,0x18,0xe7,
    0x9c,0x73,0xa4,0x1c,0x47,0x8a,0x71,0xa8,0x18,0xe7,0x9c,0x73,0x6d,0x31,0xb7,0x92,
    0x72,0xce,0x39,0xe7,0x9c,0x73,0xe6,0x20,0x87,0x52,0x72,0xae,0x35,0xe7,0x9c,0x73,
    0xa4,0x18,0x67,0x0e,0x72,0x0b,0x25,0xe7,0x9c,0x73,0xc6,0x20,0x67,0xcc,0x71,0xeb,
    0x20,0xe7,0x9c,0x73,0x8c,0x35,0xb7,0xd4,0x72,0xce,0x39,0xe7,0x9c,0x73,0xce,0x39,
    0xe7,0x9c,0x73,0xce,0x39,0xe7,0x9c,0x73,0x8c,0x31,0xe7,0x9c,0x73,0xce,0x39,0xe7,
    0x9c,0x73,0x6e,0x31,0xe7,0x16,0x73,0xae,0x39,0xe7,0x9c,0x73,0xce,0x39,0xe7,0x1c,
    0x73,0xce,0x39,0xe7,0x9c,0x73,0x20,0x34,0x64,0x15,0x00,0x90,0x00,0x00,0xa0,0xa1,
    0x28,0x8a,0xe2,0x28,0x0e,0x10,0x1a,0xb2,0x0a,0x00,0xc8,0x00,0x00,0x10,0x40,0x71,
    0x14,0x47,0x91,0x14,0x4b,0xb1,0x1c,0xcb,0xd1,0x24,0x0d,0x08,0x0d,0x59,0x05,0x00,
    0x00,0x01,0x00,0x08,0x00,0x00,0xa0,0x48,0x86,0xa4,0x48,0x8a,0xa5,0x58,0x8e,0x66,
    0x69,0x9e,0x26,0x7a,0xa2,0x28,0x9a,0xa2,0x2a,0xab,0xb2,0x69,0xca,0xb2,0x2c,0xcb,
    0xb2,0xeb,0xba,0x2e,0x10,0x1a,0xb2,0x0a,0x00,0x48,0x00,0x00,0x50,0x51,0x14,0xc5,
    0x70,0x14,0x07,0x08,0x0d,0x59,0x05,0x00,0x64,0x00,0x00,0x08,0x60,0x28,0x8a,0xa3,
    0x38,0x8e,0xe4,0x58,0x92,0xa5,0x59,0x9e,0x07,0x84,0x86,0xac,0x02,0x00,0x80,0x00,
    0x00,0x04,0x00,0x00,0x50,0x0c,0x47,0xb1,0x14,0x4d,0xf1,0x24,0xcf,0xf2,0x3c,0xcf,
    0xf3,0x3c,0xcf,0xf3,0x3c,0xcf,0xf3,0x3c,0xcf,0xf3,0x3c,0xcf,0xf3,0x3c,0xcf,0xf3,
    0x3c,0x0d,0x08,0x0d,0x59,0x05,0x00,0x20,0x00,0x00,0x00,0x82,0x28,0x64,0x18,0x03,
    0x42,0x43,0x56,0x01,0x00,0x40,0x00,0x00,0x08,0x21,0x1a,0x19,0x43,0x9d,0x52,0x12,
    0x5c,0x0a,0x16,0x42,0x1c,0x11,0x43,0x1d,0x42,0xce,0x43,0xa9,0xa5,0x83,0xe0,0x29,
    0x85,0x25,0x63,0xd2,0x53,0xac,0x41,0x08,0x21,0x7c,0xef,0x3d,0xf7,0xde,0x7b,0xef,
    0x81,0xd0,0x90,0x55,0x00,0x00,0x10,0x00,0x00,0x61,0x14,0x38,0x88,0x81,0xc7,0x24,
    0x08,0x21,0x84,0x62,0x14,0x27,0x44,0x71,0xa6,0x20,0x08,0x21,0x84,0xe5,0x24,0x58,
    0xca,0x79,0xe8,0x24,0x08,0xdd,0x83,0x10,0x42,0xb8,0x9c,0x7b,0xcb,0xb9,0xf7,0xde,
    0x7b,0x20,0x34,0x64,0x15,0x00,0x00,0x08,0x00,0xc0,0x20,0x84,0x10,0x42,0x08,0x21,
    0x84,0x10,0x42,0x08,0x29,0xa4,0x94,0x52,0x48,0x29,0xa6,0x98,0x62,0x8a,0x29,0xc7,
    0x1c,0x73,0xcc,0x31,0xc7,0x20,0x83,0x0c,0x32,0xe8,0xa0,0x93,0x4e,0x3a,0xc9,0xa4,
    0x92,0x4e,0x3a,0xca,0x24,0xa3,0x8e,0x52,0x6b,0x29,0xb5,0x14,0x53,0x4c,0xb1,0xe5,
    0x16,0x63,0xad,0xb5,0xd6,0x9c,0x73,0xaf,0x41,0x29,0x63,0x8c,0x31,0xc6,0x18,0x63,
    0x8c,0x31,0xc6,0x18,0x63,0x8c,0x31,0xc6,0x18,0x23,0x08,0x0d,0x59,0x05,0x00,0x80,
    0x00,0x00,0x10,0x06,0x19,0x64,0x90,0x41,0x08,0x21,0x84,0x14,0x52,0x48,0x29,0xa6,
    0x98,0x72,0xcc,0x31,0xc7,0x1c,0x03,0x42,0x43,0x56,0x01,0x00,0x80,0x00,0x00,0x02,
    0x00,0x00,0x00,0x1c,0x45,0x52,0x24,0x47,0x72,0x24,0x47,0x92,0x24,0xc9,0x92,0x2c,
    0x49,0x93,0x3c,0xcb,0xb3,0x3c,0xcb,0xb3,0x3c,0x4d,0xd4,0x44,0x4d,0x15,0x55,0xd5,
    0x55,0x6d,0xd7,0xf6,0x6d,0x5f,0xf6,0x6d,0xdf,0xd5,0x65,0xdf,0xf6,0x65,0xdb,0xd5,
    0x65,0x5d,0x96,0x65,0xdd,0xb5,0x6d,0x5d,0xd6,0x5d,0x5d,0xd7,0x75,0x5d,0xd7,0x75,
    0x5d,0xd7,0x75,0x5d,0xd7,0x75,0x5d,0xd7,0x75,0x5d,0xd7,0x81,0xd0,0x90,0x55,0x00,
    0x80,0x04,0x00,0x80,0x8e,0xe4,0x38,0x8e,0xe4,0x38,0x8e,0xe4,0x48,0x8e,0xa4,0x48,
    0x0a,0x10,0x1a,0xb2,0x0a,0x00,0x90,0x01,0x00,0x10,0x00,0x80,0xa3,0x38,0x8a,0xe3,
    0x48,0x8e,0xe4,0x58,0x8e,0x25,0x59,0x92,0x26,0x69,0x96,0x67,0x79,0x96,0xa7,0x79,
    0x9a,0xa8,0x89,0x1e,0x10,0x1a,0xb2,0x0a,0x00,0x00,0x04,0x00,0x10,0x00,0x00,0x00,
    0x00,0x00,0x80,0xa2,0x28,0x8a,0xa3,0x38,0x8e,0x24,0x59,0x96,0xa6,0x69,0x9e,0xa7,
    0x7a,0xa2,0x28,0x9a,0xaa,0xaa,0x8a,0xa6,0xa9,0xaa,0xaa,0x6a,0x9a,0xa6,0x69,0x9a,
    0xa6,0x69,0x9a,0xa6,0x69,0x9a,0xa6,0x69,0x9a,0xa6,0x69,0x9a,0xa6,0x69,0x9a,0xa6,
    0x69,0x9a,0xa6,0x69,0x9a,0xa6,0x69,0x9a,0xa6,0x69,0x9a,0xa6,0x69,0x02,0xa1,0x21,
    0xab,0x00,0x00,0x09,0x00,0x00,0x1d,0xc7,0x71,0x1c,0x47,0x71,0x1c,0xc7,0x71,0x24,
    0x47,0x92,0x24,0x20,0x34,0x64,0x15,0x00,0x20,0x03,0x00,0x20,0x00,0x00,0x43,0x51,
    0x1c,0x45,0x72,0x2c,0xc7,0x92,0x34,0x4b,0xb3,0x3c,0xcb,0xd3,0x44,0xcf,0xf4,0x5c,
    0x51,0x36,0x75,0x53,0x57,0x6d,0x20,0x34,0x64,0x15,0x00,0x00,0x08,0x00,0x20,0x00,
    0x00,0x00,0x00,0x00,0x00,0xc7,0x73,0x3c,0xc7,0x73,0x3c,0xc9,0x93,0x3c,0xcb,0x73,
    0x3c,0xc7,0x93,0x3c,0x49,0xd3,0x34,0x4d,0xd3,0x34,0x4d,0xd3,0x34,0x4d,0xd3,0x34,
    0x4d,0xd3,0x34,0x4d,0xd3,0x34,0x4d,0xd3,0x34,0x4d,0xd3,0x34,0x4d,0xd3,0x34,0x4d,
    0xd3,0x34,0x4d,0xd3,0x34,0x4d,0xd3,0x34,0x4d,0xd3,0x34,0x4d,0xd3,0x34,0x4d,0x03,
    0x42,0x43,0x56,0x02,0x00,0x64,0x00,0x00,0x10,0x93,0x90,0x4a,0x4e,0xb1,0x57,0x46,
    0x29,0xc6,0x24,0xb4,0x5e,0x2a,0xa4,0x14,0x93,0xd4,0x7b,0xa8,0x98,0x62,0x4c,0x3a,
    0xed,0xa9,0x42,0x06,0x29,0x07,0xb9,0x87,0x4a,0x21,0xa5,0xa0,0xd3,0xde,0x32,0xa5,
    0x90,0x52,0x0c,0x7b,0xa7,0x98,0x42,0xc8,0x18,0xea,0xa1,0x83,0x90,0x31,0x85,0xb0,
    0xd7,0xda,0x73,0xcf,0xbd,0xf7,0x1e,0x08,0x0d,0x59,0x11,0x00,0x44,0x01,0x00,0x00,
    0xc6,0x20,0xc6,0x10,0x63,0xc8,0x31,0x26,0x25,0x83,0x12,0x31,0xc7,0x24,0x64,0x52,
    0x22,0xe7,0x9c,0x94,0x4e,0x4a,0x26,0xa5,0xa4,0x56,0x5a,0xcc,0xa4,0x84,0x98,0x4a,
    0x8b,0x91,0x73,0x4e,0x4a,0x27,0x25,0x93,0x52,0x5a,0x0b,0xa9,0x65,0x92,0x4a,0x6b,
    0x25,0xa6,0x02,0x00,0x00,0x02,0x1c,0x00,0x00,0x02,0x2c,0x84,0x42,0x43,0x56,0x04,
    0x00,0x51,0x00,0x00,0x88,0x31,0x48,0x29,0xa4,0x14,0x52,0x4a,0x31,0xa7,0x98,0x43,
    0x4a,0x29,0xc7,0x94,0x63,0x48,0x29,0xe5,0x9c,0x72,0x4e,0x39,0xc7,0x98,0x74,0x10,
    0x2a,0xe7,0x18,0x74,0x0e,0x4a,0xa4,0x94,0x72,0x8e,0x39,0xa7,0x9c,0x73,0x12,0x32,
    0x07,0x95,0x73,0x0e,0x42,0x26,0x9d,0x00,0x00,0x80,0x00,0x07,0x00,0x80,0x00,0x0b,
    0xa1,0xd0,0x90,0x15,0x01,0x40,0x9c,0x00,0x00,0x80,0x90,0x73,0x8a,0x31,0x08,0x11,
    0x63,0x10,0x42,0x09,0x29,0x85,0x50,0x52,0xaa,0x9c,0x93,0xd2,0x41,0x49,0xa9,0x83,
    0x92,0x52,0x49,0xa9,0xc5,0x92,0x52,0x8c,0x95,0x73,0x52,0x3a,0x09,0x29,0x75,0x12,
    0x52,0x2a,0x29,0xc5,0x58,0x52,0x8a,0x2d,0xa4,0x54,0x63,0x69,0x2d,0xd7,0xd2,0x52,
    0x8d,0x2d,0xc6,0x9c,0x5b,0x8c,0xbd,0x86,0x94,0x62,0x2d,0xa9,0xd5,0x5a,0x5a,0xab,
    0xb9,0xc5,0x58,0x73,0x8b,0x35,0xf7,0xc8,0x39,0x4a,0x9d,0x94,0xd6,0x3a,0x29,0xad,
    0xa5,0xd6,0x6a,0x4d,0xad,0xd5,0xda,0x49,0x69,0x2d,0xa4,0xd6,0x62,0x69,0x2d,0xc6,
    0xd6,0x62,0xcd,0x29,0xc6,0x9c,0x33,0x29,0xad,0x85,0x96,0x62,0x2b,0xa9,0xc5,0xd8,
    0x62,0xcb,0x35,0xb5,0x98,0x73,0x69,0x2d,0xd7,0x14,0x63,0xcf,0x29,0xc6,0x9e,0x6b,
    0xac,0xb9,0xc7,0x9c,0x83,0x30,0xad,0xd5,0x9c,0x5a,0xcb,0x39,0xc5,0x98,0x7b,0xcc,
    0xb1,0xe7,0x98,0x73,0x0f,0x92,0x73,0x94,0x3a,0x29,0xad,0x75,0x52,0x5a,0x4b,0xad,
    0xd5,0x9a,0x5a,0xab,0x35,0x93,0xd2,0x5a,0x69,0xad,0xc6,0x90,0x5a,0x8b,0x2d,0xc6,
    0x9c,0x5b,0x8b,0x31,0x67,0x52,0x5a,0x2c,0xa9,0xc5,0x58,0x5a,0x8a,0x31,0xc5,0x98,
    0x73,0x8b,0x2d,0xd7,0xd0,0x5a,0xae,0x29,0xc6,0x9c,0x53,0x8b,0x39,0xc7,0x5a,0x83,
    0x92,0xb1,0xf6,0x5e,0x5a,0xab,0x39,0xc5,0x98,0x7b,0x8a,0xad,0xe7,0x98,0x73,0x30,
    0x36,0xc7,0x9e,0x3b,0x4a,0xb9,0x96,0xd6,0x7a,0x2e,0xad,0xf5,0x5e,0x73,0x2e,0x42,
    0xd6,0xdc,0x8b,0x68,0x2d,0xe7,0xd4,0x6a,0x0f,0x2a,0xc6,0x9e,0x73,0xce,0xc1,0xd8,
    0xdc,0x83,0x10,0xad,0xe5,0x9c,0x6a,0xec,0x3d,0xc5,0xd8,0x7b,0xee,0x39,0x18,0xdb,
    0x73,0xf0,0xad,0xd6,0xe0,0x5b,0xcd,0x45,0xc8,0x9c,0x83,0xd0,0xb9,0xf8,0xa6,0x7b,
    0x30,0x46,0xd5,0xda,0x83,0xcc,0xb5,0x08,0x99,0x73,0x10,0x3a,0xe8,0x22,0x74,0xf0,
    0xc9,0x78,0x94,0x6a,0x2e,0xad,0xe5,0x5c,0x5a,0xeb,0x3d,0xd6,0x1a,0x7c,0xcd,0x39,
    0x08,0xd1,0x5a,0xee,0x29,0xc6,0xde,0x53,0x8b,0xbd,0xd7,0x9e,0x9b,0xb0,0xbd,0x07,
    0x21,0x5a,0xcb,0x3d,0xc5,0xd8,0x83,0x8a,0x31,0xf8,0x9a,0x73,0x30,0x3a,0xe7,0x62,
    0x54,0xad,0xc1,0xc7,0x9c,0x83,0x90,0xb5,0x16,0xa1,0x7b,0x2f,0x4a,0xe7,0x20,0x94,
    0xaa,0xb5,0x07,0x99,0x6b,0x50,0x32,0xd7,0x22,0x74,0xf0,0xc5,0xe8,0xa0,0x8b,0x2f,
    0x00,0x00,0x60,0xc0,0x01,0x00,0x20,0xc0,0x84,0x32,0x50,0x68,0xc8,0x8a,0x00,0x20,
    0x4e,0x00,0x80,0x41,0xc8,0x39,0xa5,0x18,0x84,0x4a,0x29,0x08,0xa1,0x84,0x94,0x42,
    0x28,0x29,0x55,0x8c,0x49,0xc8,0x98,0x83,0x92,0x31,0x27,0xa5,0x94,0x52,0x5a,0x08,
    0x25,0xb5,0x8a,0x31,0x08,0x99,0x63,0x52,0x32,0xc7,0xa4,0x84,0x12,0x5a,0x2a,0x25,
    0xb4,0x12,0x4a,0x69,0xa9,0x94,0xd2,0x5a,0x28,0xa5,0xb5,0x96,0x5a,0x8c,0x29,0xb5,
    0x16,0x43,0x29,0xa9,0x85,0x52,0x5a,0x2b,0xa5,0xb4,0x96,0x5a,0xaa,0x31,0xb5,0x56,
    0x63,0xc4,0x98,0x94,0xcc,0x39,0x29,0x99,0x63,0x52,0x4a,0x29,0xad,0x95,0x52,0x5a,
    0xab,0x1c,0x93,0x92,0x31,0x28,0xa9,0x83,0x90,0x4a,0x29,0x29,0xc5,0x52,0x52,0x8b,
    0x95,0x73,0x52,0x32,0xe8,0xa8,0x74,0x10,0x4a,0x2a,0xa9,0xc4,0x54,0x52,0x69,0xad,
    0xa4,0xd2,0x52,0x29,0xa5,0xc5,0x92,0x52,0x6c,0x29,0xc5,0x54,0x5b,0x8b,0xb5,0x86,
    0x52,0x5a,0x2c,0xa9,0xc4,0x56,0x52,0x6a,0x31,0xb5,0x54,0x5b,0x8b,0x31,0xd7,0x88,
    0x31,0x29,0x19,0x73,0x52,0x32,0xe7,0xa4,0x94,0x52,0x52,0x2b,0xa5,0xb4,0x96,0x39,
    0x27,0xa5,0x83,0x8e,0x4a,0xe6,0xa0,0xa4,0x92,0x52,0x6b,0xa5,0xa4,0x14,0x33,0xe6,
    0xa4,0x74,0x0e,0x4a,0xca,0x20,0xa3,0x52,0x52,0x8a,0x2d,0xa5,0x12,0x53,0x28,0xa5,
    0xb5,0x92,0x52,0x6c,0xa5,0xa4,0xd6,0x5a,0x8c,0xb5,0xa6,0xd4,0x5a,0x2d,0x25,0xb5,
    0x56,0x52,0x6a,0xb1,0x94,0x12,0x5b,0x8b,0x31,0xd7,0x16,0x4b,0x4d,0x9d,0x94,0xd6,
    0x4a,0x2a,0x31,0x86,0x52,0x5a,0x6b,0x31,0xe6,0x9a,0x5a,0x8b,0x31,0x94,0x12,0x5b,
    0x29,0x29,0xc6,0x92,0x4a,0x6c,0xad,0xc5,0x9a,0x5b,0x6c,0x39,0x86,0x52,0x5a,0x2c,
    0xa9,0xc4,0x56,0x4a,0x6a,0xb1,0xd5,0x96,0x63,0x6b,0xb1,0xe6,0xd4,0x52,0x8d,0x29,
    0xb5,0x9a,0x5b,0x6c,0xb9,0xc6,0x94,0x53,0x8f,0xb5,0xf6,0x9c,0x5a,0xab,0x35,0xb5,
    0x54,0x63,0x6b,0xb1,0xe6,0x58,0x5b,0x6f,0xb5,0xd6,0x9c,0x3b,0x29,0xad,0x85,0x52,
    0x5a,0x2b,0x25,0xc5,0x98,0x5a,0x8b,0xb1,0xc5,0x58,0x73,0x28,0x25,0xb6,0x92,0x52,
    0x6c,0xa5,0xa4,0x18,0x5b,0x6c,0xb9,0xb6,0x16,0x63,0x0f,0xa1,0xb4,0x58,0x4a,0x6a,
    0xb1,0xa4,0x12,0x63,0x6b,0x31,0xe6,0x18,0x5b,0x8e,0xa9,0xb5,0x5a,0x5b,0x6c,0xb9,
    0xa6,0xd4,0x62,0xad,0xb5,0xf6,0x1c,0x5b,0x6e,0x3d,0xa5,0x16,0x6b,0x8b,0xb1,0xe6,
    0xd2,0x52,0x8d,0x35,0xd7,0xde,0x63,0x4d,0x39,0x15,0x00,0x00,0x30,0xe0,0x00,0x00,
    0x10,0x60,0x42,0x19,0x28,0x34,0x64,0x25,0x00,0x10,0x05,0x00,0x00,0x18,0xc3,0x18,
    0x63,0x10,0x1a,0xa5,0x9c,0x73,0x4e,0x4a,0x83,0x94,0x73,0xce,0x49,0xc9,0x9c,0x83,
    0x10,0x42,0x4a,0x99,0x73,0x10,0x42,0x48,0x29,0x73,0x4e,0x42,0x4a,0x2d,0x65,0xce,
    0x41,0x48,0xa9,0xb5,0x50,0x4a,0x4a,0xad,0xc5,0x16,0x4a,0x49,0xa9,0xb5,0x16,0x0b,
    0x00,0x00,0x28,0x70,0x00,0x00,0x08,0xb0,0x41,0x53,0x62,0x71,0x80,0x42,0x43,0x56,
    0x02,0x00,0x51,0x00,0x00,0x88,0x31,0x4a,0x31,0x06,0xa1,0x31,0x46,0x29,0xe7,0x20,
    0x34,0xc6,0x28,0xc5,0x18,0x84,0x4a,0x29,0xc6,0x9c,0x93,0x50,0x29,0xc5,0x98,0x73,
    0x50,0x32,0xc7,0x9c,0x83,0x50,0x4a,0xe6,0x9c,0x73,0x10,0x4a,0x09,0x21,0x94,0x52,
    0x4a,0x4a,0x21,0x84,0x52,0x4a,0x49,0xa9,0x00,0x00,0x80,0x02,0x07,0x00,0x80,0x00,
    0x1b,0x34,0x25,0x16,0x07,0x28,0x34,0x64,0x45,0x00,0x10,0x05,0x00,0x00,0x18,0x63,
    0x9c,0x33,0xce,0x21,0x0a,0x9d,0xa5,0xce,0x52,0x24,0xa9,0xa3,0xd6,0x51,0x6b,0x28,
    0xa5,0x1a,0x4b,0x8c,0x9d,0xc6,0x56,0x7b,0xeb,0xb9,0xd3,0x1a,0x7b,0x6d,0xb9,0x37,
    0x94,0x4a,0x8d,0xa9,0xd6,0x8e,0x6b,0xcb,0xb9,0xd5,0xde,0x69,0x4d,0x3d,0xb7,0x1c,
    0x0b,0x00,0x00,0x3b,0x70,0x00,0x00,0x3b,0xb0,0x10,0x0a,0x0d,0x59,0x09,0x00,0xe4,
    0x01,0x00,0x10,0xc6,0x28,0xc5,0x98,0x73,0xce,0x19,0x85,0x18,0x73,0xce,0x39,0xe7,
    0x0c,0x52,0x8c,0x39,0xe7,0x9c,0x73,0x8a,0x31,0xe7,0x9c,0x83,0x10,0x42,0xc5,0x98,
    0x73,0xce,0x41,0x08,0x21,0x73,0xce,0x39,0x08,0xa1,0x84,0x92,0x39,0xe7,0x1c,0x84,
    0x10,0x4a,0xe8,0x9c,0x83,0x50,0x4a,0x29,0xa5,0x74,0xce,0x41,0x08,0xa1,0x94,0x52,
    0x3a,0xe7,0x20,0x84,0x52,0x4a,0x29,0x9d,0x73,0x10,0x4a,0x29,0xa5,0x94,0x02,0x00,
    0x80,0x0a,0x1c,0x00,0x00,0x02,0x6c,0x14,0xd9,0x9c,0x60,0x24,0xa8,0xd0,0x90,0x95,
    0x00,0x40,0x1e,0x00,0x00,0x60,0x0c,0x42,0xce,0x49,0x69,0xad,0x61,0xcc,0x39,0x08,
    0x2d,0xd5,0xd8,0x30,0xc6,0x1c,0x94,0x94,0x62,0x8b,0x9c,0x83,0x90,0x52,0x8b,0xb9,
    0x46,0xcc,0x41,0x48,0x29,0xc6,0xa0,0x3b,0x28,0x29,0xb5,0x18,0x6c,0xf0,0x9d,0x84,
    0x94,0x5a,0x8b,0x39,0x07,0x93,0x52,0x8b,0x35,0xe7,0xde,0x83,0x48,0xa9,0xb5,0x9a,
    0x83,0xce,0x3d,0xd5,0x56,0x73,0xcf,0xbd,0xf7,0x9c,0x62,0xac,0x35,0xe7,0xde,0x73,
    0x2f,0x00,0x00,0x77,0xc1,0x01,0x00,0xec,0xc0,0x46,0x91,0xcd,0x09,0x46,0x82,0x0a,
    0x0d,0x59,0x09,0x00,0xe4,0x01,0x00,0x10,0x08,0x29,0xc5,0x98,0x73,0xce,0x19,0xa5,
    0x18,0x73,0xcc,0x39,0xe7,0x8c,0x52,0x8c,0x31,0xe6,0x9c,0x73,0x8a,0x31,0xc6,0x9c,
    0x73,0xce,0x41,0xc5,0x18,0x63,0xce,0x39,0x07,0x21,0x63,0xcc,0x39,0xe7,0x20,0x84,
    0x90,0x31,0xe6,0x9c,0x73,0x10,0x42,0xe8,0x9c,0x73,0x0e,0x42,0x08,0x21,0x74,0xce,
    0x39,0x07,0x21,0x84,0x10,0x3a,0xe7,0xa0,0x83,0x10,0x42,0x08,0x9d,0x73,0x10,0x42,
    0x08,0x21,0x84,0x02,0x00,0x80,0x0a,0x1c,0x00,0x00,0x02,0x6c,0x14,0xd9,0x9c,0x60,
    0x24,0xa8,0xd0,0x90,0x95,0x00,0x40,0x38,0x00,0x00,0x00,0x21,0x84,0x10,0x42,0x08,
    0x21,0x84,0x10,0x42,0x08,0x21,0x84,0x10,0x42,0x08,0x21,0x84,0x10,0x42,0x08,0x21,
    0x84,0x10,0x42,0x08,0x21,0x84,0x10,0x42,0x08,0x21,0x84,0x10,0x42,0x08,0x21,0x84,
    0x10,0x42,0x08,0x21,0x84,0x10,0x42,0x08,0x21,0x84,0x10,0x42,0x08,0x21,0x84,0x10,
    0x42,0x08,0x21,0x84,0x10,0x42,0x08,0x21,0x84,0x10,0x42,0x08,0x21,0x84,0x10,0x42,
    0x08,0x21,0x84,0x10,0x42,0x08,0x21,0x84,0x10,0x42,0x08,0x21,0x84,0x10,0x42,0x08,
    0x21,0x84,0x10,0x42,0x08,0x21,0x84,0x10,0x42,0x08,0x21,0x84,0x10,0x42,0x08,0x21,
    0x84,0x10,0x42,0x08,0x21,0x84,0x10,0x42,0x08,0x21,0x84,0x10,0x42,0x08,0x21,0x84,
    0x10,0x42,0xe8,0x9c,0x73,0xce,0x39,0xe7,0x9c,0x73,0xce,0x39,0xe7,0x9c,0x73,0xce,
    0x39,0xe7,0x9c,0x73,0xce,0x39,0x27,0x00,0xc8,0xb7,0xc2,0x01,0xc0,0xff,0xc1,0xc6,
    0x19,0x56,0x92,0xce,0x0a,0x47,0x83,0x0b,0x0d,0x59,0x09,0x00,0x84,0x03,0x00,0x00,
    0x0a,0x41,0x28,0xa5,0x62,0x10,0x4a,0x29,0x25,0x92,0x4e,0x3a,0x29,0x9d,0x93,0x50,
    0x4a,0x29,0x91,0x83,0x52,0x4a,0xe9,0xa4,0x94,0x52,0x4a,0x09,0xa5,0x94,0x52,0x4a,
    0x08,0xa5,0x94,0x52,0x4a,0x08,0x1d,0x94,0x52,0x42,0x29,0xa5,0x94,0x52,0x4a,0x29,
    0xa5,0x94,0x52,0x4a,0x29,0xa5,0x94,0x52,0x3a,0x29,0xa5,0x94,0x52,0x4a,0x29,0xa5,
    0x94,0xca,0x39,0x29,0xa5,0x93,0x52,0x4a,0x29,0xa5,0x44,0xce,0x49,0x29,0x21,0x94,
    0x52,0x4a,0x29,0xa5,0x84,0x52,0x4a,0x29,0xa5,0x94,0x52,0x4a,0x29,0xa5,0x94,0x52,
    0x4a,0x29,0xa5,0x94,0x52,0x4a,0x29,0xa5,0x84,0x10,0x42,0x08,0x21,0x84,0x10,0x42,
    0x08,0x21,0x84,0x10,0x42,0x08,0x21,0x84,0x10,0x42,0x08,0x21,0x84,0x10,0x42,0x08,
    0x21,0x84,0x10,0x42,0x08,0x21,0x84,0x10,0x42,0x08,0x21,0x84,0x02,0x00,0xb8,0x1b,
    0x1c,0x00,0x20,0x12,0x6c,0x9c,0x61,0x25,0xe9,0xac,0x70,0x34,0xb8,0xd0,0x90,0x95,
    0x00,0x40,0x48,0x00,0x00,0xa0,0x14,0x73,0x8e,0x4a,0x08,0x29,0x94,0x90,0x52,0xa8,
    0x98,0xa2,0x8e,0x42,0x29,0x29,0xa4,0x52,0x4a,0x0a,0x11,0x63,0xce,0x49,0xea,0x1c,
    0x85,0x50,0x52,0x28,0xa9,0x83,0xca,0x39,0x08,0xa5,0xa4,0x94,0x42,0x2a,0x21,0x75,
    0xce,0x41,0x07,0x25,0x85,0x90,0x52,0x09,0x21,0x95,0x8e,0x3a,0xe8,0x28,0x94,0x50,
    0x52,0x2a,0x25,0x94,0xd2,0x39,0x28,0xa5,0x84,0x14,0x4a,0x4a,0x29,0x95,0x90,0x42,
    0x48,0xa9,0x74,0x94,0x52,0x28,0x25,0x95,0x94,0x42,0x2a,0x21,0x95,0x52,0x4a,0x48,
    0x25,0x95,0x10,0x4a,0x0a,0x9d,0xa4,0x54,0x4a,0x0a,0xa9,0xa4,0x54,0x52,0x08,0x9d,
    0x74,0x90,0x42,0x27,0x25,0xa4,0x92,0x4a,0x0a,0xa9,0x93,0x94,0x52,0x2a,0x25,0xa5,
    0x94,0x4a,0x4a,0x25,0x74,0x52,0x42,0x2a,0x29,0xa5,0x10,0x42,0x4a,0xa9,0x94,0x10,
    0x4a,0x48,0x29,0xa5,0x4e,0x52,0x49,0xa9,0xa4,0x14,0x42,0x28,0x21,0x85,0x94,0x52,
    0x4a,0x25,0xa5,0x92,0x4a,0x4a,0x21,0x95,0x54,0x42,0x09,0xa5,0xa4,0x94,0x52,0x28,
    0xa1,0xa4,0x54,0x52,0x4a,0x29,0xa5,0x92,0x52,0x29,0x00,0x00,0xe0,0xc0,0x01,0x00,
    0x20,0xc0,0x08,0x3a,0xc9,0xa8,0xb2,0x08,0x1b,0x4d,0xb8,0xf0,0x00,0x14,0x1a,0xb2,
    0x12,0x00,0x20,0x03,0x00,0x40,0x94,0x74,0xd6,0x69,0xa7,0x49,0x22,0x08,0x31,0x45,
    0x99,0x27,0x0d,0x29,0xc6,0x20,0xb5,0xa4,0x2c,0xc3,0x10,0x53,0x92,0x89,0xf1,0x14,
    0x63,0x8c,0x39,0x28,0x46,0x43,0x0e,0x31,0xe4,0x94,0x18,0x17,0x4a,0x08,0xa1,0x83,
    0x62,0x3c,0x26,0x95,0x43,0xca,0x50,0x51,0xb9,0xb7,0xd4,0x39,0x05,0xc5,0x16,0x63,
    0x7c,0xef,0xb1,0x17,0x01,0x00,0x00,0x08,0x02,0x00,0x04,0x84,0x04,0x00,0x18,0x20,
    0x28,0x98,0x01,0x00,0x06,0x07,0x08,0x23,0x07,0x02,0x1d,0x01,0x04,0x0e,0x6d,0x00,
    0x80,0x81,0x08,0x99,0x09,0x0c,0x0a,0xa1,0xc1,0x41,0x26,0x00,0x3c,0x40,0x44,0x48,
    0x05,0x00,0x89,0x09,0x8a,0xd2,0x85,0x2e,0x08,0x21,0x82,0x74,0x11,0x64,0xf1,0xc0,
    0x85,0x13,0x37,0x9e,0xb8,0xe1,0x84,0x0e,0x6d,0x10,0x00,0x00,0x00,0x00,0x00,0x10,
    0x00,0xf0,0x01,0x00,0x90,0x50,0x00,0x11,0x11,0xd1,0xcc,0x55,0x58,0x5c,0x60,0x64,
    0x68,0x6c,0x70,0x74,0x78,0x7c,0x80,0x84,0x04,0x00,0x00,0x00,0x00,0x00,0x08,0x00,
    0x7c,0x00,0x00,0x24,0x22,0x40,0x44,0x44,0x34,0x73,0x15,0x16,0x17,0x18,0x19,0x1a,
    0x1b,0x1c,0x1d,0x1e,0x1f,0x20,0x21,0x01,0x00,0x00,0x00,0x00,0x00,0x00,0x00,0x00,
    0x40,0x40,0x40,0x00,0x00,0x00,0x00,0x00,0x20,0x00,0x00,0x00,0x40,0x40,0x4f,0x67,
    0x67,0x53,0x00,0x04,0xc0,0x11,0x00,0x00,0x00,0x00,0x00,0x00,0x36,0xcb,0x2f,0xe7,
    0x02,0x00,0x00,0x00,0x2f,0x2b,0x6e,0x2b,0x0c,0x3e,0x3f,0x50,0x49,0x4a,0x4b,0x44,
    0x40,0x47,0x35,0x3c,0x48,0x4c,0xb7,0x3d,0xd0,0xf4,0xed,0x80,0x16,0x82,0x84,0x43,
    0xaf,0xd2,0x5c,0xdf,0x29,0x4d,0xdf,0xb9,0x9f,0xcc,0xcf,0xdb,0xd1,0xff,0x55,0xcc,
    0xdf,0xa5,0x38,0xe1,0x08,0x56,0x7c,0xcc,0xe2,0x59,0x56,0x57,0xb3,0xcf,0x56,0xd2,
    0xdf,0x55,0x49,0xc1,0x71,0xfd,0xea,0xf8,0x45,0x1a,0xe8,0x43,0xff,0x4d,0x0f,0xb2,
    0x13,0x1d,0x30,0x64,0xc1,0x84,0x7f,0x47,0x9c,0xcf,0x8d,0x66,0xcb,0x01,0x14,0x0a,
    0x9f,0x82,0x9c,0xbb,0x92,0xa6,0xb6,0x3a,0x98,0x0f,0x53,0xd0,0xf9,0xdb,0x8b,0x34,
    0xc4,0xd3,0x4e,0xa6,0x5c,0xeb,0x6c,0xfd,0x1c,0x7b,0x76,0xba,0xa6,0x4e,0x1b,0x25,
    0xce,0x3f,0x62,0x4a,0x31,0x34,0x15,0x75,0x34,0x3d,0x2c,0xc9,0x8e,0xe0,0x37,0x76,
    0x00,0x00,0xfa,0x1a,0x9c,0x6e,0xe2,0xb7,0x69,0x5e,0x63,0x66,0xe0,0x5f,0xeb,0x06,
    0xc3,0x31,0x00,0xe0,0x00,0x88,0x47,0x70,0x00,0xae,0xfc,0xf4,0xca,0xc5,0x4a,0x9e,
    0x10,0x86,0xe1,0xcf,0x98,0x02,0x90,0x4f,0x93,0x23,0x00,0x7c,0xcd,0x02,0x80,0x5b,
    0x01,0x88,0xa7,0x15,0x13,0x28,0x34,0x8c,0xf1,0x0f,0x1e,0x04,0xe7,0x8a,0x13,0xd0,
    0x7a,0x1c,0xcc,0xec,0xc1,0x19,0x14,0x07,0xb3,0x2a,0x8c,0x84,0x44,0xc3,0x35,0x50,
    0x05,0x00,0xfe,0x09,0x5c,0x19,0x3d,0x5f,0xc2,0x2d,0x44,0x6a,0x40,0x25,0x7d,0x7b,
    0x00,0x0f,0xf0,0x00,0x00,0xe2,0xea,0x1c,0x18,0xe4,0x28,0x26,0xee,0x77,0xdd,0x28,
    0x84,0xa4,0x3e,0x07,0x00,0xca,0x0a,0x00,0xfe,0x31,0x00,0x00,0x6f,0x80,0x7f,0x15,
    0x02,0x78,0x8d,0x0a,0xe8,0xf8,0x02,0xcc,0xf0,0xc5,0x89,0x18,0x2e,0x16,0x54,0x31,
    0x08,0xae,0xc0,0x0b,0xb0,0x03,0x48,0xc0,0x83,0x4a,0x00,0x7e,0x99,0x9b,0x36,0xe7,
    0x97,0x50,0xed,0x12,0x3b,0x83,0x1e,0x57,0x37,0xc0,0x05,0xc0,0xe3,0x08,0x40,0xa6,
    0x82,0x03,0x20,0x7f,0x11,0x9e,0x6f,0x12,0x43,0xc2,0xd1,0x46,0x00,0xf0,0x8f,0x51,
    0x01,0x90,0xff,0x01,0x80,0x63,0x32,0x00,0x3e,0x01,0xa8,0x9a,0x89,0x86,0x2b,0x04,
    0x0a,0xae,0x38,0x45,0xc0,0x27,0x80,0x05,0x50,0x07,0xcc,0x6c,0x18,0x61,0x80,0x19,
    0xf6,0x90,0x0d,0x35,0x00,0xde,0x48,0x9b,0x76,0xc6,0x4b,0xa4,0xca,0xb5,0x53,0x29,
    0xa9,0xd2,0x73,0x7b,0x00,0x1f,0x80,0x0d,0x20,0x73,0xde,0x05,0x00,0xa6,0xb8,0x6a,
    0xa7,0x34,0x03,0x60,0x32,0x00,0x70,0x1f,0x00,0xdc,0x47,0x03,0xbd,0x8f,0xab,0x12,
    0xdc,0x8b,0xce,0x37,0x17,0x71,0xc3,0x0b,0x48,0x50,0x6b,0xa5,0x01,0x27,0x11,0xed,
    0xb8,0x01,0x70,0xaa,0x60,0x03,0xfa,0x14,0x70,0x0f,0x00,0x89,0x87,0x93,0xe8,0x00,
    0x3e,0x29,0xd3,0xc6,0x78,0xed,0xa2,0xcc,0xd1,0x97,0xa5,0xb2,0xdc,0x1e,0x40,0x33,
    0xe0,0x08,0x40,0xa4,0xea,0x02,0x00,0x2a,0xb1,0x4b,0x01,0x26,0x01,0xc8,0x93,0x05,
    0x00,0x1e,0x92,0x00,0x3c,0x00,0x97,0xe3,0xa3,0x26,0x20,0x01,0x5b,0x0d,0x66,0xb8,
    0x02,0x5e,0x2d,0xa2,0x12,0x1a,0xc0,0x14,0x0f,0xec,0x75,0xc0,0xbd,0x00,0x02,0x05,
    0x57,0xa8,0xa2,0x03,0xbe,0x08,0xcb,0x89,0xf2,0xda,0x49,0x9d,0x62,0x67,0x56,0x1b,
    0x8f,0x3d,0x80,0x0a,0x98,0xe2,0x6a,0x70,0x00,0x90,0x34,0x7f,0x05,0x23,0x00,0xb6,
    0x0c,0x78,0x06,0xf4,0xff,0x25,0xb0,0xa3,0x01,0x7e,0x05,0xad,0x4f,0xc0,0x0c,0x5f,
    0x48,0x4c,0xb1,0xf0,0x22,0xda,0xc4,0x0e,0xe0,0x4c,0xe2,0x80,0xad,0x00,0x50,0x02,
    0x0f,0xb2,0x01,0x00,0x76,0xc8,0xea,0xa5,0xda,0x6b,0xd5,0xe2,0x11,0x33,0xfe,0xde,
    0xed,0x01,0x14,0xc0,0x01,0x88,0x18,0x9d,0x03,0x00,0xab,0xe9,0xdc,0x9b,0xc0,0x80,
    0xa4,0xde,0x1c,0x00,0xca,0x02,0xf0,0x39,0x03,0xc7,0xa3,0x02,0x40,0xb9,0x00,0x9c,
    0x4f,0x41,0x05,0xec,0x0c,0x89,0x0a,0xe0,0xa7,0xa0,0x86,0x2d,0x01,0x24,0x50,0x01,
    0x1d,0xe8,0x53,0x40,0x17,0x00,0x34,0x1c,0x48,0x44,0x07,0x14,0xa9,0xca,0xb0,0xd3,
    0x7e,0x3f,0xa6,0x11,0x5d,0x40,0x07,0xa4,0x0a,0x18,0xec,0xde,0xa7,0x8a,0x78,0x9f,
    0xf0,0x09,0x6c,0x5e,0x12,0x98,0x0a,0x7c,0x0b,0x54,0xb2,0x72,0xe0,0xef,0x64,0x13,
    0x09,0xf8,0x57,0x89,0x01,0x6d,0x45,0x71,0x1c,0xee,0x23,0x38,0x05,0x80,0x57,0x04,
    0x04,0xa3,0x70,0xbd,0x76,0xf1,0x38,0xdf,0x08,0x0a,0xe0,0x07,0x40,0xa5,0x05,0x83,
    0x9d,0x49,0x2d,0xf8,0x9c,0x86,0x74,0x84,0xdf,0xf5,0x50,0x7b,0x15,0x96,0x14,0x0e,
    0x87,0x00,0xae,0x2e,0x3f,0x36,0x40,0x06,0xec,0x39,0x79,0xae,0x28,0xb6,0xd9,0x0e,
    0x63,0x9d,0xf4,0xa9,0x64,0x0b,0x09,0x08,0xc7,0x49,0x90,0x01,0x04,0x9d,0xa2,0x59,
    0xad,0x37,0x37,0xda,0x17,0x03,0x2c,0x5b,0xf0,0xa4,0xff,0x1d,0x2c,0x0c,0xe7,0xfd,
    0xa4,0x6b,0x3b,0xb9,0x7a,0x9f,0xc8,0x1d,0x80,0xff,0xf1,0x69,0xdf,0x57,0xd7,0xa9,
    0xf3,0xbc,0x97,0x71,0xfb,0xe4,0x59,0xaa,0xe9,0x3a,0x43,0x6e,0x18,0x06,0xec,0x6d,
    0x2c,0x7d,0x71,0x5b,0xcb,0x68,0xe1,0x02,0x80,0x82,0x8c,0x94,0x97,0xd2,0x60,0x16,
    0xdf,0x73,0x77,0x00,
};

static const unsigned char s_pling[] = {
    0x4f,0x67,0x67,0x53,0x00,0x02,0x00,0x00,0x00,0x00,0x00,0x00,0x00,0x00,0x97,0x92,
    0xec,0xd1,0x00,0x00,0x00,0x00,0x89,0x56,0x84,0x40,0x01,0x1e,0x01,0x76,0x6f,0x72,
    0x62,0x69,0x73,0x00,0x00,0x00,0x00,0x01,0x09,0x56,0x00,0x00,0xff,0xff,0xff,0xff,
    0x00,0x7d,0x00,0x00,0xff,0xff,0xff,0xff,0xa9,0x01,0x4f,0x67,0x67,0x53,0x00,0x00,
    0x00,0x00,0x00,0x00,0x00,0x00,0x00,0x00,0x97,0x92,0xec,0xd1,0x01,0x00,0x00,0x00,
    0xb9,0x55,0x16,0x38,0x0e,0x32,0xff,0xff,0xff,0xff,0xff,0xff,0xff,0xff,0xff,0xff,
    0xff,0xff,0xc5,0x03,0x76,0x6f,0x72,0x62,0x69,0x73,0x0b,0x00,0x00,0x00,0x4c,0x61,
    0x76,0x66,0x35,0x33,0x2e,0x32,0x34,0x2e,0x32,0x01,0x00,0x00,0x00,0x13,0x00,0x00,
    0x00,0x65,0x6e,0x63,0x6f,0x64,0x65,0x72,0x3d,0x4c,0x61,0x76,0x66,0x35,0x33,0x2e,
    0x32,0x34,0x2e,0x32,0x01,0x05,0x76,0x6f,0x72,0x62,0x69,0x73,0x22,0x42,0x43,0x56,
    0x01,0x00,0x40,0x00,0x00,0x18,0x42,0x10,0x2a,0x05,0xad,0x63,0x8e,0x3a,0xc8,0x15,
    0x21,0x8c,0x19,0xa2,0xa0,0x42,0xca,0x29,0xc7,0x1d,0x42,0xd0,0x21,0xa3,0x24,0x43,
    0x88,0x3a,0xc6,0x35,0xc7,0x18,0x63,0x47,0xb9,0x64,0x8a,0x42,0xc9,0x81,0xd0,0x90,
    0x55,0x00,0x00,0x40,0x00,0x00,0xa4,0x1c,0x57,0x50,0x72,0x49,0x2d,0xe7,0x9c,0x73,
    0xa3,0x18,0x57,0xcc,0x71,0xe8,0x20,0xe7,0x9c,0x73,0xe5,0x20,0x67,0xcc,0x71,0x09,
    0x25,0xe7,0x9c,0x73,0x8e,0x39,0xe7,0x92,0x72,0x8e,0x31,0xe7,0x9c,0x73,0xa3,0x18,
    0x57,0x0e,0x72,0x29,0x2d,0xe7,0x9c,0x73,0x81,0x14,0x47,0x8a,0x71,0xa7,0x18,0xe7,
    0x9c,0x73,0xa4,0x1c,0x47,0x8a,0x71,0xa8,0x18,0xe7,0x9c,0x73,0x6d,0x31,0xb7,0x92,
    0x72,0xce,0x39,0xe7,0x9c,0x73,0xe6,0x20,0x87,0x52,0x72,0xae,0x35,0xe7,0x9c,0x73,
    0xa4,0x18,0x67,0x0e,0x72,0x0b,0x25,0xe7,0x9c,0x73,0xc6,0x20,0x67,0xcc,0x71,0xeb,
    0x20,0xe7,0x9c,0x73,0x8c,0x35,0xb7,0xd4,0x72,0xce,0x39,0xe7,0x9c,0x73,0xce,0x39,
    0xe7,0x9c,0x73,0xce,0x39,0xe7,0x9c,0x73,0x8c,0x31,0xe7,0x9c,0x73,0xce,0x39,0xe7,
    0x9c,0x73,0x6e,0x31,0xe7,0x16,0x73,0xae,0x39,0xe7,0x9c,0x73,0xce,0x39,0xe7,0x1c,
    0x73,0xce,0x39,0xe7,0x9c,0x73,0x20,0x34,0x64,0x15,0x00,0x90,0x00,0x00,0xa0,0xa1,
    0x28,0x8a,0xe2,0x28,0x0e,0x10,0x1a,0xb2,0x0a,0x00,0xc8,0x00,0x00,0x10,0x40,0x71,
    0x14,0x47,0x91,0x14,0x4b,0xb1,0x1c,0xcb,0xd1,0x24,0x0d,0x08,0x0d,0x59,0x05,0x00,
    0x00,0x01,0x00,0x08,0x00,0x00,0xa0,0x48,0x86,0xa4,0x48,0x8a,0xa5,0x58,0x8e,0x66,
    0x69,0x9e,0x26,0x7a,0xa2,0x28,0x9a,0xa2,0x2a,0xab,0xb2,0x69,0xca,0xb2,0x2c,0xcb,
    0xb2,0xeb,0xba,0x2e,0x10,0x1a,0xb2,0x0a,0x00,0x48,0x00,0x00,0x50,0x51,0x14,0xc5,
    0x70,0x14,0x07,0x08,0x0d,0x59,0x05,0x00,0x64,0x00,0x00,0x08,0x60,0x28,0x8a,0xa3,
    0x38,0x8e,0xe4,0x58,0x92,0xa5,0x59,0x9e,0x07,0x84,0x86,0xac,0x02,0x00,0x80,0x00,
    0x00,0x04,0x00,0x00,0x50,0x0c,0x47,0xb1,0x14,0x4d,0xf1,0x24,0xcf,0xf2,0x3c,0xcf,
    0xf3,0x3c,0xcf,0xf3,0x3c,0xcf,0xf3,0x3c,0xcf,0xf3,0x3c,0xcf,0xf3,0x3c,0xcf,0xf3,
    0x3c,0x0d,0x08,0x0d,0x59,0x05,0x00,0x20,0x00,0x00,0x00,0x82,0x28,0x64,0x18,0x03,
    0x42,0x43,0x56,0x01,0x00,0x40,0x00,0x00,0x08,0x21,0x1a,0x19,0x43,0x9d,0x52,0x12,
    0x5c,0x0a,0x16,0x42,0x1c,0x11,0x43,0x1d,0x42,0xce,0x43,0xa9,0xa5,0x83,0xe0,0x29,
    0x85,0x25,0x63,0xd2,0x53,0xac,0x41,0x08,0x21,0x7c,0xef,0x3d,0xf7,0xde,0x7b,0xef,
    0x81,0xd0,0x90,0x55,0x00,0x00,0x10,0x00,0x00,0x61,0x14,0x38,0x88,0x81,0xc7,0x24,
    0x08,0x21,0x84,0x62,0x14,0x27,0x44,0x71,0xa6,0x20,0x08,0x21,0x84,0xe5,0x24,0x58,
    0xca,0x79,0xe8,0x24,0x08,0xdd,0x83,0x10,0x42,0xb8,0x9c,0x7b,0xcb,0xb9,0xf7,0xde,
    0x7b,0x20,0x34,0x64,0x15,0x00,0x00,0x08,0x00,0xc0,0x20,0x84,0x10,0x42,0x08,0x21,
    0x84,0x10,0x42,0x08,0x29,0xa4,0x94,0x52,0x48,0x29,0xa6,0x98,0x62,0x8a,0x29,0xc7,
    0x1c,0x73,0xcc,0x31,0xc7,0x20,0x83,0x0c,0x32,0xe8,0xa0,0x93,0x4e,0x3a,0xc9,0xa4,
    0x92,0x4e,0x3a,0xca,0x24,0xa3,0x8e,0x52,0x6b,0x29,0xb5,0x14,0x53,0x4c,0xb1,0xe5,
    0x16,0x63,0xad,0xb5,0xd6,0x9c,0x73,0xaf,0x41,0x29,0x63,0x8c,0x31,0xc6,0x18,0x63,
    0x8c,0x31,0xc6,0x18,0x63,0x8c,0x31,0xc6,0x18,0x23,0x08,0x0d,0x59,0x05,0x00,0x80,
    0x00,0x00,0x10,0x06,0x19,0x64,0x90,0x41,0x08,0x21,0x84,0x14,0x52,0x48,0x29,0xa6,
    0x98,0x72,0xcc,0x31,0xc7,0x1c,0x03,0x42,0x43,0x56,0x01,0x00,0x80,0x00,0x00,0x02,
    0x00,0x00,0x00,0x1c,0x45,0x52,0x24,0x47,0x72,0x24,0x47,0x92,0x24,0xc9,0x92,0x2c,
    0x49,0x93,0x3c,0xcb,0xb3,0x3c,0xcb,0xb3,0x3c,0x4d,0xd4,0x44,0x4d,0x15,0x55,0xd5,
    0x55,0x6d,0xd7,0xf6,0x6d,0x5f,0xf6,0x6d,0xdf,0xd5,0x65,0xdf,0xf6,0x65,0xdb,0xd5,
    0x65,0x5d,0x96,0x65,0xdd,0xb5,0x6d,0x5d,0xd6,0x5d,0x5d,0xd7,0x75,0x5d,0xd7,0x75,
    0x5d,0xd7,0x75,0x5d,0xd7,0x75,0x5d,0xd7,0x75,0x5d,0xd7,0x81,0xd0,0x90,0x55,0x00,
    0x80,0x04,0x00,0x80,0x8e,0xe4,0x38,0x8e,0xe4,0x38,0x8e,0xe4,0x48,0x8e,0xa4,0x48,
    0x0a,0x10,0x1a,0xb2,0x0a,0x00,0x90,0x01,0x00,0x10,0x00,0x80,0xa3,0x38,0x8a,0xe3,
    0x48,0x8e,0xe4,0x58,0x8e,0x25,0x59,0x92,0x26,0x69,0x96,0x67,0x79,0x96,0xa7,0x79,
    0x9a,0xa8,0x89,0x1e,0x10,0x1a,0xb2,0x0a,0x00,0x00,0x04,0x00,0x10,0x00,0x00,0x00,
    0x00,0x00,0x80,0xa2,0x28,0x8a,0xa3,0x38,0x8e,0x24,0x59,0x96,0xa6,0x69,0x9e,0xa7,
    0x7a,0xa2,0x28,0x9a,0xaa,0xaa,0x8a,0xa6,0xa9,0xaa,0xaa,0x6a,0x9a,0xa6,0x69,0x9a,
    0xa6,0x69,0x9a,0xa6,0x69,0x9a,0xa6,0x69,0x9a,0xa6,0x69,0x9a,0xa6,0x69,0x9a,0xa6,
    0x69,0x9a,0xa6,0x69,0x9a,0xa6,0x69,0x9a,0xa6,0x69,0x9a,0xa6,0x69,0x02,0xa1,0x21,
    0xab,0x00,0x00,0x09,0x00,0x00,0x1d,0xc7,0x71,0x1c,0x47,0x71,0x1c,0xc7,0x71,0x24,
    0x47,0x92,0x24,0x20,0x34,0x64,0x15,0x00,0x20,0x03,0x00,0x20,0x00,0x00,0x43,0x51,
    0x1c,0x45,0x72,0x2c,0xc7,0x92,0x34,0x4b,0xb3,0x3c,0xcb,0xd3,0x44,0xcf,0xf4,0x5c,
    0x51,0x36,0x75,0x53,0x57,0x6d,0x20,0x34,0x64,0x15,0x00,0x00,0x08,0x00,0x20,0x00,
    0x00,0x00,0x00,0x00,0x00,0xc7,0x73,0x3c,0xc7,0x73,0x3c,0xc9,0x93,0x3c,0xcb,0x73,
    0x3c,0xc7,0x93,0x3c,0x49,0xd3,0x34,0x4d,0xd3,0x34,0x4d,0xd3,0x34,0x4d,0xd3,0x34,
    0x4d,0xd3,0x34,0x4d,0xd3,0x34,0x4d,0xd3,0x34,0x4d,0xd3,0x34,0x4d,0xd3,0x34,0x4d,
    0xd3,0x34,0x4d,0xd3,0x34,0x4d,0xd3,0x34,0x4d,0xd3,0x34,0x4d,0xd3,0x34,0x4d,0x03,
    0x42,0x43,0x56,0x02,0x00,0x64,0x00,0x00,0x10,0x93,0x90,0x4a,0x4e,0xb1,0x57,0x46,
    0x29,0xc6,0x24,0xb4,0x5e,0x2a,0xa4,0x14,0x93,0xd4,0x7b,0xa8,0x98,0x62,0x4c,0x3a,
    0xed,0xa9,0x42,0x06,0x29,0x07,0xb9,0x87,0x4a,0x21,0xa5,0xa0,0xd3,0xde,0x32,0xa5,
    0x90,0x52,0x0c,0x7b,0xa7,0x98,0x42,0xc8,0x18,0xea,0xa1,0x83,0x90,0x31,0x85,0xb0,
    0xd7,0xda,0x73,0xcf,0xbd,0xf7,0x1e,0x08,0x0d,0x59,0x11,0x00,0x44,0x01,0x00,0x00,
    0xc6,0x20,0xc6,0x10,0x63,0xc8,0x31,0x26,0x25,0x83,0x12,0x31,0xc7,0x24,0x64,0x52,
    0x22,0xe7,0x9c,0x94,0x4e,0x4a,0x26,0xa5,0xa4,0x56,0x5a,0xcc,0xa4,0x84,0x98,0x4a,
    0x8b,0x91,0x73,0x4e,0x4a,0x27,0x25,0x93,0x52,0x5a,0x0b,0xa9,0x65,0x92,0x4a,0x6b,
    0x25,0xa6,0x02,0x00,0x00,0x02,0x1c,0x00,0x00,0x02,0x2c,0x84,0x42,0x43,0x56,0x04,
    0x00,0x51,0x00,0x00,0x88,0x31,0x48,0x29,0xa4,0x14,0x52,0x4a,0x31,0xa7,0x98,0x43,
    0x4a,0x29,0xc7,0x94,0x63,0x48,0x29,0xe5,0x9c,0x72,0x4e,0x39,0xc7,0x98,0x74,0x10,
    0x2a,0xe7,0x18,0x74,0x0e,0x4a,0xa4,0x94,0x72,0x8e,0x39,0xa7,0x9c,0x73,0x12,0x32,
    0x07,0x95,0x73,0x0e,0x42,0x26,0x9d,0x00,0x00,0x80,0x00,0x07,0x00,0x80,0x00,0x0b,
    0xa1,0xd0,0x90,0x15,0x01,0x40,0x9c,0x00,0x00,0x80,0x90,0x73,0x8a,0x31,0x08,0x11,
    0x63,0x10,0x42,0x09,0x29,0x85,0x50,0x52,0xaa,0x9c,0x93,0xd2,0x41,0x49,0xa9,0x83,
    0x92,0x52,0x49,0xa9,0xc5,0x92,0x52,0x8c,0x95,0x73,0x52,0x3a,0x09,0x29,0x75,0x12,
    0x52,0x2a,0x29,0xc5,0x58,0x52,0x8a,0x2d,0xa4,0x54,0x63,0x69,0x2d,0xd7,0xd2,0x52,
    0x8d,0x2d,0xc6,0x9c,0x5b,0x8c,0xbd,0x86,0x94,0x62,0x2d,0xa9,0xd5,0x5a,0x5a,0xab,
    0xb9,0xc5,0x58,0x73,0x8b,0x35,0xf7,0xc8,0x39,0x4a,0x9d,0x94,0xd6,0x3a,0x29,0xad,
    0xa5,0xd6,0x6a,0x4d,0xad,0xd5,0xda,0x49,0x69,0x2d,0xa4,0xd6,0x62,0x69,0x2d,0xc6,
    0xd6,0x62,0xcd,0x29,0xc6,0x9c,0x33,0x29,0xad,0x85,0x96,0x62,0x2b,0xa9,0xc5,0xd8,
    0x62,0xcb,0x35,0xb5,0x98,0x73,0x69,0x2d,0xd7,0x14,0x63,0xcf,0x29,0xc6,0x9e,0x6b,
    0xac,0xb9,0xc7,0x9c,0x83,0x30,0xad,0xd5,0x9c,0x5a,0xcb,0x39,0xc5,0x98,0x7b,0xcc,
    0xb1,0xe7,0x98,0x73,0x0f,0x92,0x73,0x94,0x3a,0x29,0xad,0x75,0x52,0x5a,0x4b,0xad,
    0xd5,0x9a,0x5a,0xab,0x35,0x93,0xd2,0x5a,0x69,0xad,0xc6,0x90,0x5a,0x8b,0x2d,0xc6,
    0x9c,0x5b,0x8b,0x31,0x67,0x52,0x5a,0x2c,0xa9,0xc5,0x58,0x5a,0x8a,0x31,0xc5,0x98,
    0x73,0x8b,0x2d,0xd7,0xd0,0x5a,0xae,0x29,0xc6,0x9c,0x53,0x8b,0x39,0xc7,0x5a,0x83,
    0x92,0xb1,0xf6,0x5e,0x5a,0xab,0x39,0xc5,0x98,0x7b,0x8a,0xad,0xe7,0x98,0x73,0x30,
    0x36,0xc7,0x9e,0x3b,0x4a,0xb9,0x96,0xd6,0x7a,0x2e,0xad,0xf5,0x5e,0x73,0x2e,0x42,
    0xd6,0xdc,0x8b,0x68,0x2d,0xe7,0xd4,0x6a,0x0f,0x2a,0xc6,0x9e,0x73,0xce,0xc1,0xd8,
    0xdc,0x83,0x10,0xad,0xe5,0x9c,0x6a,0xec,0x3d,0xc5,0xd8,0x7b,0xee,0x39,0x18,0xdb,
    0x73,0xf0,0xad,0xd6,0xe0,0x5b,0xcd,0x45,0xc8,0x9c,0x83,0xd0,0xb9,0xf8,0xa6,0x7b,
    0x30,0x46,0xd5,0xda,0x83,0xcc,0xb5,0x08,0x99,0x73,0x10,0x3a,0xe8,0x22,0x74,0xf0,
    0xc9,0x78,0x94,0x6a,0x2e,0xad,0xe5,0x5c,0x5a,0xeb,0x3d,0xd6,0x1a,0x7c,0xcd,0x39,
    0x08,0xd1,0x5a,0xee,0x29,0xc6,0xde,0x53,0x8b,0xbd,0xd7,0x9e,0x9b,0xb0,0xbd,0x07,
    0x21,0x5a,0xcb,0x3d,0xc5,0xd8,0x83,0x8a,0x31,0xf8,0x9a,0x73,0x30,0x3a,0xe7,0x62,
    0x54,0xad,0xc1,0xc7,0x9c,0x83,0x90,0xb5,0x16,0xa1,0x7b,0x2f,0x4a,0xe7,0x20,0x94,
    0xaa,0xb5,0x07,0x99,0x6b,0x50,0x32,0xd7,0x22,0x74,0xf0,0xc5,0xe8,0xa0,0x8b,0x2f,
    0x00,0x00,0x60,0xc0,0x01,0x00,0x20,0xc0,0x84,0x32,0x50,0x68,0xc8,0x8a,0x00,0x20,
    0x4e,0x00,0x80,0x41,0xc8,0x39,0xa5,0x18,0x84,0x4a,0x29,0x08,0xa1,0x84,0x94,0x42,
    0x28,0x29,0x55,0x8c,0x49,0xc8,0x98,0x83,0x92,0x31,0x27,0xa5,0x94,0x52,0x5a,0x08,
    0x25,0xb5,0x8a,0x31,0x08,0x99,0x63,0x52,0x32,0xc7,0xa4,0x84,0x12,0x5a,0x2a,0x25,
    0xb4,0x12,0x4a,0x69,0xa9,0x94,0xd2,0x5a,0x28,0xa5,0xb5,0x96,0x5a,0x8c,0x29,0xb5,
    0x16,0x43,0x29,0xa9,0x85,0x52,0x5a,0x2b,0xa5,0xb4,0x96,0x5a,0xaa,0x31,0xb5,0x56,
    0x63,0xc4,0x98,0x94,0xcc,0x39,0x29,0x99,0x63,0x52,0x4a,0x29,0xad,0x95,0x52,0x5a,
    0xab,0x1c,0x93,0x92,0x31,0x28,0xa9,0x83,0x90,0x4a,0x29,0x29,0xc5,0x52,0x52,0x8b,
    0x95,0x73,0x52,0x32,0xe8,0xa8,0x74,0x10,0x4a,0x2a,0xa9,0xc4,0x54,0x52,0x69,0xad,
    0xa4,0xd2,0x52,0x29,0xa5,0xc5,0x92,0x52,0x6c,0x29,0xc5,0x54,0x5b,0x8b,0xb5,0x86,
    0x52,0x5a,0x2c,0xa9,0xc4,0x56,0x52,0x6a,0x31,0xb5,0x54,0x5b,0x8b,0x31,0xd7,0x88,
    0x31,0x29,0x19,0x73,0x52,0x32,0xe7,0xa4,0x94,0x52,0x52,0x2b,0xa5,0xb4,0x96,0x39,
    0x27,0xa5,0x83,0x8e,0x4a,0xe6,0xa0,0xa4,0x92,0x52,0x6b,0xa5,0xa4,0x14,0x33,0xe6,
    0xa4,0x74,0x0e,0x4a,0xca,0x20,0xa3,0x52,0x52,0x8a,0x2d,0xa5,0x12,0x53,0x28,0xa5,
    0xb5,0x92,0x52,0x6c,0xa5,0xa4,0xd6,0x5a,0x8c,0xb5,0xa6,0xd4,0x5a,0x2d,0x25,0xb5,
    0x56,0x52,0x6a,0xb1,0x94,0x12,0x5b,0x8b,0x31,0xd7,0x16,0x4b,0x4d,0x9d,0x94,0xd6,
    0x4a,0x2a,0x31,0x86,0x52,0x5a,0x6b,0x31,0xe6,0x9a,0x5a,0x8b,0x31,0x94,0x12,0x5b,
    0x29,0x29,0xc6,0x92,0x4a,0x6c,0xad,0xc5,0x9a,0x5b,0x6c,0x39,0x86,0x52,0x5a,0x2c,
    0xa9,0xc4,0x56,0x4a,0x6a,0xb1,0xd5,0x96,0x63,0x6b,0xb1,0xe6,0xd4,0x52,0x8d,0x29,
    0xb5,0x9a,0x5b,0x6c,0xb9,0xc6,0x94,0x53,0x8f,0xb5,0xf6,0x9c,0x5a,0xab,0x35,0xb5,
    0x54,0x63,0x6b,0xb1,0xe6,0x58,0x5b,0x6f,0xb5,0xd6,0x9c,0x3b,0x29,0xad,0x85,0x52,
    0x5a,0x2b,0x25,0xc5,0x98,0x5a,0x8b,0xb1,0xc5,0x58,0x73,0x28,0x25,0xb6,0x92,0x52,
    0x6c,0xa5,0xa4,0x18,0x5b,0x6c,0xb9,0xb6,0x16,0x63,0x0f,0xa1,0xb4,0x58,0x4a,0x6a,
    0xb1,0xa4,0x12,0x63,0x6b,0x31,0xe6,0x18,0x5b,0x8e,0xa9,0xb5,0x5a,0x5b,0x6c,0xb9,
    0xa6,0xd4,0x62,0xad,0xb5,0xf6,0x1c,0x5b,0x6e,0x3d,0xa5,0x16,0x6b,0x8b,0xb1,0xe6,
    0xd2,0x52,0x8d,0x35,0xd7,0xde,0x63,0x4d,0x39,0x15,0x00,0x00,0x30,0xe0,0x00,0x00,
    0x10,0x60,0x42,0x19,0x28,0x34,0x64,0x25,0x00,0x10,0x05,0x00,0x00,0x18,0xc3,0x18,
    0x63,0x10,0x1a,0xa5,0x9c,0x73,0x4e,0x4a,0x83,0x94,0x73,0xce,0x49,0xc9,0x9c,0x83,
    0x10,0x42,0x4a,0x99,0x73,0x10,0x42,0x48,0x29,0x73,0x4e,0x42,0x4a,0x2d,0x65,0xce,
    0x41,0x48,0xa9,0xb5,0x50,0x4a,0x4a,0xad,0xc5,0x16,0x4a,0x49,0xa9,0xb5,0x16,0x0b,
    0x00,0x00,0x28,0x70,0x00,0x00,0x08,0xb0,0x41,0x53,0x62,0x71,0x80,0x42,0x43,0x56,
    0x02,0x00,0x51,0x00,0x00,0x88,0x31,0x4a,0x31,0x06,0xa1,0x31,0x46,0x29,0xe7,0x20,
    0x34,0xc6,0x28,0xc5,0x18,0x84,0x4a,0x29,0xc6,0x9c,0x93,0x50,0x29,0xc5,0x98,0x73,
    0x50,0x32,0xc7,0x9c,0x83,0x50,0x4a,0xe6,0x9c,0x73,0x10,0x4a,0x09,0x21,0x94,0x52,
    0x4a,0x4a,0x21,0x84,0x52,0x4a,0x49,0xa9,0x00,0x00,0x80,0x02,0x07,0x00,0x80,0x00,
    0x1b,0x34,0x25,0x16,0x07,0x28,0x34,0x64,0x45,0x00,0x10,0x05,0x00,0x00,0x18,0x63,
    0x9c,0x33,0xce,0x21,0x0a,0x9d,0xa5,0xce,0x52,0x24,0xa9,0xa3,0xd6,0x51,0x6b,0x28,
    0xa5,0x1a,0x4b,0x8c,0x9d,0xc6,0x56,0x7b,0xeb,0xb9,0xd3,0x1a,0x7b,0x6d,0xb9,0x37,
    0x94,0x4a,0x8d,0xa9,0xd6,0x8e,0x6b,0xcb,0xb9,0xd5,0xde,0x69,0x4d,0x3d,0xb7,0x1c,
    0x0b,0x00,0x00,0x3b,0x70,0x00,0x00,0x3b,0xb0,0x10,0x0a,0x0d,0x59,0x09,0x00,0xe4,
    0x01,0x00,0x10,0xc6,0x28,0xc5,0x98,0x73,0xce,0x19,0x85,0x18,0x73,0xce,0x39,0xe7,
    0x0c,0x52,0x8c,0x39,0xe7,0x9c,0x73,0x8a,0x31,0xe7,0x9c,0x83,0x10,0x42,0xc5,0x98,
    0x73,0xce,0x41,0x08,0x21,0x73,0xce,0x39,0x08,0xa1,0x84,0x92,0x39,0xe7,0x1c,0x84,
    0x10,0x4a,0xe8,0x9c,0x83,0x50,0x4a,0x29,0xa5,0x74,0xce,0x41,0x08,0xa1,0x94,0x52,
    0x3a,0xe7,0x20,0x84,0x52,0x4a,0x29,0x9d,0x73,0x10,0x4a,0x29,0xa5,0x94,0x02,0x00,
    0x80,0x0a,0x1c,0x00,0x00,0x02,0x6c,0x14,0xd9,0x9c,0x60,0x24,0xa8,0xd0,0x90,0x95,
    0x00,0x40,0x1e,0x00,0x00,0x60,0x0c,0x42,0xce,0x49,0x69,0xad,0x61,0xcc,0x39,0x08,
    0x2d,0xd5,0xd8,0x30,0xc6,0x1c,0x94,0x94,0x62,0x8b,0x9c,0x83,0x90,0x52,0x8b,0xb9,
    0x46,0xcc,0x41,0x48,0x29,0xc6,0xa0,0x3b,0x28,0x29,0xb5,0x18,0x6c,0xf0,0x9d,0x84,
    0x94,0x5a,0x8b,0x39,0x07,0x93,0x52,0x8b,0x35,0xe7,0xde,0x83,0x48,0xa9,0xb5,0x9a,
    0x83,0xce,0x3d,0xd5,0x56,0x73,0xcf,0xbd,0xf7,0x9c,0x62,0xac,0x35,0xe7,0xde,0x73,
    0x2f,0x00,0x00,0x77,0xc1,0x01,0x00,0xec,0xc0,0x46,0x91,0xcd,0x09,0x46,0x82,0x0a,
    0x0d,0x59,0x09,0x00,0xe4,0x01,0x00,0x10,0x08,0x29,0xc5,0x98,0x73,0xce,0x19,0xa5,
    0x18,0x73,0xcc,0x39,0xe7,0x8c,0x52,0x8c,0x31,0xe6,0x9c,0x73,0x8a,0x31,0xc6,0x9c,
    0x73,0xce,0x41,0xc5,0x18,0x63,0xce,0x39,0x07,0x21,0x63,0xcc,0x39,0xe7,0x20,0x84,
    0x90,0x31,0xe6,0x9c,0x73,0x10,0x42,0xe8,0x9c,0x73,0x0e,0x42,0x08,0x21,0x74,0xce,
    0x39,0x07,0x21,0x84,0x10,0x3a,0xe7,0xa0,0x83,0x10,0x42,0x08,0x9d,0x73,0x10,0x42,
    0x08,0x21,0x84,0x02,0x00,0x80,0x0a,0x1c,0x00,0x00,0x02,0x6c,0x14,0xd9,0x9c,0x60,
    0x24,0xa8,0xd0,0x90,0x95,0x00,0x40,0x38,0x00,0x00,0x00,0x21,0x84,0x10,0x42,0x08,
    0x21,0x84,0x10,0x42,0x08,0x21,0x84,0x10,0x42,0x08,0x21,0x84,0x10,0x42,0x08,0x21,
    0x84,0x10,0x42,0x08,0x21,0x84,0x10,0x42,0x08,0x21,0x84,0x10,0x42,0x08,0x21,0x84,
    0x10,0x42,0x08,0x21,0x84,0x10,0x42,0x08,0x21,0x84,0x10,0x42,0x08,0x21,0x84,0x10,
    0x42,0x08,0x21,0x84,0x10,0x42,0x08,0x21,0x84,0x10,0x42,0x08,0x21,0x84,0x10,0x42,
    0x08,0x21,0x84,0x10,0x42,0x08,0x21,0x84,0x10,0x42,0x08,0x21,0x84,0x10,0x42,0x08,
    0x21,0x84,0x10,0x42,0x08,0x21,0x84,0x10,0x42,0x08,0x21,0x84,0x10,0x42,0x08,0x21,
    0x84,0x10,0x42,0x08,0x21,0x84,0x10,0x42,0x08,0x21,0x84,0x10,0x42,0x08,0x21,0x84,
    0x10,0x42,0xe8,0x9c,0x73,0xce,0x39,0xe7,0x9c,0x73,0xce,0x39,0xe7,0x9c,0x73,0xce,
    0x39,0xe7,0x9c,0x73,0xce,0x39,0x27,0x00,0xc8,0xb7,0xc2,0x01,0xc0,0xff,0xc1,0xc6,
    0x19,0x56,0x92,0xce,0x0a,0x47,0x83,0x0b,0x0d,0x59,0x09,0x00,0x84,0x03,0x00,0x00,
    0x0a,0x41,0x28,0xa5,0x62,0x10,0x4a,0x29,0x25,0x92,0x4e,0x3a,0x29,0x9d,0x93,0x50,
    0x4a,0x29,0x91,0x83,0x52,0x4a,0xe9,0xa4,0x94,0x52,0x4a,0x09,0xa5,0x94,0x52,0x4a,
    0x08,0xa5,0x94,0x52,0x4a,0x08,0x1d,0x94,0x52,0x42,0x29,0xa5,0x94,0x52,0x4a,0x29,
    0xa5,0x94,0x52,0x4a,0x29,0xa5,0x94,0x52,0x3a,0x29,0xa5,0x94,0x52,0x4a,0x29,0xa5,
    0x94,0xca,0x39,0x29,0xa5,0x93,0x52,0x4a,0x29,0xa5,0x44,0xce,0x49,0x29,0x21,0x94,
    0x52,0x4a,0x29,0xa5,0x84,0x52,0x4a,0x29,0xa5,0x94,0x52,0x4a,0x29,0xa5,0x94,0x52,
    0x4a,0x29,0xa5,0x94,0x52,0x4a,0x29,0xa5,0x84,0x10,0x42,0x08,0x21,0x84,0x10,0x42,
    0x08,0x21,0x84,0x10,0x42,0x08,0x21,0x84,0x10,0x42,0x08,0x21,0x84,0x10,0x42,0x08,
    0x21,0x84,0x10,0x42,0x08,0x21,0x84,0x10,0x42,0x08,0x21,0x84,0x02,0x00,0xb8,0x1b,
    0x1c,0x00,0x20,0x12,0x6c,0x9c,0x61,0x25,0xe9,0xac,0x70,0x34,0xb8,0xd0,0x90,0x95,
    0x00,0x40,0x48,0x00,0x00,0xa0,0x14,0x73,0x8e,0x4a,0x08,0x29,0x94,0x90,0x52,0xa8,
    0x98,0xa2,0x8e,0x42,0x29,0x29,0xa4,0x52,0x4a,0x0a,0x11,0x63,0xce,0x49,0xea,0x1c,
    0x85,0x50,0x52,0x28,0xa9,0x83,0xca,0x39,0x08,0xa5,0xa4,0x94,0x42,0x2a,0x21,0x75,
    0xce,0x41,0x07,0x25,0x85,0x90,0x52,0x09,0x21,0x95,0x8e,0x3a,0xe8,0x28,0x94,0x50,
    0x52,0x2a,0x25,0x94,0xd2,0x39,0x28,0xa5,0x84,0x14,0x4a,0x4a,0x29,0x95,0x90,0x42,
    0x48,0xa9,0x74,0x94,0x52,0x28,0x25,0x95,0x94,0x42,0x2a,0x21,0x95,0x52,0x4a,0x48,
    0x25,0x95,0x10,0x4a,0x0a,0x9d,0xa4,0x54,0x4a,0x0a,0xa9,0xa4,0x54,0x52,0x08,0x9d,
    0x74,0x90,0x42,0x27,0x25,0xa4,0x92,0x4a,0x0a,0xa9,0x93,0x94,0x52,0x2a,0x25,0xa5,
    0x94,0x4a,0x4a,0x25,0x74,0x52,0x42,0x2a,0x29,0xa5,0x10,0x42,0x4a,0xa9,0x94,0x10,
    0x4a,0x48,0x29,0xa5,0x4e,0x52,0x49,0xa9,0xa4,0x14,0x42,0x28,0x21,0x85,0x94,0x52,
    0x4a,0x25,0xa5,0x92,0x4a,0x4a,0x21,0x95,0x54,0x42,0x09,0xa5,0xa4,0x94,0x52,0x28,
    0xa1,0xa4,0x54,0x52,0x4a,0x29,0xa5,0x92,0x52,0x29,0x00,0x00,0xe0,0xc0,0x01,0x00,
    0x20,0xc0,0x08,0x3a,0xc9,0xa8,0xb2,0x08,0x1b,0x4d,0xb8,0xf0,0x00,0x14,0x1a,0xb2,
    0x12,0x00,0x20,0x03,0x00,0x40,0x94,0x74,0xd6,0x69,0xa7,0x49,0x22,0x08,0x31,0x45,
    0x99,0x27,0x0d,0x29,0xc6,0x20,0xb5,0xa4,0x2c,0xc3,0x10,0x53,0x92,0x89,0xf1,0x14,
    0x63,0x8c,0x39,0x28,0x46,0x43,0x0e,0x31,0xe4,0x94,0x18,0x17,0x4a,0x08,0xa1,0x83,
    0x62,0x3c,0x26,0x95,0x43,0xca,0x50,0x51,0xb9,0xb7,0xd4,0x39,0x05,0xc5,0x16,0x63,
    0x7c,0xef,0xb1,0x17,0x01,0x00,0x00,0x08,0x02,0x00,0x04,0x84,0x04,0x00,0x18,0x20,
    0x28,0x98,0x01,0x00,0x06,0x07,0x08,0x23,0x07,0x02,0x1d,0x01,0x04,0x0e,0x6d,0x00,
    0x80,0x81,0x08,0x99,0x09,0x0c,0x0a,0xa1,0xc1,0x41,0x26,0x00,0x3c,0x40,0x44,0x48,
    0x05,0x00,0x89,0x09,0x8a,0xd2,0x85,0x2e,0x08,0x21,0x82,0x74,0x11,0x64,0xf1,0xc0,
    0x85,0x13,0x37,0x9e,0xb8,0xe1,0x84,0x0e,0x6d,0x10,0x00,0x00,0x00,0x00,0x00,0x10,
    0x00,0xf0,0x01,0x00,0x90,0x50,0x00,0x11,0x11,0xd1,0xcc,0x55,0x58,0x5c,0x60,0x64,
    0x68,0x6c,0x70,0x74,0x78,0x7c,0x80,0x84,0x04,0x00,0x00,0x00,0x00,0x00,0x08,0x00,
    0x7c,0x00,0x00,0x24,0x22,0x40,0x44,0x44,0x34,0x73,0x15,0x16,0x17,0x18,0x19,0x1a,
    0x1b,0x1c,0x1d,0x1e,0x1f,0x20,0x21,0x01,0x00,0x00,0x00,0x00,0x00,0x00,0x00,0x00,
    0x40,0x40,0x40,0x00,0x00,0x00,0x00,0x00,0x20,0x00,0x00,0x00,0x40,0x40,0x4f,0x67,
    0x67,0x53,0x00,0x04,0x00,0x26,0x00,0x00,0x00,0x00,0x00,0x00,0x97,0x92,0xec,0xd1,
    0x02,0x00,0x00,0x00,0xab,0xd3,0x1d,0xc1,0x15,0x4a,0x46,0x51,0x3d,0x38,0x38,0x34,
    0x33,0x35,0x36,0x35,0x31,0x2f,0x30,0x30,0x32,0x30,0x37,0x39,0x4d,0x5a,0x74,0x29,
    0xa9,0x71,0x87,0xed,0x16,0x02,0x0d,0x87,0x1e,0xb6,0x2e,0x2d,0x26,0x9f,0xac,0x7a,
    0x50,0xba,0xb5,0x27,0x14,0xa4,0xdc,0x53,0xbb,0xca,0x8d,0x49,0xe3,0xf5,0xd5,0xfa,
    0x18,0xfe,0x20,0xef,0x63,0x38,0x07,0x07,0x1b,0x80,0xb9,0xe2,0x59,0x76,0x3b,0xb3,
    0xc1,0x00,0xf0,0x49,0xf3,0x49,0xf3,0xd7,0xfb,0xda,0xfb,0xef,0x7d,0xed,0xff,0x7b,
    0x5f,0x7b,0xff,0xfd,0xac,0xff,0x07,0x00,0x74,0xaf,0xbe,0x0d,0x7e,0xc2,0x01,0x16,
    0x82,0x44,0x41,0x0b,0xec,0xf5,0xdd,0xfb,0x4a,0x5d,0x92,0xc5,0x6a,0x34,0xc9,0xe1,
    0x2c,0x6b,0xf3,0x95,0xe3,0x07,0x3d,0xc4,0x1c,0x73,0xd9,0x27,0x63,0x5d,0xfc,0x14,
    0xd8,0x0d,0x2a,0xe3,0x86,0x94,0xc3,0xbc,0xc2,0x24,0xbd,0xf5,0x95,0x53,0x39,0x63,
    0xa4,0xa7,0xc4,0xb0,0xb3,0xce,0x0c,0x7d,0xcd,0xb7,0xfe,0xee,0x37,0x02,0x9a,0xdb,
    0x92,0x83,0x0c,0x8a,0x57,0xf3,0xa9,0x1c,0x37,0xc0,0x77,0x00,0x0b,0x8f,0x03,0x90,
    0xa9,0x24,0x00,0x46,0x18,0x16,0x74,0x3f,0x36,0xbd,0x9b,0xba,0x64,0x31,0x41,0x71,
    0x85,0xba,0x65,0x00,0x80,0x4e,0x16,0x4a,0x22,0x30,0x34,0x7d,0x88,0x9c,0x37,0x4a,
    0x1b,0x0c,0xfd,0x80,0x5b,0xed,0xf3,0x70,0x4d,0x9f,0xd7,0x37,0x16,0xbc,0x9a,0xe5,
    0x80,0x86,0x19,0xbe,0x35,0xde,0x85,0x23,0x04,0x58,0x16,0xbc,0x80,0x07,0x00,0x9e,
    0x0b,0xe3,0x8b,0x12,0x35,0x23,0x43,0xaa,0x0f,0xa6,0x79,0x03,0x1c,0x16,0x00,0x3c,
    0x5e,0x00,0x40,0xca,0x94,0x02,0x00,0xba,0x21,0xa1,0xf6,0xab,0x97,0x48,0xe0,0x7e,
    0x07,0x00,0xea,0x83,0x09,0x00,0x62,0x0f,0x00,0x00,0x00,0x70,0x4b,0x00,0x40,0x53,
    0x80,0xa8,0x4f,0xf1,0x6f,0xb7,0x4e,0x02,0x60,0x0e,0x05,0x00,0xde,0x0b,0xa3,0x6b,
    0x23,0x68,0x8e,0x85,0x54,0x26,0x7d,0x03,0x1c,0x4a,0xa0,0x03,0x1e,0x00,0x20,0x53,
    0x00,0x00,0x1c,0x89,0x2c,0xdc,0x84,0x02,0x00,0x31,0x05,0x00,0x76,0xac,0x00,0xe0,
    0x97,0x00,0x80,0x12,0x00,0xe0,0xbb,0x00,0xe0,0xb8,0x01,0xa2,0x8c,0x60,0x67,0x7d,
    0x66,0x02,0x60,0x0c,0xde,0x0b,0xc3,0x1b,0x23,0x6a,0x8e,0xc5,0xa8,0x5c,0x7c,0x03,
    0xfc,0x85,0x00,0xe0,0xf0,0x00,0x40,0x18,0x14,0x00,0x00,0x03,0xd1,0x0c,0x2f,0x41,
    0x02,0x57,0xa7,0x00,0xe0,0x47,0x07,0x80,0xfa,0x04,0x00,0x94,0x00,0x00,0x3b,0x11,
    0x00,0x2a,0x15,0x80,0x0d,0x40,0x89,0xde,0x66,0x02,0xe0,0x0b,0x9e,0x0b,0xa3,0x7b,
    0x19,0x00,0x19,0xe3,0x58,0xdd,0x00,0xff,0x00,0x0b,0x82,0x63,0x80,0x4c,0x01,0x00,
    0x00,0xc8,0xa3,0x6b,0x00,0x18,0x76,0x29,0x00,0x7e,0x87,0x3d,0x00,0xf8,0x1b,0x00,
    0x50,0x02,0x80,0x91,0x00,0xce,0x8f,0x03,0x2a,0xe3,0x55,0xc5,0x4c,0x00,0x2c,0x00,
    0xde,0xeb,0x42,0x1b,0x23,0x06,0x89,0x45,0x77,0x99,0xf8,0x06,0xf8,0x4e,0x02,0xf0,
    0x98,0x9c,0x02,0x00,0x00,0x98,0xa3,0x3d,0x0f,0x00,0xf3,0x64,0x00,0xa8,0x8f,0x16,
    0x00,0xec,0x5f,0x00,0x36,0x00,0x3f,0x12,0xb8,0xbc,0x31,0xcd,0x1c,0x17,0x61,0x26,
    0x00,0x16,0x00,0x5e,0xfb,0x82,0xa3,0x52,0x83,0xec,0x2b,0xca,0xe5,0x39,0x50,0x37,
    0xc0,0x61,0x01,0xc0,0xe3,0x08,0x80,0xfb,0x00,0x00,0x00,0xe9,0x97,0x29,0x01,0x38,
    0x8e,0x01,0x40,0x5d,0x56,0x00,0x60,0x3d,0x00,0x50,0x06,0x00,0x7e,0x03,0x76,0x54,
    0x30,0xc3,0xc3,0x4c,0x00,0xec,0x04,0x3f,0x5e,0xeb,0x42,0x47,0xad,0x06,0xa5,0xaf,
    0x48,0x95,0xa7,0xaa,0x1b,0xe0,0xd4,0x09,0x74,0xc0,0x91,0x00,0x0f,0x00,0x00,0x00,
    0x3a,0xeb,0x43,0x01,0x00,0xdd,0x02,0x00,0x21,0x2b,0x00,0xd0,0x05,0x00,0x94,0x01,
    0x80,0xef,0x00,0xee,0x35,0x28,0xb8,0x62,0x26,0x00,0x86,0x42,0x02,0x00,0x5e,0xcb,
    0x22,0x47,0x2d,0x44,0xad,0xaf,0xe8,0x2e,0x4f,0x55,0x37,0xc0,0x5f,0x00,0xc0,0x61,
    0x72,0x51,0x00,0x00,0x60,0xcd,0xe0,0x77,0x00,0x70,0x75,0x08,0x00,0x7e,0x1f,0x01,
    0xb0,0xef,0x01,0xd8,0x02,0xa0,0x3a,0x81,0xa8,0x00,0xe0,0x8b,0x99,0x00,0x28,0x38,
    0x09,0x58,0x00,0xfe,0xba,0x42,0x27,0x25,0x44,0xad,0x8e,0xd8,0x22,0xa7,0xf1,0xdf,
    0x00,0xff,0x00,0x0b,0x30,0x44,0x01,0x00,0x00,0x32,0xd2,0xfe,0x02,0x80,0x61,0x97,
    0x02,0xc0,0x2d,0x0b,0x00,0xfa,0x3f,0x80,0x12,0xf8,0x5a,0xe0,0xbd,0x0a,0x1a,0x16,
    0x4e,0x00,0x16,0x0e,0xfe,0xaa,0x62,0x27,0xa5,0x57,0xad,0xb6,0x48,0x57,0xd0,0xf8,
    0xf7,0x00,0xbe,0x93,0xc0,0xe4,0x00,0x00,0x00,0x40,0xd9,0x1e,0x06,0x80,0xfb,0x75,
    0x60,0xff,0x57,0x02,0xf6,0x4f,0x80,0x2d,0x01,0xfe,0x5e,0x60,0xa8,0x08,0x1a,0x3a,
    0xde,0x03,0x00,0x9e,0x9a,0xc2,0x97,0x5a,0xad,0x56,0x1c,0x31,0x8a,0xc6,0x7d,0x03,
    0x1c,0x16,0x00,0x3c,0x26,0xa7,0x00,0x00,0x00,0xf8,0x9f,0x22,0x09,0xc0,0x9c,0x00,
    0x00,0xb5,0xd5,0x00,0xc0,0x63,0x80,0x02,0xe0,0x39,0x81,0xfb,0x55,0xb0,0x00,0xef,
    0x00,0x1d,0x00,0x9e,0x8a,0x42,0x57,0xad,0x06,0xad,0x8e,0x48,0x95,0xb2,0x7f,0x03,
    0x9c,0x3a,0x01,0x80,0x03,0xc0,0x01,0x00,0x00,0x90,0x9d,0xba,0x9d,0x02,0x00,0xba,
    0x00,0x00,0xc3,0x0a,0x00,0xa4,0x02,0x00,0xb4,0x01,0x60,0x1c,0xb0,0xd5,0xa0,0xe0,
    0xe0,0x1d,0x00,0x9e,0x6a,0x22,0xb7,0x5a,0x0c,0x5a,0x2d,0xd1,0x5d,0xc6,0xd6,0x0d,
    0xf0,0x67,0x00,0x1c,0x0e,0x00,0x07,0x00,0x00,0x00,0xcd,0xbf,0xc7,0x00,0xd0,0xcf,
    0x00,0xe0,0xdf,0x26,0x00,0x90,0x02,0x00,0x60,0x01,0xc0,0x18,0xa0,0x47,0x0b,0x18,
    0x14,0x0f,0xef,0x11,0x00,0x1e,0x4a,0x82,0x7b,0x25,0x56,0xae,0x33,0xc6,0xd3,0x1a,
    0xfb,0x06,0xf8,0x07,0x00,0xc8,0x9c,0xa0,0x00,0x00,0x80,0x5c,0x71,0x1f,0x00,0xdc,
    0x5e,0x01,0xe0,0xa3,0x05,0x80,0x59,0x75,0x0c,0xc5,0x67,0xbc,0x67,0xc7,0x18,0xf0,
    0x1e,0x01,0x07,0xd0,0x00,0x3e,0x1a,0x62,0xf7,0xc6,0x54,0xb9,0xf2,0x98,0x4c,0x5b,
    0xef,0x01,0x9c,0x48,0x60,0x01,0xc8,0x12,0x05,0x00,0x80,0xd8,0xe2,0x02,0x00,0x00,
    0xb3,0x00,0x00,0xa9,0xc0,0x56,0x01,0xfe,0x37,0x1a,0xb0,0x2f,0x80,0x02,0x50,0x19,
    0x35,0xde,0x23,0x00,0x0e,0x50,0x24,0xc0,0x3a,0x28,0xd0,0x01,0x7e,0xf9,0xa1,0x4f,
    0xad,0x2b,0x49,0x46,0x25,0x96,0x37,0x40,0x63,0x00,0xf0,0x18,0x21,0x09,0x00,0x00,
    0x5a,0x0a,0xd2,0x00,0xa8,0x10,0x00,0xd4,0x5b,0x06,0x80,0x1f,0x80,0x2e,0x80,0xd5,
    0xc8,0x4f,0x8a,0xd1,0x01,0x27,0x81,0xd5,0x29,0x58,0xf8,0xee,0x61,0xd1,0xe8,0x94,
    0x07,0x66,0x1a,0xa0,0x01,0x3e,0x39,0x82,0x23,0x8f,0xca,0x48,0x42,0x09,0x7b,0x00,
    0xa7,0x01,0x53,0x4e,0x92,0x80,0x8c,0xa0,0xb0,0xf8,0x28,0x02,0xc0,0x09,0xe0,0xa4,
    0x0c,0xb8,0x0e,0xe8,0x02,0x20,0x03,0x98,0xa3,0x05,0xfc,0x0a,0xd4,0x4f,0x59,0x2a,
    0x8f,0xfb,0x94,0x15,0x5a,0xf0,0xb2,0x80,0x1c,0xa9,0xf7,0x98,0x23,0xf7,0xea,0x82,
    0x2e,0x59,0xfc,0x55,0xd4,0x4f,0x2c,0xf1,0xf4,0xa7,0x4b,0x21,0x69,0x27,0x96,0x4e,
    0xb7,0x0e,0xde,0x97,0xe2,0x23,0xc0,0x0d,0x80,0x1d,0xec,0x6c,0x8d,0xb0,0x6d,0x27,
    0x49,0x90,0xb3,0xc4,0x5b,0xeb,0x78,0xd8,0x3f,0xac,0x40,0x4e,0x04,0xff,0xec,0xc2,
    0x89,0xf0,0x7c,0x01,0x50,0xf8,0x85,0xe4,0x9b,0x92,0xdb,0x37,0xc9,0xcf,0x92,0x5a,
    0xda,0x04,0x5f,0x91,0x6f,0x4a,0x2d,0x6d,0xe2,0x97,0x22,0xdf,0x94,0xa8,0x9d,0xfc,
    0xa9,0xbc,0x58,0x06,0x9f,0xec,0x66,0xe2,0x68,0xf2,0x59,0x1c,0x5d,0x79,0x96,0x46,
    0x57,0xc4,0xd2,0x24,0x45,0x1c,0x5d,0xb2,0xb4,0xa3,0xf3,0x00,
};

static const SampleEntry SAMPLE_TABLE[16] = {
    { "harp", s_harp, 4453 },
    { "bass", s_bass, 4279 },
    { "bd", s_bd, 3749 },
    { "snare", s_snare, 3817 },
    { "hat", s_hat, 3739 },
    { "guitar", s_guitar, 4815 },
    { "flute", s_flute, 4332 },
    { "bell", s_bell, 4175 },
    { "chime", s_chime, 4690 },
    { "xylophone", s_xylophone, 3837 },
    { "iron_xylophone", s_iron_xylophone, 4022 },
    { "cow_bell", s_cow_bell, 3875 },
    { "didgeridoo", s_didgeridoo, 4467 },
    { "bit", s_bit, 4141 },
    { "banjo", s_banjo, 4260 },
    { "pling", s_pling, 4684 },
};
